"Subject code","Variable","Variable name","Variable description","Variable type","Required","Repeatable","REF: Values","Text: Regex","Text: MaxLength","Num: MinValue","Num: MaxValue","Num: MinDecimals","Num: MaxDecimals","Date: AllowFutureValues","Date: MinValue","Date: MaxValue","Date: AllowedFormats","Date: DateOrder","Location: IsUserCountry","Location: AllowedLocationTypes","ValidFrom","ValidTo","UIPage","UIPosition"
"AMCAGGR","HealthTopic","Health topic","The code of the health topic that is being reported.","REF","No","No","AMC = Antimicrobial consumption
",,,,,,,,,,,,,,1970-01-01,,,
"AMCAGGR","ReportingCountry","Reporting country","The country reporting the record.","LOCATION","Yes","No","consult the location values in Location sheet",,,,,,,,,,,,"Yes","Country",1970-01-01,,,
"AMCAGGR","SubjectCode","Subject code","SubjectCode is a reporting model for a disease/health topic - identifies the reporting structure and format of a record (case based or aggregate reporting).","REF","Yes","No","AMCAGGR = Antimicrobial consumption aggregated
",,,,,,,,,,,,,,1970-01-01,,,
"AMCAGGR","DataSource","Data source","The data source (surveillance system) that the record originates from. The DataSource value must be a special reference value from EpiPulse Cases metadata.","DATASOURCE","Yes","No","consult the data source values in DataSource sheet",,,,,,,,,,,,,,1970-01-01,,1,1
"AMCAGGR","DateUsedForStatistics","Date used for statistics","The reference date used for standard reports that is compared to the reporting period. The date used for statistics can be any date that the reporting country finds applicable, e.g. date of notification, date of diagnosis or any other date.","DATE","Yes","No",,,,,,,,"No",,,"yyyy,yyyy-Qq",,,,1970-01-01,,1,2
"AMCAGGR","HealthcareSector","Healthcare sector","Healthcare sector level for which consumption data are reported, i.e. community (primary care), hospital sector, or both healthcare sectors combined (total care).","REF","Yes","No","COM = Community care
HOSP = Hospital care
TOTAL = Total care
",,,,,,,,,,,,,,1970-01-01,,1,3
"AMCAGGR","ATCCode","ATC-5 code","ATC code of the substance (ATC 5th level).","REF","Yes","No","consult the reference values for 
SubjectCode = AMCAGGR and Variable = ATCCode",,,,,,,,,,,,,,1970-01-01,,1,4
"AMCAGGR","CombinedProduct","Combined product","Identifier for products with a specific combinations of substances in order to allocate DDD for combined products.","REF","No","No","consult the reference values for 
SubjectCode = AMCAGGR and Variable = CombinedProduct",,,,,,,,,,,,,,1970-01-01,,1,5
"AMCAGGR","AntimicrobialRoute","Antimicrobial route","The route of administration of the substance.","REF","Yes","No","ALL = All (only for hist. data)
I = Inhalation
M = Implant
O = Oral
OTH = Other (only for hist. data)
P = Parenteral
R = Rectal
",,,,,,,,,,,,,,1970-01-01,,1,6
"AMCAGGR","InhalationForm","Inhalation form","The galenic form of the drug for inhalation, i.e. inhalation powder or inhalation solution.","REF","No","No","IP = Inhalation powder
IS = Inhalation solution
",,,,,,,,,,,,,,1970-01-01,,1,7
"AMCAGGR","Salt","Salt","Salt associated with substance. Only used (required) for methenamine and erythromycin. For methenamine, the associated salt (hippurate or mandelate) should be specified. For erythromycin, if the associated salt is ethylsuccinate and the galenic form is tablet, then ethylsuccinate must be specified. In all other cases (any other form than tablet even if ethylsuccinate) ,the variable ""Salt"" should be left empty.","REF","No","No","ESUC = Ethylsuccinate
HIPP = Hippurate
MAND = Mandelate
",,,,,,,,,,,,,,1970-01-01,,1,8
"AMCAGGR","Formulation","Formulation","To differentiate formulation-specific DDDs. Note that lipid formulations (e.g. liposomal, lipid complex) of amphotericin B have been assigned a separate, higher DDD from the conventional formulations due to a considerably higher dosage.","REF","No","No","CON = Conventional
LIP = Liposomal
",,,,,,,,,,,,,,1970-01-01,,1,9
"AMCAGGR","SyrupForm","Syrup form","Is the product a syrup?","BOOL","No","No",,,,,,,,,,,,,,,1970-01-01,,1,10
"AMCAGGR","NumberOfDDD","Number of DDDs","Number of DDDs used for the reported substance, healthcare sector and period.","NUM","Yes","No",,,,0,999999999,,3,,,,,,,,1970-01-01,,1,11
"AMCDENOM","HealthTopic","Health topic","The code of the health topic that is being reported.","REF","No","No","AMC = Antimicrobial consumption
",,,,,,,,,,,,,,1970-01-01,,,
"AMCDENOM","ReportingCountry","Reporting country","The country reporting the record.","LOCATION","Yes","No","consult the location values in Location sheet",,,,,,,,,,,,"Yes","Country",1970-01-01,,,
"AMCDENOM","SubjectCode","Subject code","SubjectCode is a reporting model for a disease/health topic - identifies the reporting structure and format of a record (case based or aggregate reporting).","REF","Yes","No","AMCDENOM = Antimicrobial consumption - denominator
",,,,,,,,,,,,,,1970-01-01,,,
"AMCDENOM","DataSource","Data source","The data source (surveillance system) that the record originates from.","DATASOURCE","Yes","No","consult the data source values in DataSource sheet",,,,,,,,,,,,,,1970-01-01,,1,1
"AMCDENOM","DateUsedForStatistics","Date used for statistics","The reference date used for standard reports that is compared to the reporting period. The date used for statistics can be any date that the reporting country finds applicable, e.g. date of notification, date of diagnosis or any other date.","DATE","Yes","No",,,,,,,,"No",,,"yyyy",,,,1970-01-01,,1,2
"AMCDENOM","HealthcareSector","Healthcare sector","Healthcare sector level for which consumption data are reported, i.e. community (primary care), hospital sector, or both healthcare sectors combined (total care).","REF","Yes","No","COM = Community care
HOSP = Hospital care
TOTAL = Total care
",,,,,,,,,,,,,,1970-01-01,,1,3
"AMCDENOM","DataProvider","Data provider for population data","Which authority/organisation/network was the provider of population data for the reported healthcare sector?","REF","Yes","No","CP = Community Pharmacies
HI = Health Insurance Company
HN = Hospital network
MA = Medicines Agency
MoH = Ministry of Health
MR = Market Research Company
NS = National Statistics Agency
OTH = Other
",,,,,,,,,,,,,,1970-01-01,,1,4
"AMCDENOM","InsuredPopulation","Insured population","Is the type of population data based on the insured population?","BOOL","No","No",,,,,,,,,,,,,,,1970-01-01,,1,5
"AMCDENOM","Population","Population","Population at place of notification.","NUM","Yes","No",,,,1,999999999,,0,,,,,,,,1970-01-01,,1,6
"AMCDS","HealthTopic","Health topic","The code of the health topic that is being reported.","REF","No","No","AMC = Antimicrobial consumption
",,,,,,,,,,,,,,1970-01-01,,,
"AMCDS","ReportingCountry","Reporting country","The country reporting the record.","LOCATION","Yes","No","consult the location values in Location sheet",,,,,,,,,,,,"Yes","Country",1970-01-01,,,
"AMCDS","SubjectCode","Subject code","SubjectCode is a reporting model for a disease/health topic - identifies the reporting structure and format of a record (case based or aggregate reporting).","REF","Yes","No","AMCDS = Antimicrobial consumption - data source
",,,,,,,,,,,,,,1970-01-01,,,
"AMCDS","DataSource","Data source","The data source (surveillance system) that the record originates from. The DataSource value must be a special reference value from EpiPulse Cases metadata.","DATASOURCE","Yes","No","consult the data source values in DataSource sheet",,,,,,,,,,,,,,1970-01-01,,1,1
"AMCDS","DateUsedForStatistics","Date used for statistics","The reference date used for standard reports that is compared to the reporting period. The date used for statistics can be any date that the reporting country finds applicable, e.g. date of notification, date of diagnosis or any other date.","DATE","Yes","No",,,,,,,,"No",,,"yyyy",,,,1970-01-01,,1,2
"AMCDS","HealthcareSector","Healthcare sector","Healthcare sector level for which consumption data are reported, i.e. community (primary care), hospital sector, or both healthcare sectors combined (total care).","REF","Yes","No","COM = Community care
HOSP = Hospital care
TOTAL = Total care
",,,,,,,,,,,,,,1970-01-01,,1,3
"AMCDS","DataProvider","Data provider for consumption data","Which authority/organisation/network was the provider of population data for the reported healthcare sector?","REF","Yes","No","CP = Community Pharmacies
HI = Health Insurance Company
HN = Hospital network
MA = Medicines Agency
MoH = Ministry of Health
MR = Market Research Company
NS = National Statistics Agency
OTH = Other
",,,,,,,,,,,,,,1970-01-01,,1,4
"AMCDS","OriginOfData","Origin of consumption data","What is the origin of consumption data for the reported healthcare sector? In case ""BOTH"" is selected, please provide information on how the consumption data reported to EpiPulse Cases are based on sales and reimbursements in the ""CommentsECDC"" variable.","REF","Yes","No","BOTH = Both (reimbursements and sales)
R = Reimbursements
S = Sales
",,,,,,,,,,,,,,1970-01-01,,1,5
"AMCDS","UseEurostatPopulation","Use Eurostat population","Should EpiPulse Cases use Eurostat as source of population data? If no, national population data must be provided by the country.","BOOL","Yes","No",,,,,,,,,,,,,,,1970-01-01,,1,6
"AMCDS","ProportionPopulationCovered","Proportion of population covered","What is the percentage of coverage of population under surveillance for the reported healthcare sector compared to the whole population in the country?","NUM","Yes","No",,,,0,100,,2,,,,,,,,1970-01-01,,1,7
"AMCDS","ExtrapolatedCoverage","Extrapolated coverage","Were the data extrapolated to obtain 100% coverage of the reported healthcare sector in the country?","BOOL","Yes","No",,,,,,,,,,,,,,,1970-01-01,,1,8
"AMCDS","J01Inclusion","J01 inclusion","Is consumption of substances in ATC groups J01 + A07AA + P01AB (i.e., antibacterials for systemic use + intestinal antiinfectives/antibiotics + nitroimidazole derivatives) included in the consumption data for the reported healthcare sector?","BOOL","Yes","No",,,,,,,,,,,,,,,1970-01-01,,1,9
"AMCDS","J02Inclusion","J02 inclusion","Is consumption of substances in ATC groups J02 + D01BA (i.e., antimycotics for systemic use + antifungals for systemic use) included in the consumption data for the reported healthcare sector?","BOOL","Yes","No",,,,,,,,,,,,,,,1970-01-01,,1,10
"AMCDS","J04Inclusion","J04 inclusion","Is consumption of substances in ATC group J04A (drugs for the treatment of tuberculosis) included in the consumption data for the reported healthcare sector?","BOOL","Yes","No",,,,,,,,,,,,,,,1970-01-01,,1,11
"AMCDS","J05Inclusion","J05 inclusion","Is consumption of substances in ATC group J05 (antivirals for systemic use) included in the consumption data for the reported healthcare sector?","BOOL","Yes","No",,,,,,,,,,,,,,,1970-01-01,,1,12
"AMCDS","IncludesPSYHOSP","Includes psychiatric hospitals data","Is data from psychiatric hospitals included for the reported healthcare sector?","BOOL","No","No",,,,,,,,,,,,,,,1970-01-01,,1,13
"AMCDS","IncludesHALT","Includes HALT data","Is data from nursing homes and other long-term care facilities for the elderly included for the reported healthcare sector?","BOOL","Yes","No",,,,,,,,,,,,,,,1970-01-01,,1,14
"AMCDS","IncludesDayCare","Includes day care data","Is data from day care centres (for young children) included for the reported healthcare sector?","BOOL","No","No",,,,,,,,,,,,,,,1970-01-01,,1,15
"AMCDS","CommentsECDC","Comments for ECDC","General comments for ECDC. Any information that is important or useful when analysing the data. These comments will not be published.","TEXT","No","No",,,4000,,,,,,,,,,,,1970-01-01,,1,16
"AMCDS","CommentsPublic","Comments for public","General comments for public display. Any remark that should be included when presenting data.","TEXT","No","No",,,4000,,,,,,,,,,,,1970-01-01,,1,17
"AMCLIST","HealthTopic","Health topic","The code of the health topic that is being reported.","REF","No","No","AMC = Antimicrobial consumption
",,,,,,,,,,,,,,1970-01-01,,,
"AMCLIST","ReportingCountry","Reporting country","The country reporting the record.","LOCATION","Yes","No","consult the location values in Location sheet",,,,,,,,,,,,"Yes","Country",1970-01-01,,,
"AMCLIST","Status","Status","The Status value is used to provide the functionality for a record within EpiPulse Cases database. Default value: NEW/UPDATE. If set to DELETE, the record with the specified NationalRecordId is deleted (invalidated) from EpiPulse Cases database, if it exists. If set to NEW/UPDATE, the record is inserted into the database: If the same NationalRecordId already exists for the same data source and subject code, then the current submitted record updates (replace) the existing one.","REF","No","No","DELETE = Delete a previously reported record.
NEW/UPDATE = Update a previously reported record (default).
",,,,,,,,,,,,,,1970-01-01,,,
"AMCLIST","SubjectCode","Subject code","SubjectCode is a reporting model for a disease/health topic - identifies the reporting structure and format of a record (case based or aggregate reporting).","REF","Yes","No","AMCLIST = Antimicrobial consumption product list
",,,,,,,,,,,,,,1970-01-01,,,
"AMCLIST","NationalRecordId","National record identifier","Unique identifier for each record within and across the national surveillance system – MS selected and generated. NationalRecordId represents the unique identifier for each record of the variable ParentNationalRecordId within the ""AMC$PACKAGES"" reporting.","TEXT","Yes","No",,,80,,,,,,,,,,,,1970-01-01,,1,1
"AMCLIST","DataSource","Data source","The data source (surveillance system) that the record originates from. The DataSource value must be a special reference value from EpiPulse Cases metadata.","DATASOURCE","Yes","No","consult the data source values in DataSource sheet",,,,,,,,,,,,,,1970-01-01,,1,2
"AMCLIST","DateUsedForStatistics","Date used for statistics","The reference date used for standard reports that is compared to the reporting period. The date used for statistics can be any date that the reporting country finds applicable, e.g. date of notification, date of diagnosis or any other date.","DATE","Yes","No",,,,,,,,"No",,,"yyyy",,,,1970-01-01,,1,3
"AMCLIST","MedicinalProductCode","Medicinal product code (identifier)","Product identifier (previously Medicinal Product Package Code Value - MPPCV). Must be a unique identifier of the medicinal product package (MPP). Because it is a key value, it must not change over time. Product identifiers that are no longer available on the market or that are no longer registered still can be identified in the EpiPulse Cases database for historical purposes.","TEXT","Yes","No",,,400,,,,,,,,,,,,1970-01-01,,2,1
"AMCLIST","MedicinalProductName","Medicinal product name (label)","The product label or medicinal product package label (e.g. Sovaldi tablets 28 x 400 mg).","TEXT","Yes","No",,,1000,,,,,,,,,,,,1970-01-01,,2,2
"AMCLIST","ATCCode","ATC-5 code","ATC code of the substance (ATC 5th level).","REF","Yes","No","consult the reference values for 
SubjectCode = AMCLIST and Variable = ATCCode",,,,,,,,,,,,,,1970-01-01,,2,3
"AMCLIST","CombinedProduct","Combined product","Identifier for products with a specific combinations of substances in order to allocate DDD for combined products.","REF","No","No","consult the reference values for 
SubjectCode = AMCLIST and Variable = CombinedProduct",,,,,,,,,,,,,,1970-01-01,,2,4
"AMCLIST","AntimicrobialRoute","Antimicrobial route","The route of administration of the substance.","REF","Yes","No","ALL = All (only for hist. data)
I = Inhalation
M = Implant
O = Oral
OTH = Other (only for hist. data)
P = Parenteral
R = Rectal
",,,,,,,,,,,,,,1970-01-01,,2,5
"AMCLIST","InhalationForm","Inhalation form","The galenic form of the drug for inhalation, i.e. inhalation powder or inhalation solution.","REF","No","No","IP = Inhalation powder
IS = Inhalation solution
",,,,,,,,,,,,,,1970-01-01,,2,6
"AMCLIST","PackageSize","Package size","The number of pieces in the package (e.g. number of tablets, vials, bottles) in the package. Do not provide the unit (e.g. not 60 tablets, it should be reported only as number: 60). Note that vials and bottles are quantified in number of items and not quantified by their volume.","NUM","Yes","No",,,,1,999999999,,0,,,,,,,,1970-01-01,,2,7
"AMCLIST","Strength","Strength","The strength of the active substance of each individual item (e.g. tablet, bottle, vial) as defined in PackageSize. For multi-ingredient medicinal products, this field must contain the ingredient strength in which the DDD is expressed (e.g., amoxicillin/clavulanic acid combinations: strength expresses the strength of amoxicillin since DDD = 1000 mg amoxicillin). For combined products where the DDD is expressed in Unit Dose (UD), the strength should be reported in the number of UD with the exeption of J01CE1 that is expressed in grams.","NUM","Yes","No",,,,0,999999999,,3,,,,,,,,1970-01-01,,2,8
"AMCLIST","StrengthUnit","Strength unit","Unit of the strength reported. For the combined products where the DDD is expressed in Unit Dose (UD), then the strength should be given in the number of UD with the exeption of J01CE1 that is expressed in grams.","REF","Yes","No","G = Gram
IU = International unit
MG = Milligram
MU = Million units
UD = Unit dose
",,,,,,,,,,,,,,1970-01-01,,2,9
"AMCLIST","Salt","Salt","Salt associated with substance. Only used (required) for methenamine and erythromycin. For methenamine, the associated salt (hippurate or mandelate) should be specified. For erythromycin, if the associated salt is ethylsuccinate and the galenic form is tablet, then ethylsuccinate must be specified. In all other cases (any other form than tablet even if ethylsuccinate) ,the variable ""Salt"" should be left empty.","REF","No","No","ESUC = Ethylsuccinate
HIPP = Hippurate
MAND = Mandelate
",,,,,,,,,,,,,,1970-01-01,,2,10
"AMCLIST","Formulation","Formulation","To differentiate formulation-specific DDDs. Note that lipid formulations (e.g. liposomal, lipid complex) of amphotericin B have been assigned a separate, higher DDD from the conventional formulations due to a considerably higher dosage.","REF","No","No","CON = Conventional
LIP = Liposomal
",,,,,,,,,,,,,,1970-01-01,,2,11
"AMCLIST","SyrupForm","Syrup form","Is the product a syrup?","BOOL","No","No",,,,,,,,,,,,,,,1970-01-01,,2,12
"AMCLIST$PACKAGES","SubjectCode","Subject code","SubjectCode is a reporting model for a disease/health topic - identifies the reporting structure and format of a record (case based or aggregate reporting).","REF","Yes","No","AMCLIST$PACKAGES = Antimicrobial consumption product list - packages
",,,,,,,,,,,,,,1970-01-01,,,
"AMCLIST$PACKAGES","NationalRecordId","National record identifier","Unique identifier for each record within and across the specified surveillance system (data source) – selected and generated by the country reporting the record.","TEXT","Yes","No",,,80,,,,,,,,,,,,1970-01-01,,1,1
"AMCLIST$PACKAGES","ParentNationalRecordId","Parent national record identifier","The corresponding parent identifier for each record (should exists in the upper level, i.e. NationalRecordId in AMCLIST). A record with no corresponding parent identifier will be ignored and it will not be added to EpiPulse Cases database.","TEXT","Yes","No",,,80,,,,,,,,,,,,1970-01-01,,1,2
"AMCLIST$PACKAGES","HealthcareSector","Healthcare sector","Healthcare sector level for which consumption data are reported, i.e. community (primary care), hospital sector, or both healthcare sectors combined (total care).","REF","Yes","No","COM = Community care
HOSP = Hospital care
TOTAL = Total care
",,,,,,,,,,,,,,1970-01-01,,1,3
"AMCLIST$PACKAGES","ReportQuarter","Report quarter","Report quarter. Use only when reporting quarterly data. Leave empty for annual data.","NUM","No","No",,,,1,4,,0,,,,,,,,1970-01-01,,1,4
"AMCLIST$PACKAGES","NumberOfPackages","Number of packages","Number of packages used for the reported healthcare sector and period.","NUM","Yes","No",,,,0,999999999,,3,,,,,,,,1970-01-01,,1,5
"AMRCOVER","HealthTopic","Health topic","The code of the health topic that is being reported.","REF","No","No","AMR = Antimicrobial resistance
",,,,,,,,,,,,,,1970-01-01,,,
"AMRCOVER","ReportingCountry","Reporting country","The country reporting the record.","LOCATION","Yes","No","consult the location values in Location sheet",,,,,,,,,,,,"Yes","Country",1970-01-01,,,
"AMRCOVER","SubjectCode","Subject code","SubjectCode is a reporting model for a disease/health topic - identifies the reporting structure and format of a record (case based or aggregate reporting).","REF","Yes","No","AMRCOVER = Antimicrobial resistance coverage
",,,,,,,,,,,,,,1970-01-01,,,
"AMRCOVER","DataSource","Data source","The data source (surveillance system) that the record originates from. The DataSource value must be a special reference value from EpiPulse Cases metadata.","DATASOURCE","Yes","No","consult the data source values in DataSource sheet",,,,,,,,,,,,,,1970-01-01,,1,1
"AMRCOVER","DateUsedForStatistics","Date used for statistics","The reference date used for standard reports that is compared to the reporting period. The date used for statistics can be any date that the reporting country finds applicable, e.g. date of notification, date of diagnosis or any other date.","DATE","Yes","No",,,,,,,,"No",,,"yyyy",,,,1970-01-01,,1,2
"AMRCOVER","Pathogen","Pathogen","Species and genus of the pathogen. The code ""PATAMR"" refers to all microorganism species reported in EARS-Net. The other eight codes are specific for microorganism species under surveillance.","REF","Yes","No","ACISPP = Acinetobacter species, not specified
ENCFAE = Enterococcus faecalis
ENCFAI = Enterococcus faecium
ESCCOL = Escherichia coli
KLEPNE = Klebsiella pneumoniae
PATAMR = Generic code representing all EARS-Net pathogens
PSEAER = Pseudomonas aeruginosa
STAAUR = Staphylococcus aureus
STRPNE = Streptococcus pneumoniae
",,,,,,,,,,,,,,1970-01-01,,2,1
"AMRCOVER","IsAllPathogensCoverage","Estimated coverages and representativeness are the same for all microorganism species","If coverages and representativeness are the same for all microorganism species, one AMRCOVER record per DataSource and year is expected (the code ""PATAMR"" should be used for the variable ""Pathogen""). If coverages and representativeness differ by species, eight AMRCOVER records per DataSource and year are expected (all codes other than ""PATAMR"" should be used for the variable ""Pathogen""). 1 (TRUE) = estimated coverages and representativeness are the same for all microorganism species. 0 (FALSE) = estimated coverages and representativeness are not the same for all microorganism species.","BOOL","Yes","No",,,,,,,,,,,,,,,1970-01-01,,2,2
"AMRCOVER","ProportionPopulationCovered","Estimated proportion of the national population covered by the laboratories","Best available estimate for the proportion of the national population covered by the laboratories reporting to EARS-Net in the specific year. Use '.' as decimal delimiter, e.g. 0.32.","NUM","Yes","No",,,,0,1,,2,,,,,,,,1970-01-01,,2,3
"AMRCOVER","PopGeoRepr","Population sample geographical representativeness","Population sample geographical representativeness. HIGH = all main geographical regions of the country are covered. MEDIUM = most geographical regions of the country are covered. LOW = only a few geographical areas of the country are covered.","REF","Yes","No","HIGH = Representative
LOW = Insufficiently representative
MEDIUM = Partly representative
",,,,,,,,,,,,,,1970-01-01,,2,4
"AMRCOVER","NumberOfCoveredBeds","Number of hospital beds","Number of beds of hospitals served by laboratories reporting to EARS-Net.","NUM","No","No",,,,0,999999999,,0,,,,,,,,1970-01-01,,2,5
"AMRCOVER","NumberOfCoveredPatientDays","Number of hospital patient-days","Number of patient-days of hospitals served by laboratories reporting to EARS-Net.","NUM","No","No",,,,0,999999999,,0,,,,,,,,1970-01-01,,2,6
"AMRCOVER","HospitalRepr","Hospital sample representativeness","Hospital sample representativeness. HIGH = the hospital sample is representative of the acute care hospital distribution in the country. MEDIUM = the hospital sample is partly representative of the acute care hospital distribution in the country. LOW = the hospital sample is insufficiently representative of the acute care hospital distribution in the country.","REF","Yes","No","HIGH = Representative
LOW = Insufficiently representative
MEDIUM = Partly representative
",,,,,,,,,,,,,,1970-01-01,,2,7
"AMRCOVER","NumberOfBloodCultureSets","Number of blood culture sets taken in hospitals","Total number of blood culture sets taken in hospitals served by laboratories reporting to EARS-Net and sent to these laboratories. The provided data should be suitable for calculating the blood culture rate in the specific year: number of sets refers to the hospital sample for which the aggregated denominator (""NumberOfBloodCultureSetsPatientDays"") is provided.","NUM","No","No",,,,0,999999999,,0,,,,,,,,1970-01-01,,2,8
"AMRCOVER","NumberOfBloodCultureSetsPatientDays","Number of hospital patient-days for calculation of blood culture rate","Total number of patient-days of hospitals served by laboratories which provided the number of blood culture sets taken. This number can be equal to ""NumberOfCoveredPatientDays"" or lower if only part of the laboratories provided the number of blood culture sets taken in hospitals served by laboratories reporting to EARS-Net, and sent to these laboratories.","NUM","No","No",,,,0,999999999,,0,,,,,,,,1970-01-01,,2,9
"AMRCOVER","IsolateMicroRepr","Isolate representativeness","Isolate sample invasive infection causing microorganism representativeness. HIGH = the isolate sample is representative of microorganisms causing invasive infections in the included hospitals. MEDIUM = the isolate sample is partly representative of microorganisms causing invasive infections in the included hospitals. LOW = the isolate sample is insufficiently representative of microorganisms causing invasive infections in the included hospitals.","REF","Yes","No","HIGH = Representative
LOW = Insufficiently representative
MEDIUM = Partly representative
",,,,,,,,,,,,,,1970-01-01,,2,10
"AMRISO","HealthTopic","Health topic","The code of the health topic that is being reported.","REF","No","No","AMRISO = Antimicrobial-resistant isolate
",,,,,,,,,,,,,,1970-01-01,,,
"AMRISO","ReportingCountry","Reporting country","The country reporting the record.","LOCATION","Yes","No","consult the location values in Location sheet",,,,,,,,,,,,"Yes","Country",1970-01-01,,,
"AMRISO","Status","Status","The Status value is used to provide the functionality for a record within EpiPulse Cases database. Default value: NEW/UPDATE. If set to DELETE, the record with the specified NationalRecordId is deleted (invalidated) from EpiPulse Cases database, if it exists. If set to NEW/UPDATE, the record is inserted into the database: If the same NationalRecordId already exists for the same data source and subject code, then the current submitted record updates (replace) the existing one.","REF","No","No","DELETE = Delete a previously reported record.
NEW/UPDATE = Update a previously reported record (default).
",,,,,,,,,,,,,,1970-01-01,,,
"AMRISO","SubjectCode","Subject code","SubjectCode is a reporting model for a disease/health topic - identifies the reporting structure and format of a record (case based or aggregate reporting).","REF","Yes","No","AMRISO = Antimicrobial-resistant isolate
",,,,,,,,,,,,,,1970-01-01,,,
"AMRISO","NationalRecordId","National record identifier","Unique identifier for each record within and across the specified surveillance system (data source) – selected and generated by the country reporting the record.","TEXT","Yes","No",,,80,,,,,,,,,,,,1970-01-01,,1,1
"AMRISO","DataSource","Data source","The data source (surveillance system) that the record originates from. The DataSource value must be a special reference value from EpiPulse Cases metadata.","DATASOURCE","Yes","No","consult the data source values in DataSource sheet",,,,,,,,,,,,,,1970-01-01,,1,2
"AMRISO","DateUsedForStatistics","Date used for statistics","The most epidemiologically relevant date for the isolate. Equal to the date of sampling if available. If not, equal to the date of receipt in the source lab, and if that is not available, the date of receipt in the reference lab.","DATE","Yes","No",,,,,,,,"No",2011-01-01,,"yyyy-mm-dd",,,,1970-01-01,,1,3
"AMRISO","Age","Age","Age of patient in years as received or at the date of sampling.","NUM","No","No",,,,0,125,,0,,,,,,,,1970-01-01,,2,1
"AMRISO","Gender","Gender","Gender of the reported record.","REF","No","No","F = Female
M = Male
OTH = Other
",,,,,,,,,,,,,,1970-01-01,,2,2
"AMRISO","PatientType","Origin of patient","Patient’s admission category.","REF","No","No","INPAT = Admitted (Inpatient)
OTH = Other
OUTPAT = Outpatient
",,,,,,,,,,,,,,1970-01-01,,2,3
"AMRISO","Travel","Travel","Having been outside the country within six months prior to sample date.","BOOL","No","No",,,,,,,,,,,,,,,1970-01-01,,2,4
"AMRISO","TravelLocation","Destination of travel within the six months prior to sample data","Destination of travel. Only to be recorded if yes for ""Travel"".","LOCATION","No","Yes","consult the location values in Location sheet",,,,,,,,,,,,"No","Country",1970-01-01,,2,5
"AMRISO","ItemCode","Item code","Code of related EpiPulse item.","TEXT","No","No",,"^[0-9]{4}-[A-Z]{3}-[0-9]{5}$",14,,,,,,,,,,,,1970-01-01,,2,6
"AMRISO","HospitalId","Hospital identifier","Unique identifier for each hospital – MS selected and generated. It is recommended to keep the same Hospital Identifier across all surveillance protocols - e.g. EURGen-Net (CCRE/CRAb), HAI-Net (PPS/ICU/CDI), EARS-Net, ESAC-Net - and from one year to another.","TEXT","No","No",,,100,,,,,,,,,,,,1970-01-01,,2,7
"AMRISO","HealthcareFacilityLocation","Healthcare facility location - NUTS2 level","NUTS2 where healthcare facility is located.","LOCATION","No","No","consult the location values in Location sheet",,,,,,,,,,,,"No","NUTS2",1970-01-01,,2,8
"AMRISO","HospitalUnitType","Hospital department","Hospital department (at sample collection).","REF","No","No","ED = Emergency Department
ICU = Intensive Care Unit
INFECT = Infectious Disease Ward
INPATIENT = Inpatient ward
INTMED = Internal Medicine
OBGYN = Obstetrics/Gynecology
ONCOL = Haematology/Oncology
OTH = Other
PEDS = Pediatrics/neonatal
PEDSICU = Pediatrics/neonatal ICU
PHC = Primary Health Care
SURG = Surgery
URO = Urology Ward
",,,,,,,,,,,,,,1970-01-01,,2,9
"AMRISO","DateOfOnset","Date of onset of disease","Date of onset of disease (exact date only).","DATE","No","No",,,,,,,,"No",2011-01-01,,"yyyy-mm-dd",,,,1970-01-01,,2,10
"AMRISO","DateOfHospitalisation","Date of hospitalisation","Date of hospitalisation or outpatient visit (exact date only).","DATE","No","No",,,,,,,,"No",2011-01-01,,"yyyy-mm-dd","DateOfHospitalisation,DateOfDischarge",,,1970-01-01,,2,11
"AMRISO","DateOfDischarge","Date of discharge","Date of hospital discharge (exact date only).","DATE","No","No",,,,,,,,"No",2011-01-01,,"yyyy-mm-dd","DateOfHospitalisation,DateOfDischarge",,,1970-01-01,,2,12
"AMRISO","DateOfDeath","Date of death","Date of death (exact date only).","DATE","No","No",,,,,,,,"No",2011-01-01,,"yyyy-mm-dd",,,,1970-01-01,,2,13
"AMRISO","OutcomeHospital","Outcome of hospital stay","Patient status at the last reported hospital discharge, or at the end of the surveillance period.","REF","No","No","A = Discharged alive
D = In-hospital death
S = Still admitted
",,,,,,,,,,,,,,1970-01-01,,2,14
"AMRISO","PrescribedAntimicrobial","Prescribed antimicrobial agent","Antimicrobial agents prescribed to the patient following clinical suspicion or diagnosis of the pathogen specified in the variable ""Pathogen"".","REF","No","Yes","consult the reference values for 
SubjectCode = AMRISO and Variable = PrescribedAntimicrobial",,,,,,,,,,,,,,1970-01-01,,2,15
"AMRISO","ClinicalSignificance","Clinical significance","Clinical significance related to isolate: colonisation, infection, undetermined or uknown.","REF","No","No","COL = Colonisation
INF = Infection
UND = Undetermined or unknown
",,,,,,,,,,,,,,1970-01-01,,2,16
"AMRISO","SiteOfInfection","Site of infection or colonisation","Organ/system/localisation of infection or colonisation.","REF","No","No","ABD = Intra-abdominal
BLOODSTR = Bloodstream
LRT = Lower respiratory tract
OTH = Other
SSOFT = Skin or soft tissue
UT = Urinary tract
",,,,,,,,,,,,,,1970-01-01,,2,17
"AMRISO","HospitalAcquiredSample","Hospital acquired sample","TRUE: Hospital-acquired (sample collected more than 48 hours post admission) or FALSE: community-onset (sample collected less than 48 hours post addmission).","BOOL","No","No",,,,,,,,,,,,,,,1970-01-01,,2,18
"AMRISO","HospitalTransfer","Direct hospital transfer","Direct transfer of patient from another hospital to the current hospital where patient is admitted.","REF","No","No","N = No
YOTH = Yes, other country
YSAME = Yes, same country
",,,,,,,,,,,,,,1970-01-01,,2,19
"AMRISO","CountryOfHospitalTransfer","Hospital transfer from country","Country patient was directly transferred from.","LOCATION","No","No","consult the location values in Location sheet",,,,,,,,,,,,"No","Country",1970-01-01,,2,20
"AMRISO","PriorHospitalisation","Prior hospitalisation","Prior hospitalisation within 6 months before sampling date.","REF","No","No","N = No
YOTH = Yes, other country
YSAME = Yes, same country
",,,,,,,,,,,,,,1970-01-01,,2,21
"AMRISO","CountryOfPriorHospitalisation","Country of prior hospitalisation","Country patient was hospitalised in within 6 months before sampling date.","LOCATION","No","Yes","consult the location values in Location sheet",,,,,,,,,,,,"No","Country",1970-01-01,,2,22
"AMRISO","PriorResidenceInLTCF","Prior residence in LTCF","Prior residence in a long-term care facility in within 6 months before sampling date.","REF","No","No","N = No
YOTH = Yes, other country
YSAME = Yes, same country
",,,,,,,,,,,,,,1970-01-01,,2,23
"AMRISO","CountryOfPriorResidenceInLTCF","Country of prior residence in LTCF","Country patient was in a long-term care facility in within 6 months before sampling date.","LOCATION","No","Yes","consult the location values in Location sheet",,,,,,,,,,,,"No","Country",1970-01-01,,2,24
"AMRISO","SampleId","Sample identifier","Unique identifier for each sample within the lab system, allowing to link isolates derived from the same sample. Alternatively, this can be a pseudonymised sample/isolate identifier, that can be decoded nationally.","TEXT","No","No",,,1000,,,,,,,,,,,,1970-01-01,,3,1
"AMRISO","DateOfSampling","Date of sampling","Date the sample from which the isolate was derived was taken.","DATE","No","No",,,,,,,,"No",2011-01-01,,"yyyy-mm-dd",,,,1970-01-01,,3,2
"AMRISO","SampleOrigin","Sample origin","Source that the isolate was obtained from.","REF","No","No","HUMAN = Human
NON_HUMAN = Non human
",,,,,,,,,,,,,,1970-01-01,,3,3
"AMRISO","Specimen","Specimen site","Clinical specimen site this isolate was isolated from.","REF","No","No","ASP = Aspirate
BLOOD = Blood
BONE = Bone marrow
CATH = Catheter exit site
CSF = Cerebrospinal fluid
FAECES = Faeces
GASTR = Gastrointestinal tract
LREST = Lower respiratory tract
OTH = Other
REPR = Reproductive tract
SKIN = Skin
SOFTTISSUE = Soft tissue
URINE = Urine
WOUND = Wound
",,,,,,,,,,,,,,1970-01-01,,3,4
"AMRISO","SpecimenSource","Specimen source for human samples","Specimen source for samples from humans: clinical sample or screening sample.","REF","No","No","CLINICAL = Clinical sample
SCREEN = Screening sample
",,,,,,,,,,,,,,1970-01-01,,3,5
"AMRISO","LaboratoryCode","Laboratory code","Unique identifier for each laboratory. It is recommended to keep the same identifier across all ARHAI surveillance protocols (PPS, ICU, ESAC-Net, EARS-Net) and from one year to another.","TEXT","No","No",,,20,,,,,,,,,,,,1970-01-01,,3,6
"AMRISO","DateOfReceiptReferenceLab","Date of receipt reference laboratory","Date of receipt in reference laboratory or typing laboratory with reference function.","DATE","No","No",,,,,,,,"No",2011-01-01,,"yyyy-mm-dd",,,,1970-01-01,,3,7
"AMRISO","DateOfReceiptSourceLab","Date of receipt source laboratory","Date of receipt in source laboratory, i.e. the laboratory the sample was first sent to.","DATE","No","No",,,,,,,,"No",2011-01-01,,"yyyy-mm-dd",,,,1970-01-01,,3,8
"AMRISO","Pathogen","Pathogen","Species and genus of the pathogen which has been isolated from the sample.","REF","Yes","No","ACIBAU = Acinetobacter baumannii
ACICAL = Acinetobacter calcoaceticus
ACIHAE = Acinetobacter haemolyticus
ACILWO = Acinetobacter lwoffii
ACISPP = Acinetobacter species, not specified
CITAMA = Citrobacter amalonaticus
CITFRE = Citrobacter freundii
CITKOS = Citrobacter koseri
CITSPP = Citrobacter species, not specified
ENCFAE = Enterococcus faecalis
ENCFAI = Enterococcus faecium
ENTAER = Enterobacter aerogenes
ENTCLO = Enterobacter cloacae
ENTHOR = Enterobacter hormaechei
ENTSPP = Enterobacter species, not specified
ESCCOL = Escherichia coli
KLEOXY = Klebsiella oxytoca
KLEPNE = Klebsiella pneumoniae
KLESPP = Klebsiella species, not specified
MORMOR = Morganella morganii
OTH = Other pathogen, not specified
PROVRET = Providencia rettgeri
PROVSPP = Providencia species, not specfied
PROVSTU = Providencia stuartii
PSEAER = Pseudomonas aeruginosa
SALMSPP = Salmonella (non-typhoidal) species, not specified
SERMAR = Serratia marcescens
STAAUR = Staphylococcus aureus
STEMAL = Stenotrophomonas maltophilia
",,,,,,,,,,,,,,1970-01-01,,3,9
"AMRISO","WgsProtocol","Wgs protocol","Protocol used for sequencing, limited to the sequencing technology used (today Illumina or IonTorrent) and the read length.","REF","No","No","HYBRID = 1-2 short read files (any technology, <1000 bp) and one long read file (any technology, >1000 bp)
ILLUMINA = Illumina short read sequencing (<1000 bp)
IONTORRENT = IonTorrent
LONG = Long read sequencing (any technology, >1000 bp)
MGI = MGI short read sequencing (<1000 bp)
ONT = Oxford Nanopore long read sequencing (>1000 bp)
PACBIO = Pacific Biosciences long read sequencing (>1000 bp)
SHORT = Short read sequencing (any technology, <1000 bp)
",,,,,,,,,,,,,,1970-01-01,,4,1
"AMRISO","WgsAccession","Wgs accession identifier","European Nucleotide Archive (ENA) / Sequence Read Archive (SRA) run identifier, based on which the sequence read data can be retrieved. Starts with ERR or SRR, i.e. not the sample or experiment which is ERS/ERX or SRS/SRX.","TEXT","No","No",,,4000,,,,,,,,,,,,1970-01-01,,4,2
"AMRISO","WgsAssembler","Wgs assembler","The assembler used for sequencing, optionally including parameter settings.","REF","No","No","MAP_TO_LOCI1 = Mapping to individual loci, variant 1 for IonTorrent
SKESA = SKESA assembler
SPADES = SPAdes without read mapping and consensus calling
SPADES_READMAP = SPAdes either including or followed by read mapping and consensus calling
VELVET = Velvet without read mapping and consensus calling
VELVET_READMAP = Velvet using k-mer optimisation, and followed by read mapping and consensus calling
",,,,,,,,,,,,,,1970-01-01,,4,3
"AMRISO$AST","SubjectCode","Subject code","SubjectCode is a reporting model for a disease/health topic - identifies the reporting structure and format of a record (case based or aggregate reporting).","REF","Yes","No","AMRISO$AST = Antimicrobial-resistant isolate - antimicrobial susceptibility test
",,,,,,,,,,,,,,1970-01-01,,,
"AMRISO$AST","NationalRecordId","Antimicrobial susceptibility test (AST) record identifier","Unique identifier for each antimicrobial susceptibility test (AST) - selected and generated by the country reporting the record.","TEXT","Yes","No",,,80,,,,,,,,,,,,1970-01-01,,1,1
"AMRISO$AST","ParentNationalRecordId","Parent national record identifier","The corresponding parent identifier for each record (should exists in the upper level). A record with no corresponding parent identifier will be ignored and it will not be added to EpiPulse Cases database.","TEXT","Yes","No",,,80,,,,,,,,,,,,1970-01-01,,1,2
"AMRISO$AST","AntimicrobialAgent","Antimicrobial agent (antibiotic)","Selected antibiotic needs to be followed by either MIC and ASTMethod or DDDZ.","REF","No","No","consult the reference values for 
SubjectCode = AMRISO$AST and Variable = AntimicrobialAgent",,,,,,,,,,,,,,1970-01-01,,1,3
"AMRISO$AST","ASTMethod","Antimicrobial susceptibility test (AST) method used for the antimicrobial agent","Antimicrobial susceptibility test (AST) method used for the antimicrobial agent.","REF","No","No","AUTOM = Automated instrument method
BROTHDIL = Broth microdilution
GRAD = Antimicrobial gradient (E-test, etc)
ZONE = Disc diffusion test
",,,,,,,,,,,,,,1970-01-01,,1,4
"AMRISO$AST","MICSusceptibilitySign","Minimum inhibitory concentration sign","MIC sign (>, <, =).","REF","No","No","< = Less than
<= = Less than or equal
= = Equal
> = Greater than
>= = Greater than or equal
",,,,,,,,,,,,,,1970-01-01,,1,5
"AMRISO$AST","MICValueAST","Minimum inhibitory concentration value","MIC value (in mg/l). Use '.' as decimal delimiter, e.g. 0.25.","NUM","No","No",,,,0,99999,,4,,,,,,,,1970-01-01,,1,6
"AMRISO$AST","DDZDSusceptibilitySign","Disk diffusion zone diameter sign","Disk diffusion zone diameter sign, if no MIC (sign).","REF","No","No","< = Less than
<= = Less than or equal
= = Equal
> = Greater than
>= = Greater than or equal
",,,,,,,,,,,,,,1970-01-01,,1,7
"AMRISO$AST","DDZDValueAST","Disk diffusion zone diameter value","Disk diffusion zone diameter value (in mm).","NUM","No","No",,,,0,99999,,0,,,,,,,,1970-01-01,,1,8
"AMRISO$AST","ReferenceGuidelinesSIR","Antimicrobial susceptibility test (AST) guideline","Antimicrobial susceptibility test (AST) guideline/breakpoints used for this isolate.","REF","No","No","CLSI = Clinical and Laboratory Standards Institute
EUCAST = European Committee on Antimicrobial Susceptibility Testing
NONE = None or not applicable
OTH = Other
",,,,,,,,,,,,,,1970-01-01,,1,9
"AMRISODENOM","HealthTopic","Health topic","The code of the health topic that is being reported.","REF","No","No","AMRISO = Antimicrobial-resistant isolate
",,,,,,,,,,,,,,1970-01-01,,,
"AMRISODENOM","ReportingCountry","Reporting country","The country reporting the record.","LOCATION","Yes","No","consult the location values in Location sheet",,,,,,,,,,,,"Yes","Country",1970-01-01,,,
"AMRISODENOM","Status","Status","The Status value is used to provide the functionality for a record within EpiPulse Cases database. Default value: NEW/UPDATE. If set to DELETE, the record with the specified NationalRecordId is deleted (invalidated) from EpiPulse Cases database, if it exists. If set to NEW/UPDATE, the record is inserted into the database: If the same NationalRecordId already exists for the same data source and subject code, then the current submitted record updates (replace) the existing one.","REF","No","No","DELETE = Delete a previously reported record.
NEW/UPDATE = Update a previously reported record (default).
",,,,,,,,,,,,,,1970-01-01,,,
"AMRISODENOM","SubjectCode","Subject code","SubjectCode is a reporting model for a disease/health topic - identifies the reporting structure and format of a record (case based or aggregate reporting).","REF","Yes","No","AMRISODENOM = Antimicrobial-resistant isolate - denominator
",,,,,,,,,,,,,,1970-01-01,,,
"AMRISODENOM","NationalRecordId","National record identifier","Unique identifier for each record within and across the specified surveillance system (data source) – selected and generated by the country reporting the record.","TEXT","Yes","No",,,80,,,,,,,,,,,,1970-01-01,,1,1
"AMRISODENOM","DataSource","Data source","The data source (surveillance system) that the record originates from. The DataSource value must be a special reference value from EpiPulse Cases metadata.","DATASOURCE","Yes","No","consult the data source values in DataSource sheet",,,,,,,,,,,,,,1970-01-01,,1,2
"AMRISODENOM","DateUsedForStatistics","Date used for statistics","The most epidemiologically relevant date for the isolate. Equal to the date of sampling if available. If not, equal to the date of receipt in the source lab, and if that is not available, the date of receipt in the reference lab.","DATE","Yes","No",,,,,,,,"No",2011-01-01,,"yyyy-mm-dd",,,,1970-01-01,,1,3
"AMRISODENOM","Pathogen","Pathogen","Species and genus of the pathogen which has been isolated from the sample.","REF","Yes","No","ACIBAU = Acinetobacter baumannii
ACICAL = Acinetobacter calcoaceticus
ACIHAE = Acinetobacter haemolyticus
ACILWO = Acinetobacter lwoffii
ACISPP = Acinetobacter species, not specified
CITAMA = Citrobacter amalonaticus
CITFRE = Citrobacter freundii
CITKOS = Citrobacter koseri
CITSPP = Citrobacter species, not specified
ENCFAE = Enterococcus faecalis
ENCFAI = Enterococcus faecium
ENTAER = Enterobacter aerogenes
ENTCLO = Enterobacter cloacae
ENTHOR = Enterobacter hormaechei
ENTSPP = Enterobacter species, not specified
ESCCOL = Escherichia coli
KLEOXY = Klebsiella oxytoca
KLEPNE = Klebsiella pneumoniae
KLESPP = Klebsiella species, not specified
MORMOR = Morganella morganii
OTH = Other pathogen, not specified
PROVRET = Providencia rettgeri
PROVSPP = Providencia species, not specfied
PROVSTU = Providencia stuartii
PSEAER = Pseudomonas aeruginosa
SALMSPP = Salmonella (non-typhoidal) species, not specified
SERMAR = Serratia marcescens
STAAUR = Staphylococcus aureus
STEMAL = Stenotrophomonas maltophilia
",,,,,,,,,,,,,,1970-01-01,,2,1
"AMRISODENOM","HospitalId","Hospital identifier","Unique identifier for each hospital – MS selected and generated. It is recommended to keep the same Hospital Identifier across all surveillance protocols - e.g. EURGen-Net (CCRE/CRAb), HAI-Net (PPS/ICU/CDI), EARS-Net, ESAC-Net - and from one year to another.","TEXT","No","No",,,100,,,,,,,,,,,,1970-01-01,,2,2
"AMRISODENOM","HospitalLocation","Hospital location - NUTS2 level","NUTS2 where hospital is located.","LOCATION","No","No","consult the location values in Location sheet",,,,,,,,,,,,"No","NUTS2",1970-01-01,,2,3
"AMRISODENOM","HospitalLatitude","Hospital latitude","Hospital latitude.","NUM","No","No",,,,-90,90,,5,,,,,,,,1970-01-01,,2,4
"AMRISODENOM","HospitalLongitude","Hospital longitude","Hospital longitude.","NUM","No","No",,,,-180,180,,5,,,,,,,,1970-01-01,,2,5
"AMRISODENOM","PeriodStart","Start date of this survey","Start date of the survey period (time period covered by this denominator entry).","DATE","No","No",,,,,,,,"No",2011-01-01,,"yyyy-mm-dd",,,,1970-01-01,,2,6
"AMRISODENOM","PeriodEnd","End date of this survey","End date of the survey period (time period covered by this denominator entry).","DATE","No","No",,,,,,,,"No",2011-01-01,,"yyyy-mm-dd",,,,1970-01-01,,2,7
"AMRISODENOM","DateOfLastSample","Date of last sample","Date of the most recent sample submitted for this survey.","DATE","No","No",,,,,,,,"No",2011-01-01,,"yyyy-mm-dd",,,,1970-01-01,,2,8
"AMRISODENOM","NumberOfAcuteCareBeds","Hospital size","Number of acute care beds (excluding non-acute beds) in the hospital.","NUM","No","No",,,,0,999999999,,0,,,,,,,,1970-01-01,,2,9
"AMRISODENOM","NumberOfHospitalDischarges","Number of discharges (or admissions) during the survey period","Number of hospital discharges (or admissions if discharges not available) for the specified survey period.","NUM","No","No",,,,0,999999999,,0,,,,,,,,1970-01-01,,2,10
"AMRISODENOM","NumberOfOccupiedBedDays","Number of occupied bed-days","Number of estimated occupied bed-beds during the survey period. This may be estimated by: [Number of beds in the hospital] × [Number of days in the survey period] × [Estimated occupancy rate; e.g. 95%].","NUM","No","No",,,,0,999999999,,2,,,,,,,,1970-01-01,,2,11
"AMRISODENOM","HospitalScreens","Hospital screens patients for the pathogen","Presence of a hospital practice during the survey period to screen patients for the pathogen specified in the variable 'Pathogen'.","BOOL","No","No",,,,,,,,,,,,,,,1970-01-01,,2,12
"AMRISODENOM","NumberOfScreeningSamples","Number of tested screening samples","Number of screening samples with a microbiological test that identifies the pathogen specified in the variable 'Pathogen'.","NUM","No","No",,,,0,999999999,,0,,,,,,,,1970-01-01,,2,13
"AMRISODENOM","NumberOfTests","Number of tests","Total number of tests during the reported period for the specified disease. If exact numbers are not available, provide estimates. Applies to all patient samples (screening+clinical) with a microbiological test that identifies the pathogen specified in the variable 'Pathogen'.","NUM","No","No",,,,0,999999999,,0,,,,,,,,1970-01-01,,2,14
"AMRISODENOM","NumberOfColonisations","Number of colonisations","Total number of detected colonisations with the pathogen specified in the variable 'Pathogen'.","NUM","No","No",,,,0,999999999,,0,,,,,,,,1970-01-01,,2,15
"AMRISODENOM","NumberOfInfections","Number of infections","Total number of detected infections with the pathogen specified in the variable 'Pathogen'.","NUM","No","No",,,,0,999999999,,0,,,,,,,,1970-01-01,,2,16
"AMRISODENOM","NumberOfInfectionsDeaths","Number of infected patients who died","Total number of patients with an infection with the pathogen specified in the variable 'Pathogen' who died during this hospital stay, from any cause.","NUM","No","No",,,,0,999999999,,0,,,,,,,,1970-01-01,,2,17
"AMRISODENOM","NumberOfInvestigatedClusters","Number of investigated outbreaks or clusters","Number of investigations initiated, in this hospital, during the survey period, for potential clusters or outbreaks (according to national or local definitions) of the pathogen specified in the variable 'Pathogen'.","NUM","No","No",,,,0,999999999,,0,,,,,,,,1970-01-01,,2,18
"AMRTEST","HealthTopic","Health topic","The code of the health topic that is being reported.","REF","No","No","AMR = Antimicrobial resistance
",,,,,,,,,,,,,,1970-01-01,,,
"AMRTEST","ReportingCountry","Reporting country","The country reporting the record.","LOCATION","Yes","No","consult the location values in Location sheet",,,,,,,,,,,,"Yes","Country",1970-01-01,,,
"AMRTEST","Status","Status","The Status value is used to provide the functionality for a record within EpiPulse Cases database. Default value: NEW/UPDATE. If set to DELETE, the record with the specified NationalRecordId is deleted (invalidated) from EpiPulse Cases database, if it exists. If set to NEW/UPDATE, the record is inserted into the database: If the same NationalRecordId already exists for the same data source and subject code, then the current submitted record updates (replace) the existing one.","REF","No","No","DELETE = Delete a previously reported record.
NEW/UPDATE = Update a previously reported record (default).
",,,,,,,,,,,,,,1970-01-01,,,
"AMRTEST","SubjectCode","Subject code","SubjectCode is a reporting model for a disease/health topic - identifies the reporting structure and format of a record (case based or aggregate reporting).","REF","Yes","No","AMRTEST = Antimicrobial resistance test
",,,,,,,,,,,,,,1970-01-01,,,
"AMRTEST","NationalRecordId","National record identifier","Unique identifier for each record within and across the specified surveillance system (data source) – selected and generated by the country reporting the record.","TEXT","Yes","No",,,80,,,,,,,,,,,,1970-01-01,,1,1
"AMRTEST","DataSource","Data source","The data source (surveillance system) that the record originates from. The DataSource value must be a special reference value from EpiPulse Cases metadata.","DATASOURCE","Yes","No","consult the data source values in DataSource sheet",,,,,,,,,,,,,,1970-01-01,,1,2
"AMRTEST","DateUsedForStatistics","Date used for statistics","The most epidemiologically relevant date for the isolate. Equal to the date of sampling if available. If not, equal to the date of receipt in the source lab, and if that is not available, the date of receipt in the reference lab.","DATE","Yes","No",,,,,,,,"No",,,"yyyy-mm-dd",,,,1970-01-01,,1,3
"AMRTEST","PatientId","Patient counter","Unique code for each patient, unique within laboratory (anonymous code assigned by laboratory to specify patient).","TEXT","Yes","No",,,100,,,,,,,,,,,,1970-01-01,,2,1
"AMRTEST","PatientType","Origin of patient","Patient’s admission category.","REF","No","No","INPAT = Admitted (Inpatient)
OTH = Other
OUTPAT = Outpatient
",,,,,,,,,,,,,,1970-01-01,,2,2
"AMRTEST","Age","Age","Age of the patient when the sample was taken.","NUM","No","No",,,,0,125,,0,,,,,,,,1970-01-01,,2,3
"AMRTEST","Gender","Gender","Gender of the reported record.","REF","No","No","F = Female
M = Male
OTH = Other
",,,,,,,,,,,,,,1970-01-01,,2,4
"AMRTEST","HospitalId","Hospital identifier","Unique identifier for the hospital within each laboratory. Recommended format: [LaboratoryCode]-[letter assigned to a hospital – starting from A, B, C etc.].","TEXT","No","No",,,100,,,,,,,,,,,,1970-01-01,,2,5
"AMRTEST","HospitalUnitType","Hospital department","Hospital department (at sample collection).","REF","No","No","ED = Emergency Department
ICU = Intensive Care Unit
INFECT = Infectious Disease Ward
INTMED = Internal Medicine
OBGYN = Obstetrics/Gynecology
ONCOL = Haematology/Oncology
OTH = Other
PEDS = Pediatrics/neonatal
PEDSICU = Pediatrics/neonatal ICU
SURG = Surgery
URO = Urology Ward
",,,,,,,,,,,,,,1970-01-01,,2,6
"AMRTEST","DateOfHospitalisation","Date of hospitalisation","Date of hospitalisation.","DATE","No","No",,,,,,,,"No",,,"yyyy-mm-dd",,,,1970-01-01,,2,7
"AMRTEST","LaboratoryCode","Laboratory code","Laboratory code unique for each laboratory within the country. To add new codes, please contact EpiPulse Cases helpdesk. Recomended format is '[ReportingCountry]-[code of three characters]'.","REF","Yes","No","consult the reference values for 
SubjectCode = AMRTEST and Variable = LaboratoryCode",,,,,,,,,,,,,,1970-01-01,,2,8
"AMRTEST","IsolateId","Isolate identifier","Isolate identifier unique for each isolate within laboratory and year.","TEXT","No","No",,,80,,,,,,,,,,,,1970-01-01,,2,9
"AMRTEST","Specimen","Specimen site","Isolate source.","REF","Yes","No","BLOOD = Blood
CSF = Cerebrospinal fluid
",,,,,,,,,,,,,,1970-01-01,,2,10
"AMRTEST","Pathogen","Pathogen","Species and genus of the pathogen which has been isolated from the sample.","REF","Yes","No","ACISPP = Acinetobacter species, not specified
ENCFAE = Enterococcus faecalis
ENCFAI = Enterococcus faecium
ESCCOL = Escherichia coli
KLEPNE = Klebsiella pneumoniae
PSEAER = Pseudomonas aeruginosa
STAAUR = Staphylococcus aureus
STRPNE = Streptococcus pneumoniae
",,,,,,,,,,,,,,1970-01-01,,2,11
"AMRTEST","Serotype","Serotype","Serotype (only if STRPNE).","REF","No","No","consult the reference values for 
SubjectCode = AMRTEST and Variable = Serotype",,,,,,,,,,,,,,1970-01-01,,2,12
"AMRTEST","ResultPCRmec","PCR mec gene","PCR mecA gene (only if STAAUR). 1 (TRUE) = Positive. 0 (FALSE) = Negative. Leave empty if unknown or not applicable.","BOOL","No","No",,,,,,,,,,,,,,,1970-01-01,,2,13
"AMRTEST","ResultPbp2aAggl","PBP2a agglutination","PBP2a agglutination (only if STAAUR). 1 (TRUE) = Positive. 0 (FALSE) = Negative. Leave empty if unknown or not applicable.","BOOL","No","No",,,,,,,,,,,,,,,1970-01-01,,2,14
"AMRTEST","ResultESBL","ESBL present","ESBL present (only if ESCCOL or KLEPNE). 1 (TRUE) = Positive. 0 (FALSE) = Negative. Leave empty if unknown or not applicable.","BOOL","No","No",,,,,,,,,,,,,,,1970-01-01,,2,15
"AMRTEST","ResultCarbapenemase","Carbapenemases","Carbapenemases (only if ESCCOL, KLEPNE, PSEAER or ACISPP). 1 (TRUE) = Positive. 0 (FALSE) = Negative. Leave empty if unknown or not applicable.","BOOL","No","No",,,,,,,,,,,,,,,1970-01-01,,2,16
"AMRTEST","AntimicrobialAgent","Antimicrobial agent (antibiotic)","Antimicrobial agent (antibiotic).","REF","Yes","No","consult the reference values for 
SubjectCode = AMRTEST and Variable = AntimicrobialAgent",,,,,,,,,,,,,,1970-01-01,,3,1
"AMRTEST","SIR","Final interpretation based on EUCAST clinical breakpoints","Final interpretation result of all different susceptibility tests performed.","REF","Yes","No","I = Susceptible, increased exposure
R = Resistant
S = Susceptible, standard dosing regimen
",,,,,,,,,,,,,,1970-01-01,,3,2
"AMRTEST","ZoneTestDiskLoad","Disk load","Disk load (only if Zone). This variable can be used to mention the load of the gentamicin disk used, the variable can be used for the disk load of other antibiotics too. Please mention the value and the Units (e.g. mcg, Units or IU).","TEXT","No","No",,,1000,,,,,,,,,,,,1970-01-01,,3,3
"AMRTEST","ZoneValue","Zone value","Zone value (in mm).","NUM","No","No",,,,0,99999,,0,,,,,,,,1970-01-01,,3,4
"AMRTEST","ZoneSIR","Interpretation of the zone susceptibility test","Interpretation result of the zone susceptibility test performed.","REF","No","No","I = Susceptible, increased exposure
R = Resistant
S = Susceptible, standard dosing regimen
",,,,,,,,,,,,,,1970-01-01,,3,5
"AMRTEST","MICSusceptibilitySign","Minimum inhibitory concentration sign","This variable indicates if a MIC-value is the exact value ""equal to"" (=); ""equal to or less than"" the value (<= value); ""greater than"" the value (> value); or ""equal to or greater than"" the value (>= value). The value is indicated in the ""MICValue"" variable.","REF","No","No","<= = Less than or equal
= = Equal
> = Greater than
>= = Greater than or equal
",,,,,,,,,,,,,,1970-01-01,,3,6
"AMRTEST","MICValue","Minimum inhibitory concentration value","MIC value (in mg/L). Use '.' as decimal delimiter, e.g. 0.25.","NUM","No","No",,,,0,99999,,4,,,,,,,,1970-01-01,,3,7
"AMRTEST","MICSIR","Interpretation of MIC test","Interpretation of the MIC test result.","REF","No","No","I = Susceptible, increased exposure
R = Resistant
S = Susceptible, standard dosing regimen
",,,,,,,,,,,,,,1970-01-01,,3,8
"AMRTEST","GradSusceptibilitySign","Gradient strip sign","This variable indicates if a value of the zone diameter of the gradient strip is the exact value ""equal to"" (=); ""equal to or less than"" the value (<= value); ""greater than"" the value (> value); or ""equal to or greater than"" the value (>= value). The value is indicated in the ""GradValue"" variable.","REF","No","No","<= = Less than or equal
= = Equal
> = Greater than
>= = Greater than or equal
",,,,,,,,,,,,,,1970-01-01,,3,9
"AMRTEST","GradValue","Gradient strip value","Gradient strip value (in mg/L). Use '.' as decimal delimiter, e.g. 0.25.","NUM","No","No",,,,0,99999,,4,,,,,,,,1970-01-01,,3,10
"AMRTEST","GradSIR","Interpretation of the gradient strip test","Interpretation of the gradient strip result.","REF","No","No","I = Susceptible, increased exposure
R = Resistant
S = Susceptible, standard dosing regimen
",,,,,,,,,,,,,,1970-01-01,,3,11
"AMRTEST","ReferenceGuidelinesSIR","Antimicrobial susceptibility test (AST) guideline","Antimicrobial susceptibility test (AST) guideline/breakpoints used for this isolate.","REF","No","No","CLSI = Clinical and Laboratory Standards Institute
EUCAST = European Committee on Antimicrobial Susceptibility Testing
NAT = National guidelines
OTH = Other
",,,,,,,,,,,,,,1970-01-01,,3,12
"BRUC","Disease","Disease","The code of the disease that is being reported.","REF","No","No","BRUC = Brucellosis
",,,,,,,,,,,,,,1970-01-01,,,
"BRUC","ReportingCountry","Reporting country","The country reporting the record.","LOCATION","Yes","No","consult the location values in Location sheet",,,,,,,,,,,,"Yes","Country",1970-01-01,,,
"BRUC","Status","Status","The Status value is used to provide the functionality for a record within EpiPulse Cases database. Default value: NEW/UPDATE. If set to DELETE, the record with the specified NationalRecordId is deleted (invalidated) from EpiPulse Cases database, if it exists. If set to NEW/UPDATE, the record is inserted into the database: If the same NationalRecordId already exists for the same data source and subject code, then the current submitted record updates (replace) the existing one.","REF","No","No","DELETE = Delete a previously reported record.
NEW/UPDATE = Update a previously reported record (default).
",,,,,,,,,,,,,,1970-01-01,,,
"BRUC","SubjectCode","Subject code","SubjectCode is a reporting model for a disease/health topic - identifies the reporting structure and format of a record (case based or aggregate reporting).","REF","Yes","No","BRUC = Brucellosis
",,,,,,,,,,,,,,1970-01-01,,,
"BRUC","NationalRecordId","National record identifier","Unique identifier for each record within and across the specified surveillance system (data source) – selected and generated by the country reporting the record.","TEXT","Yes","No",,,80,,,,,,,,,,,,1970-01-01,,1,1
"BRUC","DataSource","Data source","The data source (surveillance system) that the record originates from. The DataSource value must be a special reference value from EpiPulse Cases metadata.","DATASOURCE","Yes","No","consult the data source values in DataSource sheet",,,,,,,,,,,,,,1970-01-01,,1,2
"BRUC","DateUsedForStatistics","Date used for statistics","The reference date used for standard reports that is compared to the reporting period. The date used for statistics can be any date that the reporting country finds applicable, e.g. date of notification, date of diagnosis or any other date.","DATE","Yes","No",,,,,,,,"No",,,"yyyy,yyyy-mm,yyyy-mm-dd,yyyy-Qq,yyyy-Www",,,,1970-01-01,,1,3
"BRUC","Age","Age","Age of patient in years as reported in the national system at the time of disease onset.","NUM","No","No",,,,0,125,,0,,,,,,,,1970-01-01,,2,1
"BRUC","Gender","Gender","Gender of the reported record.","REF","No","No","F = Female
M = Male
OTH = Other
",,,,,,,,,,,,,,1970-01-01,,2,2
"BRUC","DateOfOnset","Date of onset of disease","Date of onset of disease. Leave empty for asymptomatic cases.","DATE","No","No",,,,,,,,"No",,,"yyyy,yyyy-mm,yyyy-mm-dd,yyyy-Qq","DateOfOnset,DateOfDiagnosis,DateOfNotification",,,1970-01-01,,3,1
"BRUC","DateOfDiagnosis","Date of diagnosis","First date of clinical or lab diagnosis. In case the DateOfOnset is missing this date is used for analysis.","DATE","No","No",,,,,,,,"No",,,"yyyy,yyyy-mm,yyyy-mm-dd,yyyy-Qq,yyyy-Www","DateOfOnset,DateOfDiagnosis,DateOfNotification",,,1970-01-01,,3,2
"BRUC","DateOfNotification","Date of notification","Date when the case report is first notified to public health authorities.","DATE","No","No",,,,,,,,"No",,,"yyyy,yyyy-mm,yyyy-mm-dd,yyyy-Qq,yyyy-Www","DateOfOnset,DateOfDiagnosis,DateOfNotification",,,1970-01-01,,3,3
"BRUC","Hospitalisation","Hospitalisation","History of hospitalisation due to the disease or related complications. Hospitalisation defined as at least one overnight stay.","BOOL","No","No",,,,,,,,,,,,,,,1970-01-01,,3,4
"BRUC","Outcome","Outcome of case","Information on whether the case is alive or deceased. The death should be due to the reported disease.","REF","No","No","A = Alive
D = Died
",,,,,,,,,,,,,,1970-01-01,,3,5
"BRUC","SuspectedVehicle","Suspected vehicle","Suspected vehicle or source of infection. It shall be provided when ModeOfTransmission is 'FOOD' or 'ANIMAL', otherwise leave it empty.","REF","No","No","consult the reference values for 
SubjectCode = BRUC and Variable = SuspectedVehicle",,,,,,,,,,,,,,1970-01-01,,3,6
"BRUC","ModeOfTransmission","Mode of transmission","Suspected main mode of transmission.","REF","No","No","ANIMAL = Animal to human transmission
FOOD = Food including drinking water
HAI = Healthcare-associated
IDU = Injecting drug use
LAB = Transmission in a laboratory due to occupational exposure
MTCT = Mother-to-child transmission
ORGAN = Organ recipient
OTH = Other
PTP = Person-to-person (faecal-oral, excl. mother-to-child and sexual transmission)
RECRWATER = Recreational water
SEX = Sexual transmission
TRANSFU = Transfusion recipient
",,,,,,,,,,,,,,1970-01-01,,3,7
"BRUC","CaseClassification","Case classification","Case classification according to EU case definition.","REF","Yes","No","CONF = Confirmed
PROB = Probable
",,,,,,,,,,,,,,1970-01-01,,3,8
"BRUC","Pathogen","Pathogen","Species or genus of the pathogen causing the reported disease.","REF","Yes","No","BRUABO = Brucella abortus
BRUAMA = Brucella amazoniensis
BRUINO = Brucella inopinata
BRUMEL = Brucella melitensis
BRUSPP = Brucella species, not specified
BRUSUI = Brucella suis
",,,,,,,,,,,,,,1970-01-01,,3,9
"BRUC","Imported","Imported","Infection has occurred following exposure outside the reporting country during a time compatible with the incubation period of the infection.","BOOL","No","No",,,,,,,,,,,,,,,1970-01-01,,4,1
"BRUC","PlaceOfInfection","Place of infection","The probable place of infection should be provided at the lowest level possible, down to NUTS 3 level. If the probable place of infection is not within an EU/EEA country, then use GAUL nomenclature. Note this is a repeatable field.","LOCATION","No","Yes","consult the location values in Location sheet",,,,,,,,,,,,"No","Country,GAUL1,GAUL2,NUTS1,NUTS2,NUTS3",1970-01-01,,4,2
"BRUC","PlaceOfNotification","Place of notification","Place of the first notification of the case to a regional authority. Select the most detailed NUTS level possible.","LOCATION","No","No","consult the location values in Location sheet",,,,,,,,,,,,"Yes","Country,NUTS1,NUTS2,NUTS3",1970-01-01,,4,3
"BRUC","PlaceOfResidence","Place of residence","Place of residence of patient at the time of disease onset. Select the most detailed NUTS level possible.","LOCATION","No","No","consult the location values in Location sheet",,,,,,,,,,,,"No","Country,NUTS1,NUTS2,NUTS3",1970-01-01,,4,4
"BRUCAGGR","Disease","Disease","The code of the disease that is being reported.","REF","No","No","BRUC = Brucellosis
",,,,,,,,,,,,,,1970-01-01,,,
"BRUCAGGR","ReportingCountry","Reporting country","The country reporting the record.","LOCATION","Yes","No","consult the location values in Location sheet",,,,,,,,,,,,"Yes","Country",1970-01-01,,,
"BRUCAGGR","SubjectCode","Subject code","SubjectCode is a reporting model for a disease/health topic - identifies the reporting structure and format of a record (case based or aggregate reporting).","REF","Yes","No","BRUCAGGR = Brucellosis aggregated
",,,,,,,,,,,,,,1970-01-01,,,
"BRUCAGGR","DataSource","Data source","The data source (surveillance system) that the record originates from. The DataSource value must be a special reference value from EpiPulse Cases metadata.","DATASOURCE","Yes","No","consult the data source values in DataSource sheet",,,,,,,,,,,,,,1970-01-01,,1,1
"BRUCAGGR","DateUsedForStatistics","Date used for statistics","The reference date used for standard reports that is compared to the reporting period. The date used for statistics can be any date that the reporting country finds applicable, e.g. date of notification, date of diagnosis or any other date.","DATE","Yes","No",,,,,,,,"No",,,"yyyy,yyyy-mm,yyyy-Qq",,,,1970-01-01,,1,2
"BRUCAGGR","AgeGroup","Age group","Age group of the reported record.","REF","No","No","Age00 = 0 years old
Age01_04 = 1 - 4 years old
Age05_09 = 5 - 9 years old
Age10_14 = 10 - 14 years old
Age15_19 = 15 - 19 years old
Age20_24 = 20 - 24 years old
Age25_29 = 25 - 29 years old
Age30_34 = 30 - 34 years old
Age35_39 = 35 - 39 years old
Age40_44 = 40 - 44 years old
Age45_49 = 45 - 49 years old
Age50_54 = 50 - 54 years old
Age55_59 = 55 - 59 years old
Age60_64 = 60 - 64 years old
Age65+ = 65+ years old
",,,,,,,,,,,,,,1970-01-01,,1,3
"BRUCAGGR","Gender","Gender","Gender of the reported record.","REF","No","No","F = Female
M = Male
OTH = Other
",,,,,,,,,,,,,,1970-01-01,,1,4
"BRUCAGGR","CaseClassification","Case classification","Case classification according to EU case definition.","REF","No","No","CONF = Confirmed
PROB = Probable
",,,,,,,,,,,,,,1970-01-01,,1,5
"BRUCAGGR","NumberOfCases","Number of cases","Total number of cases during the reported period for the specified disease.","NUM","Yes","No",,,,0,999999999,,0,,,,,,,,1970-01-01,,1,6
"CAMP","Disease","Disease","The code of the disease that is being reported.","REF","No","No","CAMP = Campylobacteriosis
",,,,,,,,,,,,,,1970-01-01,,,
"CAMP","ReportingCountry","Reporting country","The country reporting the record.","LOCATION","Yes","No","consult the location values in Location sheet",,,,,,,,,,,,"Yes","Country",1970-01-01,,,
"CAMP","Status","Status","The Status value is used to provide the functionality for a record within EpiPulse Cases database. Default value: NEW/UPDATE. If set to DELETE, the record with the specified NationalRecordId is deleted (invalidated) from EpiPulse Cases database, if it exists. If set to NEW/UPDATE, the record is inserted into the database: If the same NationalRecordId already exists for the same data source and subject code, then the current submitted record updates (replace) the existing one.","REF","No","No","DELETE = Delete a previously reported record.
NEW/UPDATE = Update a previously reported record (default).
",,,,,,,,,,,,,,1970-01-01,,,
"CAMP","SubjectCode","Subject code","SubjectCode is a reporting model for a disease/health topic - identifies the reporting structure and format of a record (case based or aggregate reporting).","REF","Yes","No","CAMP = Campylobacteriosis
",,,,,,,,,,,,,,1970-01-01,,,
"CAMP","NationalRecordId","National record identifier","Unique identifier for each record within and across the specified surveillance system (data source) – selected and generated by the country reporting the record.","TEXT","Yes","No",,,80,,,,,,,,,,,,1970-01-01,,1,1
"CAMP","DataSource","Data source","The data source (surveillance system) that the record originates from. The DataSource value must be a special reference value from EpiPulse Cases metadata.","DATASOURCE","Yes","No","consult the data source values in DataSource sheet",,,,,,,,,,,,,,1970-01-01,,1,2
"CAMP","DateUsedForStatistics","Date used for statistics","The reference date used for standard reports that is compared to the reporting period. The date used for statistics can be any date that the reporting country finds applicable, e.g. date of notification, date of diagnosis or any other date.","DATE","Yes","No",,,,,,,,"No",,,"yyyy,yyyy-mm,yyyy-mm-dd,yyyy-Qq,yyyy-Www",,,,1970-01-01,,1,3
"CAMP","Age","Age","Age of patient in years as reported in the national system at the time of disease onset.","NUM","No","No",,,,0,125,,0,,,,,,,,1970-01-01,,2,1
"CAMP","Gender","Gender","Gender of the reported record.","REF","No","No","F = Female
M = Male
OTH = Other
",,,,,,,,,,,,,,1970-01-01,,2,2
"CAMP","DateOfOnset","Date of onset of disease","Date of onset of disease. Leave empty for asymptomatic cases.","DATE","No","No",,,,,,,,"No",,,"yyyy,yyyy-mm,yyyy-mm-dd,yyyy-Qq","DateOfOnset,DateOfDiagnosis,DateOfNotification",,,1970-01-01,,3,1
"CAMP","DateOfDiagnosis","Date of diagnosis","First date of clinical or lab diagnosis. In case the DateOfOnset is missing this date is used for analysis.","DATE","No","No",,,,,,,,"No",,,"yyyy,yyyy-mm,yyyy-mm-dd,yyyy-Qq,yyyy-Www","DateOfOnset,DateOfDiagnosis,DateOfNotification",,,1970-01-01,,3,2
"CAMP","DateOfNotification","Date of notification","Date when the case report is first notified to public health authorities.","DATE","No","No",,,,,,,,"No",,,"yyyy,yyyy-mm,yyyy-mm-dd,yyyy-Qq,yyyy-Www","DateOfOnset,DateOfDiagnosis,DateOfNotification",,,1970-01-01,,3,3
"CAMP","Hospitalisation","Hospitalisation","History of hospitalisation due to the disease or related complications. Hospitalisation defined as at least one overnight stay.","BOOL","No","No",,,,,,,,,,,,,,,1970-01-01,,3,4
"CAMP","Outcome","Outcome of case","Information on whether the case is alive or deceased. The death should be due to the reported disease.","REF","No","No","A = Alive
D = Died
",,,,,,,,,,,,,,1970-01-01,,3,5
"CAMP","SuspectedVehicle","Suspected vehicle","Suspected vehicle or source of infection. It shall be provided when ModeOfTransmission is 'FOOD' or 'ANIMAL', otherwise leave it empty.","REF","No","No","consult the reference values for 
SubjectCode = CAMP and Variable = SuspectedVehicle",,,,,,,,,,,,,,1970-01-01,,3,6
"CAMP","ModeOfTransmission","Mode of transmission","Suspected main mode of transmission.","REF","No","No","ANIMAL = Animal to human transmission
FOOD = Food including drinking water
HAI = Healthcare-associated
IDU = Injecting drug use
LAB = Transmission in a laboratory due to occupational exposure
MTCT = Mother-to-child transmission
ORGAN = Organ recipient
OTH = Other
PTP = Person-to-person (faecal-oral, excl. mother-to-child and sexual transmission)
RECRWATER = Recreational water
SEX = Sexual transmission
TRANSFU = Transfusion recipient
",,,,,,,,,,,,,,1970-01-01,,3,7
"CAMP","CaseClassification","Case classification","Case classification according to EU case definition.","REF","Yes","No","CONF = Confirmed
PROB = Probable
",,,,,,,,,,,,,,1970-01-01,,3,8
"CAMP","Pathogen","Pathogen","Species or genus of the pathogen causing the reported disease.","REF","Yes","No","CAMCOL = Campylobacter coli
CAMFET = Campylobacter fetus
CAMJEJ = Campylobacter jejuni
CAMLAR = Campylobacter lari
CAMSPP = Campylobacter species, not specified
CAMUPS = Campylobacter upsaliensis
",,,,,,,,,,,,,,1970-01-01,,3,9
"CAMP","Imported","Imported","Infection has occurred following exposure outside the reporting country during a time compatible with the incubation period of the infection.","BOOL","No","No",,,,,,,,,,,,,,,1970-01-01,,4,1
"CAMP","PlaceOfInfection","Place of infection","The probable place of infection should be provided at the lowest level possible, down to NUTS 3 level. If the probable place of infection is not within an EU/EEA country, then use GAUL nomenclature. Note this is a repeatable field.","LOCATION","No","Yes","consult the location values in Location sheet",,,,,,,,,,,,"No","Country,GAUL1,GAUL2,NUTS1,NUTS2,NUTS3",1970-01-01,,4,2
"CAMP","PlaceOfNotification","Place of notification","Place of the first notification of the case to a regional authority. Select the most detailed NUTS level possible.","LOCATION","No","No","consult the location values in Location sheet",,,,,,,,,,,,"Yes","Country,NUTS1,NUTS2,NUTS3",1970-01-01,,4,3
"CAMP","PlaceOfResidence","Place of residence","Place of residence of patient at the time of disease onset. Select the most detailed NUTS level possible.","LOCATION","No","No","consult the location values in Location sheet",,,,,,,,,,,,"No","Country,NUTS1,NUTS2,NUTS3",1970-01-01,,4,4
"CAMP","IsolateId","Isolate identifier","This variable allows the linking of isolate records to the case record. Use the NationalRecordId of the isolate for this purpose. Note this is a repeatable field.","TEXT","No","Yes",,,80,,,,,,,,,,,,1970-01-01,,5,1
"CAMP","SequenceType","Sequence type","MLST 7 gene sequence type.","NUM","No","No",,,,0,999999999,,0,,,,,,,,1970-01-01,,5,2
"CAMP","DateOfReceiptSourceLab","Date of receipt source laboratory","Date of receipt in source laboratory.","DATE","No","No",,,,,,,,"No",,,"yyyy,yyyy-mm,yyyy-mm-dd,yyyy-Qq,yyyy-Www",,,,1970-01-01,,5,3
"CAMP","DateOfReceiptReferenceLab","Date of receipt reference laboratory","Date of receipt in reference laboratory.","DATE","No","No",,,,,,,,"No",,,"yyyy,yyyy-mm,yyyy-mm-dd,yyyy-Qq,yyyy-Www",,,,1970-01-01,,5,4
"CAMP","SIR_AMC","Susceptibility interpretation to Amoxicillin/Clavulanic acid","Susceptibility to Amoxicillin/Clavulanic acid as the final interpretation based on one or more test results.","REF","No","No","I = Intermediate
R = Resistant
S = Susceptible
",,,,,,,,,,,,,,1970-01-01,,6,1
"CAMP","SIR_CIP","Susceptibility interpretation to Ciprofloxacin","Susceptibility to Ciprofloxacin as the final interpretation based on one or more test results.","REF","No","No","I = Intermediate
R = Resistant
S = Susceptible
",,,,,,,,,,,,,,1970-01-01,,6,2
"CAMP","SIR_GEN","Susceptibility interpretation to Gentamicin","Susceptibility to Gentamicin as the final interpretation based on one or more test results.","REF","No","No","I = Intermediate
R = Resistant
S = Susceptible
",,,,,,,,,,,,,,1970-01-01,,6,3
"CAMP","SIR_ERY","Susceptibility interpretation to Erythromicin","Susceptibility to Erythromicin as the final interpretation based on one or more test results.","REF","No","No","I = Intermediate
R = Resistant
S = Susceptible
",,,,,,,,,,,,,,1970-01-01,,6,4
"CAMP","SIR_TCY","Susceptibility interpretation to Tetracyclines","Susceptibility to Tetracyclines as the final interpretation based on one or more test results.","REF","No","No","I = Intermediate
R = Resistant
S = Susceptible
",,,,,,,,,,,,,,1970-01-01,,6,5
"CAMPAGGR","Disease","Disease","The code of the disease that is being reported.","REF","No","No","CAMP = Campylobacteriosis
",,,,,,,,,,,,,,1970-01-01,,,
"CAMPAGGR","ReportingCountry","Reporting country","The country reporting the record.","LOCATION","Yes","No","consult the location values in Location sheet",,,,,,,,,,,,"Yes","Country",1970-01-01,,,
"CAMPAGGR","SubjectCode","Subject code","SubjectCode is a reporting model for a disease/health topic - identifies the reporting structure and format of a record (case based or aggregate reporting).","REF","Yes","No","CAMPAGGR = Campylobacteriosis aggregated
",,,,,,,,,,,,,,1970-01-01,,,
"CAMPAGGR","DataSource","Data source","The data source (surveillance system) that the record originates from. The DataSource value must be a special reference value from EpiPulse Cases metadata.","DATASOURCE","Yes","No","consult the data source values in DataSource sheet",,,,,,,,,,,,,,1970-01-01,,1,1
"CAMPAGGR","DateUsedForStatistics","Date used for statistics","The reference date used for standard reports that is compared to the reporting period. The date used for statistics can be any date that the reporting country finds applicable, e.g. date of notification, date of diagnosis or any other date.","DATE","Yes","No",,,,,,,,"No",,,"yyyy,yyyy-mm,yyyy-Qq",,,,1970-01-01,,1,2
"CAMPAGGR","AgeGroup","Age group","Age group of the reported record.","REF","No","No","Age00 = 0 years old
Age01_04 = 1 - 4 years old
Age05_09 = 5 - 9 years old
Age10_14 = 10 - 14 years old
Age15_19 = 15 - 19 years old
Age20_24 = 20 - 24 years old
Age25_29 = 25 - 29 years old
Age30_34 = 30 - 34 years old
Age35_39 = 35 - 39 years old
Age40_44 = 40 - 44 years old
Age45_49 = 45 - 49 years old
Age50_54 = 50 - 54 years old
Age55_59 = 55 - 59 years old
Age60_64 = 60 - 64 years old
Age65+ = 65+ years old
",,,,,,,,,,,,,,1970-01-01,,1,3
"CAMPAGGR","Gender","Gender","Gender of the reported record.","REF","No","No","F = Female
M = Male
OTH = Other
",,,,,,,,,,,,,,1970-01-01,,1,4
"CAMPAGGR","CaseClassification","Case classification","Case classification according to EU case definition.","REF","No","No","CONF = Confirmed
PROB = Probable
",,,,,,,,,,,,,,1970-01-01,,1,5
"CAMPAGGR","NumberOfCases","Number of cases","Total number of cases during the reported period for the specified disease.","NUM","Yes","No",,,,0,999999999,,0,,,,,,,,1970-01-01,,1,6
"CAMPISO","Disease","Disease","The code of the disease that is being reported.","REF","No","No","CAMP = Campylobacteriosis
",,,,,,,,,,,,,,1970-01-01,,,
"CAMPISO","HealthTopic","Health topic","The code of the health topic that is being reported.","REF","No","No","ISO = Isolate data
",,,,,,,,,,,,,,1970-01-01,,,
"CAMPISO","ReportingCountry","Reporting country","The country reporting the record.","LOCATION","Yes","No","consult the location values in Location sheet",,,,,,,,,,,,"Yes","Country",1970-01-01,,,
"CAMPISO","Status","Status","The Status value is used to provide the functionality for a record within EpiPulse Cases database. Default value: NEW/UPDATE. If set to DELETE, the record with the specified NationalRecordId is deleted (invalidated) from EpiPulse Cases database, if it exists. If set to NEW/UPDATE, the record is inserted into the database: If the same NationalRecordId already exists for the same data source and subject code, then the current submitted record updates (replace) the existing one.","REF","No","No","DELETE = Delete a previously reported record.
NEW/UPDATE = Update a previously reported record (default).
",,,,,,,,,,,,,,1970-01-01,,,
"CAMPISO","SubjectCode","Subject code","SubjectCode is a reporting model for a disease/health topic - identifies the reporting structure and format of a record (case based or aggregate reporting).","REF","Yes","No","CAMPISO = Campylobacter isolate
",,,,,,,,,,,,,,1970-01-01,,,
"CAMPISO","NationalRecordId","National record identifier","Unique identifier for each record within and across the specified surveillance system (data source) – selected and generated by the country reporting the record.","TEXT","Yes","No",,,80,,,,,,,,,,,,1970-01-01,,1,1
"CAMPISO","DataSource","Data source","The data source (surveillance system) that the record originates from. The DataSource value must be a special reference value from EpiPulse Cases metadata.","DATASOURCE","Yes","No","consult the data source values in DataSource sheet",,,,,,,,,,,,,,1970-01-01,,1,2
"CAMPISO","DateUsedForStatistics","Date used for statistics","The most epidemiologically relevant date for the isolate. Equal to the date of sampling if available. If not, equal to the date of receipt in the source lab, and if that is not available, the date of receipt in the reference lab.","DATE","Yes","No",,,,,,,,"No",2012-01-01,,"yyyy-mm-dd",,,,1970-01-01,,1,3
"CAMPISO","CaseId","Case identifier","This variable enables the linking of a case record to the isolate record. Use the NationalRecordId of the case for this purpose.","TEXT","No","No",,,80,,,,,,,,,,,,1970-01-01,,1,4
"CAMPISO","Age","Age","Age of patient in years as received or at the date of sampling.","NUM","No","No",,,,0,125,,0,,,,,,,,1970-01-01,,2,1
"CAMPISO","Gender","Gender","Gender of the reported record.","REF","No","No","F = Female
M = Male
OTH = Other
",,,,,,,,,,,,,,1970-01-01,,2,2
"CAMPISO","Imported","Imported","Infection has occurred following exposure outside the reporting country during a time compatible with the incubation period of the infection.","BOOL","No","No",,,,,,,,,,,,,,,1970-01-01,,2,3
"CAMPISO","PlaceOfInfection","Place of infection","The probable place of infection should be provided at the lowest level possible, down to NUTS3 level. If the probable place of infection is not an EU/EEA country, then use GAUL nomenclature. Note this is a repeatable field.","LOCATION","No","Yes","consult the location values in Location sheet",,,,,,,,,,,,"No","Country",1970-01-01,,2,4
"CAMPISO","ItemCode","Item code","Code of related EpiPulse item.","TEXT","No","No",,"^[0-9]{4}-[A-Z]{3}-[0-9]{5}$",14,,,,,,,,,,,,1970-01-01,,2,5
"CAMPISO","DateOfSampling","Date of sampling","Date the sample from which the isolate was derived was taken.","DATE","No","No",,,,,,,,"No",2012-01-01,,"yyyy-mm-dd","DateOfSampling,DateOfReceiptSourceLab,DateOfReceiptReferenceLab",,,1970-01-01,,3,1
"CAMPISO","DateOfReceiptSourceLab","Date of receipt source laboratory","Date of receipt in source laboratory, i.e. the laboratory the sample was first sent to.","DATE","No","No",,,,,,,,"No",2012-01-01,,"yyyy-mm-dd","DateOfSampling,DateOfReceiptSourceLab,DateOfReceiptReferenceLab",,,1970-01-01,,3,2
"CAMPISO","DateOfReceiptReferenceLab","Date of receipt reference laboratory","Date of receipt in reference laboratory or typing laboratory with reference function.","DATE","Yes","No",,,,,,,,"No",2012-01-01,,"yyyy-mm-dd","DateOfSampling,DateOfReceiptSourceLab,DateOfReceiptReferenceLab",,,1970-01-01,,3,3
"CAMPISO","SampleId","Sample identifier","Unique identifier for each sample within the lab system, allowing to link isolates derived from the same sample.","TEXT","No","No",,,1000,,,,,,,,,,,,1970-01-01,,3,4
"CAMPISO","SampleOrigin","Sample origin","Source that the isolate was obtained from: human, food, animal, environmental, etc.","REF","No","No","ANIMAL = Animal
ENVIRONMENT = Environment
FEED = Feed
FOOD = Food
HUMAN = Human
NON_HUMAN = Non human
",,,,,,,,,,,,,,1970-01-01,,3,5
"CAMPISO","Specimen","Specimen","The relevant specimen type used for diagnosis of the case.","REF","No","No","BLOOD = Blood
CSF = Cerebrospinal fluid
FAECES = Faeces
OTH = Other
PUS = Pus
URINE = Urine
",,,,,,,,,,,,,,1970-01-01,,3,6
"CAMPISO","Pathogen","Pathogen","Species or genus of the pathogen causing the reported disease.","REF","Yes","No","CAMCOL = Campylobacter coli
CAMFET = Campylobacter fetus
CAMJEJ = Campylobacter jejuni
CAMLAR = Campylobacter lari
CAMSPP = Campylobacter species, not specified
CAMUPS = Campylobacter upsaliensis
",,,,,,,,,,,,,,1970-01-01,,3,7
"CAMPISO","WgsProtocol","Wgs protocol","Protocol used for sequencing, limited to the sequencing technology used (today Illumina or IonTorrent) and the read length.","REF","No","No","HYBRID = 1-2 short read files (any technology, <1000 bp) and one long read file (any technology, >1000 bp)
ILLUMINA = Illumina short read sequencing (<1000 bp)
IONTORRENT = IonTorrent
LONG = Long read sequencing (any technology, >1000 bp)
MGI = MGI short read sequencing (<1000 bp)
ONT = Oxford Nanopore long read sequencing (>1000 bp)
PACBIO = Pacific Biosciences long read sequencing (>1000 bp)
SHORT = Short read sequencing (any technology, <1000 bp)
",,,,,,,,,,,,,,1970-01-01,,4,1
"CAMPISO","WgsAccession","Wgs accession identifier","European Nucleotide Archive (ENA) / Sequence Read Archive (SRA) run identifier, based on which the sequence read data can be retrieved. Starts with ERR or SRR, i.e. not the sample or experiment which is ERS/ERX or SRS/SRX.","TEXT","No","No",,,4000,,,,,,,,,,,,1970-01-01,,4,2
"CAMPISO","WgsAssembler","Wgs assembler","The assembler used for sequencing, optionally including parameter settings.","REF","No","No","MAP_TO_LOCI1 = Mapping to individual loci, variant 1 for IonTorrent
SKESA = SKESA assembler
SPADES = SPAdes without read mapping and consensus calling
SPADES_READMAP = SPAdes either including or followed by read mapping and consensus calling
VELVET = Velvet without read mapping and consensus calling
VELVET_READMAP = Velvet using k-mer optimisation, and followed by read mapping and consensus calling
",,,,,,,,,,,,,,1970-01-01,,4,3
"CAMPISO","SequenceType","Sequence type","MLST 7 gene sequence type.","NUM","No","No",,,,0,999999999,,0,,,,,,,,2026-03-17,,4,4
"CAMPISO$AST","SubjectCode","Subject code","SubjectCode is a reporting model for a disease/health topic - identifies the reporting structure and format of a record (case based or aggregate reporting).","REF","Yes","No","CAMPISO$AST = Campylobacter isolate – antimicrobial susceptibility test
",,,,,,,,,,,,,,1970-01-01,,,
"CAMPISO$AST","NationalRecordId","Antimicrobial susceptibility test (AST) record identifier","Unique identifier for each antimicrobial susceptibility test (AST) - selected and generated by the country reporting the record.","TEXT","Yes","No",,,80,,,,,,,,,,,,1970-01-01,,1,1
"CAMPISO$AST","ParentNationalRecordId","Parent national record identifier","The corresponding parent identifier for each record (should exists in the upper level). A record with no corresponding parent identifier will be ignored and it will not be added to EpiPulse Cases database.","TEXT","Yes","No",,,80,,,,,,,,,,,,1970-01-01,,1,2
"CAMPISO$AST","AntimicrobialAgent","Antimicrobial agent (antibiotic)","Antibiotic tested against.","REF","Yes","No","AMC = Amoxicillin + clavulanic acid
AZM = Azithromycin
CHL = Chloramphenicol
CIP = Ciprofloxacin
ERY = Erythromycin
ETP = Ertapenem
GEN = Gentamicin
IPM = Imipenem
MEM = Meropenem
TCY = Tetracyclines
",,,,,,,,,,,,,,1970-01-01,,1,3
"CAMPISO$AST","ASTMethod","Antimicrobial susceptibility test (AST) method","Drug susceptibility test method.","REF","Yes","No","ETEST = E-test
GEN = Sequencing or PCR
MIC = Minimum inhibitory concentration
ZONE = Disc diffusion test
",,,,,,,,,,,,,,1970-01-01,,1,4
"CAMPISO$AST","ValueAST","Antimicrobial susceptibility test (AST) value","Antimicrobial susceptibility test (AST) value (in mg/l). Use '.' as decimal delimiter, e.g. 0.25.","NUM","No","No",,,,0,99999,,4,,,,,,,,1970-01-01,,1,5
"CAMPISO$AST","SusceptibilitySign","Susceptibility sign","Test censor value (>, =, <=).","REF","No","No","< = Less than
<= = Less than or equal
= = Equal
> = Greater than
>= = Greater than or equal
",,,,,,,,,,,,,,1970-01-01,,1,6
"CAMPISO$AST","ASTInterpretation","Antimicrobial susceptibility test (AST) interpretation","Final interpretation based on EUCAST clinical breakpoints or through prediction of wild type/non-wild type from resistance genes and resistance-associated mutations.","REF","No","No","I = Susceptible, increased exposure
PNWT = Predicted non-wild type
PWT = Predicted wild type
R = Resistant
S = Susceptible, standard dosing regimen
",,,,,,,,,,,,,,1970-01-01,,1,7
"CCHF","Disease","Disease","The code of the disease that is being reported.","REF","No","No","CCHF = Crimean-Congo haemorrhagic fever
",,,,,,,,,,,,,,1970-01-01,,,
"CCHF","ReportingCountry","Reporting country","The country reporting the record.","LOCATION","Yes","No","consult the location values in Location sheet",,,,,,,,,,,,"Yes","Country",1970-01-01,,,
"CCHF","Status","Status","The Status value is used to provide the functionality for a record within EpiPulse Cases database. Default value: NEW/UPDATE. If set to DELETE, the record with the specified NationalRecordId is deleted (invalidated) from EpiPulse Cases database, if it exists. If set to NEW/UPDATE, the record is inserted into the database: If the same NationalRecordId already exists for the same data source and subject code, then the current submitted record updates (replace) the existing one.","REF","No","No","DELETE = Delete a previously reported record.
NEW/UPDATE = Update a previously reported record (default).
",,,,,,,,,,,,,,1970-01-01,,,
"CCHF","SubjectCode","Subject code","SubjectCode is a reporting model for a disease/health topic - identifies the reporting structure and format of a record (case based or aggregate reporting).","REF","Yes","No","CCHF = Crimean-Congo haemorrhagic fever
",,,,,,,,,,,,,,1970-01-01,,,
"CCHF","NationalRecordId","National record identifier","Unique identifier for each record within and across the specified surveillance system (data source) – selected and generated by the country reporting the record.","TEXT","Yes","No",,,80,,,,,,,,,,,,1970-01-01,,1,1
"CCHF","DataSource","Data source","The data source (surveillance system) that the record originates from. The DataSource value must be a special reference value from EpiPulse Cases metadata.","DATASOURCE","Yes","No","consult the data source values in DataSource sheet",,,,,,,,,,,,,,1970-01-01,,1,2
"CCHF","DateUsedForStatistics","Date used for statistics","The reference date used for standard reports that is compared to the reporting period. The date used for statistics can be any date that the reporting country finds applicable, e.g. date of notification, date of diagnosis or any other date.","DATE","Yes","No",,,,,,,,"No",,,"yyyy,yyyy-mm,yyyy-mm-dd,yyyy-Qq,yyyy-Www",,,,1970-01-01,,1,3
"CCHF","Age","Age","Age of patient in years as reported in the national system at the time of disease onset.","NUM","No","No",,,,0,125,,0,,,,,,,,1970-01-01,,2,1
"CCHF","Gender","Gender","Gender of the reported record.","REF","No","No","F = Female
M = Male
OTH = Other
",,,,,,,,,,,,,,1970-01-01,,2,2
"CCHF","DateOfOnset","Date of onset of disease","Date of onset of disease. Leave empty for asymptomatic cases.","DATE","No","No",,,,,,,,"No",,,"yyyy,yyyy-mm,yyyy-mm-dd,yyyy-Qq","DateOfOnset,DateOfDiagnosis,DateOfNotification",,,1970-01-01,,3,1
"CCHF","DateOfDiagnosis","Date of diagnosis","First date of clinical or lab diagnosis. In case the DateOfOnset is missing this date is used for analysis.","DATE","No","No",,,,,,,,"No",,,"yyyy,yyyy-mm,yyyy-mm-dd,yyyy-Qq,yyyy-Www","DateOfOnset,DateOfDiagnosis,DateOfNotification",,,1970-01-01,,3,2
"CCHF","DateOfNotification","Date of notification","Date when the case report is first notified to public health authorities.","DATE","No","No",,,,,,,,"No",,,"yyyy,yyyy-mm,yyyy-mm-dd,yyyy-Qq,yyyy-Www","DateOfOnset,DateOfDiagnosis,DateOfNotification",,,1970-01-01,,3,3
"CCHF","Outcome","Outcome of case","Information on whether the case is alive or deceased. The death should be due to the reported disease.","REF","No","No","A = Alive
D = Died
",,,,,,,,,,,,,,1970-01-01,,3,4
"CCHF","ClinicalCriteriaStatus","Clinical criteria status","The criteria for a clinical picture of the disease are met.","BOOL","No","No",,,,,,,,,,,,,,,1970-01-01,,3,5
"CCHF","EpiLinked","Epidemiological link criteria met","The criteria for an epidemiological link in the case definition is met.","BOOL","No","No",,,,,,,,,,,,,,,1970-01-01,,3,6
"CCHF","ModeOfTransmission","Mode of transmission","Suspected main mode of transmission.","REF","No","No","HAI = Healthcare-associated
OTH = Other
TICK = Transmission through tick bite
",,,,,,,,,,,,,,1970-01-01,,3,7
"CCHF","CaseClassification","Case classification","Case classification according to EU case definition.","REF","No","No","CONF = Confirmed
PROB = Probable
",,,,,,,,,,,,,,1970-01-01,,3,8
"CCHF","Imported","Imported","Infection has occurred following exposure outside the reporting country during a time compatible with the incubation period of the infection.","BOOL","No","No",,,,,,,,,,,,,,,1970-01-01,,4,1
"CCHF","PlaceOfResidence","Place of residence","Place of residence of patient at the time of disease onset. Select the most detailed NUTS level possible.","LOCATION","No","No","consult the location values in Location sheet",,,,,,,,,,,,"Yes","Country,NUTS1,NUTS2,NUTS3",1970-01-01,,4,2
"CCHF","PlaceOfNotification","Place of notification","Place of the first notification of the case to a regional authority. Select the most detailed NUTS level possible.","LOCATION","No","No","consult the location values in Location sheet",,,,,,,,,,,,"Yes","Country,NUTS1,NUTS2,NUTS3",1970-01-01,,4,3
"CCHF","PlaceOfInfection","Place of infection","The probable place of infection should be provided at the lowest level possible, down to NUTS3 level. If the probable place of infection is not an EU/EEA country, then use GAUL nomenclature. Note this is a repeatable field.","LOCATION","No","Yes","consult the location values in Location sheet",,,,,,,,,,,,"No","Country,GAUL1,GAUL2,LAU,NUTS1,NUTS2,NUTS3",1970-01-01,,4,4
"CCHFAGGR","Disease","Disease","The code of the disease that is being reported.","REF","No","No","CCHF = Crimean-Congo haemorrhagic fever
",,,,,,,,,,,,,,1970-01-01,,,
"CCHFAGGR","ReportingCountry","Reporting country","The country reporting the record.","LOCATION","Yes","No","consult the location values in Location sheet",,,,,,,,,,,,"Yes","Country",1970-01-01,,,
"CCHFAGGR","SubjectCode","Subject code","SubjectCode is a reporting model for a disease/health topic - identifies the reporting structure and format of a record (case based or aggregate reporting).","REF","Yes","No","CCHFAGGR = Crimean-Congo haemorrhagic fever aggregated
",,,,,,,,,,,,,,1970-01-01,,,
"CCHFAGGR","DataSource","Data source","The data source (surveillance system) that the record originates from. The DataSource value must be a special reference value from EpiPulse Cases metadata.","DATASOURCE","Yes","No","consult the data source values in DataSource sheet",,,,,,,,,,,,,,1970-01-01,,1,1
"CCHFAGGR","DateUsedForStatistics","Date used for statistics","The reference date used for standard reports that is compared to the reporting period. The date used for statistics can be any date that the reporting country finds applicable, e.g. date of notification, date of diagnosis or any other date.","DATE","Yes","No",,,,,,,,"No",,,"yyyy,yyyy-mm,yyyy-Qq",,,,1970-01-01,,1,2
"CCHFAGGR","AgeGroup","Age group","Age group of the reported record.","REF","No","No","Age00 = 0 years old
Age01_04 = 1 - 4 years old
Age05_09 = 5 - 9 years old
Age10_14 = 10 - 14 years old
Age15_19 = 15 - 19 years old
Age20_24 = 20 - 24 years old
Age25_29 = 25 - 29 years old
Age30_34 = 30 - 34 years old
Age35_39 = 35 - 39 years old
Age40_44 = 40 - 44 years old
Age45_49 = 45 - 49 years old
Age50_54 = 50 - 54 years old
Age55_59 = 55 - 59 years old
Age60_64 = 60 - 64 years old
Age65+ = 65+ years old
",,,,,,,,,,,,,,1970-01-01,,1,3
"CCHFAGGR","Gender","Gender","Gender of the reported record.","REF","No","No","F = Female
M = Male
OTH = Other
",,,,,,,,,,,,,,1970-01-01,,1,4
"CCHFAGGR","CaseClassification","Case classification","Case classification according to EU case definition.","REF","No","No","CONF = Confirmed
PROB = Probable
",,,,,,,,,,,,,,1970-01-01,,1,5
"CCHFAGGR","Imported","Imported","Infection has occurred following exposure outside the reporting country during a time compatible with the incubation period of the infection.","BOOL","No","No",,,,,,,,,,,,,,,1970-01-01,,1,6
"CCHFAGGR","NumberOfCases","Number of cases","Total number of cases during the reported period for the specified disease.","NUM","Yes","No",,,,0,999999999,,0,,,,,,,,1970-01-01,,1,7
"CHIK","Disease","Disease","The code of the disease that is being reported.","REF","No","No","CHIK = Chikungunya virus disease
",,,,,,,,,,,,,,1970-01-01,,,
"CHIK","ReportingCountry","Reporting country","The country reporting the record.","LOCATION","Yes","No","consult the location values in Location sheet",,,,,,,,,,,,"Yes","Country",1970-01-01,,,
"CHIK","Status","Status","The Status value is used to provide the functionality for a record within EpiPulse Cases database. Default value: NEW/UPDATE. If set to DELETE, the record with the specified NationalRecordId is deleted (invalidated) from EpiPulse Cases database, if it exists. If set to NEW/UPDATE, the record is inserted into the database: If the same NationalRecordId already exists for the same data source and subject code, then the current submitted record updates (replace) the existing one.","REF","No","No","DELETE = Delete a previously reported record.
NEW/UPDATE = Update a previously reported record (default).
",,,,,,,,,,,,,,1970-01-01,,,
"CHIK","SubjectCode","Subject code","SubjectCode is a reporting model for a disease/health topic - identifies the reporting structure and format of a record (case based or aggregate reporting).","REF","Yes","No","CHIK = Chikungunya virus disease
",,,,,,,,,,,,,,1970-01-01,,,
"CHIK","NationalRecordId","National record identifier","Unique identifier for each record within and across the specified surveillance system (data source) – selected and generated by the country reporting the record.","TEXT","Yes","No",,,80,,,,,,,,,,,,1970-01-01,,1,1
"CHIK","DataSource","Data source","The data source (surveillance system) that the record originates from. The DataSource value must be a special reference value from EpiPulse Cases metadata.","DATASOURCE","Yes","No","consult the data source values in DataSource sheet",,,,,,,,,,,,,,1970-01-01,,1,2
"CHIK","DateUsedForStatistics","Date used for statistics","The reference date used for standard reports that is compared to the reporting period. The date used for statistics can be any date that the reporting country finds applicable, e.g. date of notification, date of diagnosis or any other date.","DATE","Yes","No",,,,,,,,"No",,,"yyyy,yyyy-mm,yyyy-mm-dd,yyyy-Qq,yyyy-Www",,,,1970-01-01,,1,3
"CHIK","Age","Age","Age of patient in years as reported in the national system at the time of disease onset.","NUM","No","No",,,,0,125,,0,,,,,,,,1970-01-01,,2,1
"CHIK","Gender","Gender","Gender of the reported record.","REF","No","No","F = Female
M = Male
OTH = Other
",,,,,,,,,,,,,,1970-01-01,,2,2
"CHIK","DateOfOnset","Date of onset of disease","Date of onset of disease. Leave empty for asymptomatic cases.","DATE","No","No",,,,,,,,"No",,,"yyyy,yyyy-mm,yyyy-mm-dd,yyyy-Qq","DateOfOnset,DateOfDiagnosis,DateOfNotification",,,1970-01-01,,3,1
"CHIK","DateOfDiagnosis","Date of diagnosis","First date of clinical or lab diagnosis. In case the DateOfOnset is missing this date is used for analysis.","DATE","No","No",,,,,,,,"No",,,"yyyy,yyyy-mm,yyyy-mm-dd,yyyy-Qq,yyyy-Www","DateOfOnset,DateOfDiagnosis,DateOfNotification",,,1970-01-01,,3,2
"CHIK","DateOfNotification","Date of notification","Date when the case report is first notified to public health authorities.","DATE","No","No",,,,,,,,"No",,,"yyyy,yyyy-mm,yyyy-mm-dd,yyyy-Qq,yyyy-Www","DateOfOnset,DateOfDiagnosis,DateOfNotification",,,1970-01-01,,3,3
"CHIK","Hospitalisation","Hospitalisation","History of hospitalisation due to the disease or related complications. Hospitalisation defined as at least one overnight stay.","BOOL","No","No",,,,,,,,,,,,,,,1970-01-01,,3,4
"CHIK","Outcome","Outcome of case","Information on whether the case is alive or deceased. The death should be due to the reported disease.","REF","No","No","A = Alive
D = Died
",,,,,,,,,,,,,,1970-01-01,,3,5
"CHIK","ClinicalCriteriaStatus","Clinical criteria status","The criteria for a clinical picture of the disease are met.","BOOL","No","No",,,,,,,,,,,,,,,1970-01-01,,3,6
"CHIK","ClinicalCriteria","Clinical manifestation (criteria) of the case","The clinical manifestation of the disease according to EU case definition.","REF","No","No","ASY = Asymptomatic
SYMP = Symptomatic
",,,,,,,,,,,,,,1970-01-01,,3,7
"CHIK","PathogenDetectionMethod","Pathogen detection method","Pathogen detection method used to diagnose the case. More than one method can be reported.","REF","No","Yes","ISOV = Isolation of virus
NEU = Neutralisation
NUC = Nucleic acid amplification
OTH = Other
SCONV = Seroconversion or fourfold titre rise
SIGM = Specific IgM-antibodies
",,,,,,,,,,,,,,1970-01-01,,3,8
"CHIK","CaseClassification","Case classification","Case classification according to EU case definition.","REF","No","No","CONF = Confirmed
PROB = Probable
",,,,,,,,,,,,,,1970-01-01,,3,9
"CHIK","ClusterId","Cluster identification","Cluster identification code. Only required for autochthonous cases.","TEXT","No","No",,,80,,,,,,,,,,,,1970-01-01,,3,10
"CHIK","Imported","Imported","Infection has occurred following exposure outside the reporting country during a time compatible with the incubation period of the infection.","BOOL","No","No",,,,,,,,,,,,,,,1970-01-01,,4,1
"CHIK","PlaceOfResidence","Place of residence","Place of residence of patient at the time of disease onset. Select the most detailed NUTS level possible.","LOCATION","No","No","consult the location values in Location sheet",,,,,,,,,,,,"No","Country,NUTS1,NUTS2,NUTS3",1970-01-01,,4,2
"CHIK","PlaceOfNotification","Place of notification","Place of the first notification of the case to a regional authority. Select the most detailed NUTS level possible.","LOCATION","No","No","consult the location values in Location sheet",,,,,,,,,,,,"Yes","Country,NUTS1,NUTS2,NUTS3",1970-01-01,,4,3
"CHIK","PlaceOfInfection","Place of infection","The probable place of infection should be provided at the lowest level possible, down to NUTS3 level. If the probable place of infection is not an EU/EEA country, then use GAUL nomenclature. Note this is a repeatable field.","LOCATION","No","Yes","consult the location values in Location sheet",,,,,,,,,,,,"No","Country,GAUL1,GAUL2,LAU,NUTS1,NUTS2,NUTS3",1970-01-01,,4,4
"CHIKAGGR","Disease","Disease","The code of the disease that is being reported.","REF","No","No","CHIK = Chikungunya virus disease
",,,,,,,,,,,,,,1970-01-01,,,
"CHIKAGGR","ReportingCountry","Reporting country","The country reporting the record.","LOCATION","Yes","No","consult the location values in Location sheet",,,,,,,,,,,,"Yes","Country",1970-01-01,,,
"CHIKAGGR","SubjectCode","Subject code","SubjectCode is a reporting model for a disease/health topic - identifies the reporting structure and format of a record (case based or aggregate reporting).","REF","Yes","No","CHIKAGGR = Chikungunya virus disease aggregated
",,,,,,,,,,,,,,1970-01-01,,,
"CHIKAGGR","DataSource","Data source","The data source (surveillance system) that the record originates from. The DataSource value must be a special reference value from EpiPulse Cases metadata.","DATASOURCE","Yes","No","consult the data source values in DataSource sheet",,,,,,,,,,,,,,1970-01-01,,1,1
"CHIKAGGR","DateUsedForStatistics","Date used for statistics","The reference date used for standard reports that is compared to the reporting period. The date used for statistics can be any date that the reporting country finds applicable, e.g. date of notification, date of diagnosis or any other date.","DATE","Yes","No",,,,,,,,"No",,,"yyyy,yyyy-mm,yyyy-Qq,yyyy-Www",,,,1970-01-01,,1,2
"CHIKAGGR","AgeGroup","Age group","Age group of the reported record.","REF","No","No","Age00 = 0 years old
Age01_04 = 1 - 4 years old
Age05_09 = 5 - 9 years old
Age10_14 = 10 - 14 years old
Age15_19 = 15 - 19 years old
Age20_24 = 20 - 24 years old
Age25_29 = 25 - 29 years old
Age30_34 = 30 - 34 years old
Age35_39 = 35 - 39 years old
Age40_44 = 40 - 44 years old
Age45_49 = 45 - 49 years old
Age50_54 = 50 - 54 years old
Age55_59 = 55 - 59 years old
Age60_64 = 60 - 64 years old
Age65+ = 65+ years old
",,,,,,,,,,,,,,1970-01-01,,1,3
"CHIKAGGR","Gender","Gender","Gender of the reported record.","REF","No","No","F = Female
M = Male
OTH = Other
",,,,,,,,,,,,,,1970-01-01,,1,4
"CHIKAGGR","CaseClassification","Case classification","Case classification according to EU case definition.","REF","No","No","CONF = Confirmed
PROB = Probable
",,,,,,,,,,,,,,1970-01-01,,1,5
"CHIKAGGR","Imported","Imported","Infection has occurred following exposure outside the reporting country during a time compatible with the incubation period of the infection.","BOOL","No","No",,,,,,,,,,,,,,,1970-01-01,,1,6
"CHIKAGGR","NumberOfCases","Number of cases","Total number of cases during the reported period for the specified disease.","NUM","Yes","No",,,,0,999999999,,0,,,,,,,,1970-01-01,,1,7
"CHLAM","Disease","Disease","The code of the disease that is being reported.","REF","No","No","CHLAM = Chlamydia infection
",,,,,,,,,,,,,,1970-01-01,,,
"CHLAM","ReportingCountry","Reporting country","The country reporting the record.","LOCATION","Yes","No","consult the location values in Location sheet",,,,,,,,,,,,"Yes","Country",1970-01-01,,,
"CHLAM","Status","Status","The Status value is used to provide the functionality for a record within EpiPulse Cases database. Default value: NEW/UPDATE. If set to DELETE, the record with the specified NationalRecordId is deleted (invalidated) from EpiPulse Cases database, if it exists. If set to NEW/UPDATE, the record is inserted into the database: If the same NationalRecordId already exists for the same data source and subject code, then the current submitted record updates (replace) the existing one.","REF","No","No","DELETE = Delete a previously reported record.
NEW/UPDATE = Update a previously reported record (default).
",,,,,,,,,,,,,,1970-01-01,,,
"CHLAM","SubjectCode","Subject code","SubjectCode is a reporting model for a disease/health topic - identifies the reporting structure and format of a record (case based or aggregate reporting).","REF","Yes","No","CHLAM = Chlamydia infection
",,,,,,,,,,,,,,1970-01-01,,,
"CHLAM","NationalRecordId","National record identifier","Unique identifier for each record within and across the specified surveillance system (data source) – selected and generated by the country reporting the record.","TEXT","Yes","No",,,80,,,,,,,,,,,,1970-01-01,,1,1
"CHLAM","DataSource","Data source","The data source (surveillance system) that the record originates from. The DataSource value must be a special reference value from EpiPulse Cases metadata.","DATASOURCE","Yes","No","consult the data source values in DataSource sheet",,,,,,,,,,,,,,1970-01-01,,1,2
"CHLAM","DateUsedForStatistics","Date used for statistics","The reference date used for standard reports that is compared to the reporting period. The date used for statistics can be any date that the reporting country finds applicable, e.g. date of notification, date of diagnosis or any other date.","DATE","Yes","No",,,,,,,,"No",,,"yyyy,yyyy-mm,yyyy-mm-dd,yyyy-Www",,,,1970-01-01,,1,3
"CHLAM","Age","Age","Age of the patient in years at the date of diagnosis (crude age is preferred). Age can be calculated from date of birth at time of consultation or notification.","NUM","No","No",,,,0,125,,0,,,,,,,,1970-01-01,,2,1
"CHLAM","Gender","Gender","Gender of the reported record. Transsexual should be coded as ""OTH"" - Other.","REF","No","No","F = Female
M = Male
OTH = Other
",,,,,,,,,,,,,,1970-01-01,,2,2
"CHLAM","DateOfOnset","Date of onset of disease","The date of onset of disease is the day that first symptoms appeared.","DATE","No","No",,,,,,,,"No",,,"yyyy-mm-dd","DateOfOnset,DateOfDiagnosis,DateOfNotification",,,1970-01-01,,2,3
"CHLAM","DateOfDiagnosis","Date of diagnosis","Date of diagnosis refers to the date of first laboratory confirmative diagnosis (either date of specimen taken or date of laboratory confirmation received or date of clinical diagnosis confirmed). Please note that ""Date of Consultation"" is commonly used in STI services; this date can be used as a proxy for date of diagnosis and date of notification. For STI, the date of diagnosis (as a proxy for date of consultation) will be used for the analysis and the report; for that reason, this will be a compulsory variable.","DATE","No","No",,,,,,,,"No",,,"yyyy-mm-dd","DateOfOnset,DateOfDiagnosis,DateOfNotification",,,1970-01-01,,2,4
"CHLAM","DateOfNotification","Date of notification","Date when the case report is first notified to public health authorities. Please note that ""Date of Consultation"" is commonly used in STI services; this date can be used as a proxy for date of diagnosis and date of notification.","DATE","No","No",,,,,,,,"No",,,"yyyy-mm-dd","DateOfOnset,DateOfDiagnosis,DateOfNotification",,,1970-01-01,,2,5
"CHLAM","Outcome","Outcome of case","For STI, it is not expected to report this variable (leave empty if not known).","REF","No","No","A = Alive
D = Died
",,,,,,,,,,,,,,1970-01-01,,2,6
"CHLAM","ClinicalCriteriaStatus","Clinical criteria status","Because only laboratory confirmed cases are to be reported according to the EU case definition, it is not expected to report this variable (leave empty if not known).","BOOL","No","No",,,,,,,,,,,,,,,1970-01-01,,2,7
"CHLAM","EpiLinked","Epidemiological link criteria met","Because only laboratory confirmed cases are to be reported according to the EU case definition, it is not expected to report this variable (leave empty if not known).","BOOL","No","No",,,,,,,,,,,,,,,1970-01-01,,2,8
"CHLAM","CaseClassification","Case classification","Only CONFIRMED cases should be reported at EU Level, therefore ""CONF"" is the expected code here. It is recognised that not all MS have a requirement for lab confirmation for reporting at national level. In short to mid-term the variable can be coded as ""CONF"" or leave empty until case definitions are met.","REF","No","No","CONF = Confirmed
POSS = Possible
PROB = Probable
",,,,,,,,,,,,,,1970-01-01,,2,9
"CHLAM","PlaceOfNotification","Place of notification","Place of the first notification of the case to a regional authority. Select the most detailed NUTS level possible.","LOCATION","No","No","consult the location values in Location sheet",,,,,,,,,,,,"No","Country,NUTS1,NUTS2,NUTS3",1970-01-01,,2,10
"CHLAM","PlaceOfResidence","Place of residence","Place of residence of patient at the time of diagnosis. Select the most detailed NUTS level possible.","LOCATION","No","No","consult the location values in Location sheet",,,,,,,,,,,,"Yes","Country,NUTS1,NUTS2,NUTS3",1970-01-01,,2,11
"CHLAM","PathogenDetectionResult","Pathogen detection result (laboratory result)","For all STI (syphilis, congenital syphilis, gonorrhoea, chlamydia and LGV), all reported cases need to be laboratory confirmed to conform to the EU case definitions. Therefore, ""CONF"" is the expected code here. It is recognised that not all MS have a requirement for lab confirmation for reporting at national level. In short to mid-term the variable can be coded as ""CONF"" or leave empty until case definitions are met.","REF","No","No","CONF = Confirmed
PROB = Probable
",,,,,,,,,,,,,,1970-01-01,,2,12
"CHLAM","ClinicalServiceType","Clinical service type","Type of clinical service where patient was first seen.","REF","No","No","ANC = Antenatal care
COMB = Combined service
DV = Dermatology-venereology clinic
ED = Hospital emergency department
FPC = Family planning clinic
GP = General practioner
GYN = Gynaecology clinic
ID = Infectious disease clinic
OPC = Other primary care
OTH = Other
STI = Dedicated STI clinic
URO = Urology
YTH = Youth clinic
",,,,,,,,,,,,,,1970-01-01,,2,13
"CHLAM","SiteOfInfection","Site of infection","Genital includes urethra, cervix, vagina, urine. Other includes blood, eye, joint fluid, aspirate from abscess. The kind of specimen can be used as a proxy for this variable. Please note this is a repeatable variable.","REF","No","Yes","AR = Ano-Rectal
GEN = Genital
OTH = Other
PH = Pharyngeal
",,,,,,,,,,,,,,1970-01-01,,2,14
"CHLAM","ModeOfTransmission","Mode of transmission","This variable specifies the most probable route of transmission. ""OTH"" (Other) can be used to indicate for example injecting drug use or blood transfusions for syphilis transmission. If the national system collects sexual orientation data the variable should be coded as ""MSM"" (Men who have Sex with Men) if the case is a homosexual male or bisexual male. If the case is a heterosexual male or female the variable should be coded as ""HETERO"" (Heterosexual contact). If the national system collects information on the gender of partners the variable should be coded as ""MSM"" if the case is male and has had one or more male sexual partners. For congenitally acquired cases of STI the variable should be coded as ""MTCT"" (Mother-to-child transmission).","REF","No","No","HETERO = Heterosexual contact
MSM = MSM/home or bisexual male
MTCT = Mother-to-child transmission
OTH = Other
",,,,,,,,,,,,,,1970-01-01,,2,15
"CHLAM","HIVStatus","HIV status","This variable specifies the HIV status of patient at time of diagnosis. If the case is HIV positive and the date of diagnosis is collected by the national system, the variable should be coded as a ""new HIV diagnosis"" if HIV had been diagnosed at the same consultation or within 3 months of the current STI date of diagnosis. If HIV was diagnosed more than three months ago, the variable should be coded as a ""known HIV positive"". When HIV status is known, BUT the date of HIV diagnosis is not known or not collected, the variable should be coded as either ""negative"" or ""positive"". If HIV status is not known the variable should be left empty.","REF","No","No","NEG = Negative
POS = Positive
POSKNOWN = Known HIV positive
POSNEW = New HIV diagnosis
",,,,,,,,,,,,,,1970-01-01,,2,16
"CHLAM","HIVPrEP","Pre-exposure prophylaxis for HIV","Used pre-exposure prophylaxis for HIV any time in the 12 months prior to the diagnosis of disease.","BOOL","No","No",,,,,,,,,,,,,,,1970-01-01,,2,17
"CHLAM","AntibioticProphylaxis","Antibiotic prophylaxis","Used doxycycline or other antibiotics for STI prophylaxis (pre or post exposure) any time in the past three months prior to diagnosis of disease. This does not include antibiotics provided as treatment for an STI or in the context of partner management.","BOOL","No","No",,,,,,,,,,,,,,,1970-01-01,,2,18
"CHLAMAGGR","Disease","Disease","The code of the disease that is being reported.","REF","No","No","CHLAM = Chlamydia infection
",,,,,,,,,,,,,,1970-01-01,,,
"CHLAMAGGR","ReportingCountry","Reporting country","The country reporting the record.","LOCATION","Yes","No","consult the location values in Location sheet",,,,,,,,,,,,"Yes","Country",1970-01-01,,,
"CHLAMAGGR","SubjectCode","Subject code","SubjectCode is a reporting model for a disease/health topic - identifies the reporting structure and format of a record (case based or aggregate reporting).","REF","Yes","No","CHLAMAGGR = Chlamydia infection aggregated
",,,,,,,,,,,,,,1970-01-01,,,
"CHLAMAGGR","DataSource","Data source","The data source (surveillance system) that the record originates from. The DataSource value must be a special reference value from EpiPulse Cases metadata.","DATASOURCE","Yes","No","consult the data source values in DataSource sheet",,,,,,,,,,,,,,1970-01-01,,1,1
"CHLAMAGGR","DateUsedForStatistics","Date used for statistics","The reference date used for standard reports that is compared to the reporting period. The date used for statistics can be any date that the reporting country finds applicable, e.g. date of notification, date of diagnosis or any other date.","DATE","Yes","No",,,,,,,,"No",,,"yyyy,yyyy-mm",,,,1970-01-01,,1,2
"CHLAMAGGR","AgeGroup","Age group","Age group of the reported record.","REF","No","No","Age00_14 = 00 - 14 years old
Age15_19 = 15 - 19 years old
Age20_24 = 20 - 24 years old
Age25_34 = 25 - 34 years old
Age35_44 = 35 - 44 years old
Age45+ = 45+ years old
",,,,,,,,,,,,,,1970-01-01,,1,3
"CHLAMAGGR","Gender","Gender","Gender of the reported record. Transsexual should be coded as ""OTH"" - Other.","REF","No","No","F = Female
M = Male
OTH = Other
",,,,,,,,,,,,,,1970-01-01,,1,4
"CHLAMAGGR","CaseClassification","Case classification","Only CONFIRMED cases should be reported at EU Level, therefore ""CONF"" is the expected code here. It is recognised that not all MS have a requirement for lab confirmation for reporting at national level. In short to mid-term the variable can be coded as ""CONF"" or leave empty until case definitions are met.","REF","No","No","CONF = Confirmed
POSS = Possible
PROB = Probable
",,,,,,,,,,,,,,1970-01-01,,1,5
"CHLAMAGGR","SiteOfInfection","Site of infection","Genital includes urethra, cervix, vagina, urine. Other includes blood, eye, joint fluid, aspirate from abscess. The kind of specimen can be used as a proxy for this variable.","REF","No","No","AR = Ano-Rectal
GEN = Genital
OTH = Other
PH = Pharyngeal
",,,,,,,,,,,,,,1970-01-01,,1,6
"CHLAMAGGR","ModeOfTransmission","Mode of transmission","This variable specifies the most probable route of transmission. ""OTH"" (Other) can be used to indicate for example injecting drug use or blood transfusions for syphilis transmission. If the national system collects sexual orientation data the variable should be coded as ""MSM"" (Men who have Sex with Men) if the case is a homosexual male or bisexual male. If the case is a heterosexual male or female the variable should be coded as ""HETERO"" (Heterosexual contact). If the national system collects information on the gender of partners the variable should be coded as ""MSM"" if the case is male and has had one or more male sexual partners. For congenitally acquired cases of STI the variable should be coded as ""MTCT"" (Mother-to-child transmission).","REF","No","No","HETERO = Heterosexual contact
MSM = MSM/home or bisexual male
MTCT = Mother-to-child transmission
OTH = Other
",,,,,,,,,,,,,,1970-01-01,,1,7
"CHLAMAGGR","NumberOfCases","Number of cases","Total number of cases during the reported period for the specified disease.","NUM","Yes","No",,,,0,999999999,,0,,,,,,,,1970-01-01,,1,8
"CONSYPH","Disease","Disease","The code of the disease that is being reported.","REF","No","No","SYPH = Syphilis
",,,,,,,,,,,,,,1970-01-01,,,
"CONSYPH","ReportingCountry","Reporting country","The country reporting the record.","LOCATION","Yes","No","consult the location values in Location sheet",,,,,,,,,,,,"Yes","Country",1970-01-01,,,
"CONSYPH","Status","Status","The Status value is used to provide the functionality for a record within EpiPulse Cases database. Default value: NEW/UPDATE. If set to DELETE, the record with the specified NationalRecordId is deleted (invalidated) from EpiPulse Cases database, if it exists. If set to NEW/UPDATE, the record is inserted into the database: If the same NationalRecordId already exists for the same data source and subject code, then the current submitted record updates (replace) the existing one.","REF","No","No","DELETE = Delete a previously reported record.
NEW/UPDATE = Update a previously reported record (default).
",,,,,,,,,,,,,,1970-01-01,,,
"CONSYPH","SubjectCode","Subject code","SubjectCode is a reporting model for a disease/health topic - identifies the reporting structure and format of a record (case based or aggregate reporting).","REF","Yes","No","CONSYPH = Syphilis, congenital
",,,,,,,,,,,,,,1970-01-01,,,
"CONSYPH","NationalRecordId","National record identifier","Unique identifier for each record within and across the specified surveillance system (data source) – selected and generated by the country reporting the record.","TEXT","Yes","No",,,80,,,,,,,,,,,,1970-01-01,,1,1
"CONSYPH","DataSource","Data source","The data source (surveillance system) that the record originates from. The DataSource value must be a special reference value from EpiPulse Cases metadata.","DATASOURCE","Yes","No","consult the data source values in DataSource sheet",,,,,,,,,,,,,,1970-01-01,,1,2
"CONSYPH","DateUsedForStatistics","Date used for statistics","The reference date used for standard reports that is compared to the reporting period. The date used for statistics can be any date that the reporting country finds applicable, e.g. date of notification, date of diagnosis or any other date.","DATE","Yes","No",,,,,,,,"No",,,"yyyy,yyyy-mm,yyyy-mm-dd,yyyy-Www",,,,1970-01-01,,1,3
"CONSYPH","Age","Age","Age of the patient in years at the date of diagnosis (crude age is preferred). Age can be calculated from date of birth at time of consultation or notification. Both Age and AgeMonth variables should be reported.","NUM","No","No",,,,0,1,,0,,,,,,,,1970-01-01,,2,1
"CONSYPH","AgeMonth","Age in months","Age of the patient in months at the date of diagnosis. Both Age and AgeMonth variables should be reported.","NUM","No","No",,,,0,23,,0,,,,,,,,1970-01-01,,2,2
"CONSYPH","Gender","Gender","Gender of the reported record. Transsexual should be coded as ""OTH"" - Other.","REF","No","No","F = Female
M = Male
OTH = Other
",,,,,,,,,,,,,,1970-01-01,,2,3
"CONSYPH","DateOfOnset","Date of onset of disease","The date of onset of disease is the day that first symptoms appeared.","DATE","No","No",,,,,,,,"No",,,"yyyy-mm-dd","DateOfOnset,DateOfDiagnosis,DateOfNotification",,,1970-01-01,,2,4
"CONSYPH","DateOfDiagnosis","Date of diagnosis","Date of diagnosis refers to the date of first laboratory confirmative diagnosis (either date of specimen taken or date of laboratory confirmation received or date of clinical diagnosis confirmed). Please note that ""Date of Consultation"" is commonly used in STI services; this date can be used as a proxy for date of diagnosis and date of notification. For STI, the date of diagnosis (as a proxy for date of consultation) will be used for the analysis and the report; for that reason, this will be a compulsory variable.","DATE","No","No",,,,,,,,"No",,,"yyyy-mm-dd","DateOfOnset,DateOfDiagnosis,DateOfNotification",,,1970-01-01,,2,5
"CONSYPH","DateOfNotification","Date of notification","Date when the case report is first notified to public health authorities. Please note that ""Date of Consultation"" is commonly used in STI services; this date can be used as a proxy for date of diagnosis and date of notification.","DATE","No","No",,,,,,,,"No",,,"yyyy-mm-dd","DateOfOnset,DateOfDiagnosis,DateOfNotification",,,1970-01-01,,2,6
"CONSYPH","Outcome","Outcome of case","For STI, it is not expected to report this variable (leave empty if not known).","REF","No","No","A = Alive
D = Died
",,,,,,,,,,,,,,1970-01-01,,2,7
"CONSYPH","ClinicalCriteriaStatus","Clinical criteria status","Case fulfils clinical criteria as set out in EU case definition.","BOOL","No","No",,,,,,,,,,,,,,,1970-01-01,,2,8
"CONSYPH","EpiLinked","Epidemiological link criteria met","Because only laboratory confirmed cases are to be reported according to the EU case definition, it is not expected to report this variable (leave empty if not known).","BOOL","No","No",,,,,,,,,,,,,,,1970-01-01,,2,9
"CONSYPH","CaseClassification","Case classification","Case classification.","REF","No","No","CONF = Confirmed
POSS = Possible
PROB = Probable
",,,,,,,,,,,,,,1970-01-01,,2,10
"CONSYPH","PathogenDetectionResult","Pathogen detection result (laboratory result)","Whether case fulfils laboratory criteria in EU case definition.","REF","No","No","CONF = Confirmed
PROB = Probable
",,,,,,,,,,,,,,1970-01-01,,2,11
"CONSYPH","PlaceOfNotification","Place of notification","Place of the first notification of the case to a regional authority. Select the most detailed NUTS level possible.","LOCATION","No","No","consult the location values in Location sheet",,,,,,,,,,,,"No","Country,NUTS1,NUTS2,NUTS3",1970-01-01,,2,12
"CONSYPH","PlaceOfResidence","Place of residence","Place of residence of patient at the time of diagnosis. Select the most detailed NUTS level possible.","LOCATION","No","No","consult the location values in Location sheet",,,,,,,,,,,,"Yes","Country,NUTS1,NUTS2,NUTS3",1970-01-01,,2,13
"CONSYPH","CountryOfBirth","Country of birth of patient","Country of birth of the patient.","LOCATION","No","No","consult the location values in Location sheet",,,,,,,,,,,,"No","Country",1970-01-01,,2,14
"CONSYPH","CountryOfNationality","Country of nationality of patient","Identifies the country where the patient is registered as citizen.","LOCATION","No","No","consult the location values in Location sheet",,,,,,,,,,,,"No","Country",1970-01-01,,2,15
"CONSYPH","CountryOfBirthOfMother","Country of birth of mother","Identifies the country where the mother of the patient was born.","LOCATION","No","No","consult the location values in Location sheet",,,,,,,,,,,,"No","Country",1970-01-01,,2,16
"CONSYPH","CountryOfNationalityOfMother","Country of nationality of mother","Identifies the country where the mother of the patient is registered as citizen.","LOCATION","No","No","consult the location values in Location sheet",,,,,,,,,,,,"No","Country",1970-01-01,,2,17
"CONSYPHAGGR","Disease","Disease","The code of the disease that is being reported.","REF","No","No","SYPH = Syphilis
",,,,,,,,,,,,,,1970-01-01,,,
"CONSYPHAGGR","ReportingCountry","Reporting country","The country reporting the record.","LOCATION","Yes","No","consult the location values in Location sheet",,,,,,,,,,,,"Yes","Country",1970-01-01,,,
"CONSYPHAGGR","SubjectCode","Subject code","SubjectCode is a reporting model for a disease/health topic - identifies the reporting structure and format of a record (case based or aggregate reporting).","REF","Yes","No","CONSYPHAGGR = Syphilis, congenital aggregated
",,,,,,,,,,,,,,1970-01-01,,,
"CONSYPHAGGR","DataSource","Data source","The data source (surveillance system) that the record originates from. The DataSource value must be a special reference value from EpiPulse Cases metadata.","DATASOURCE","Yes","No","consult the data source values in DataSource sheet",,,,,,,,,,,,,,1970-01-01,,1,1
"CONSYPHAGGR","DateUsedForStatistics","Date used for statistics","The reference date used for standard reports that is compared to the reporting period. The date used for statistics can be any date that the reporting country finds applicable, e.g. date of notification, date of diagnosis or any other date.","DATE","Yes","No",,,,,,,,"No",,,"yyyy,yyyy-mm",,,,1970-01-01,,1,2
"CONSYPHAGGR","AgeGroup","Age group (in months)","Age group (in months) of the reported record.","REF","No","No","M0 = 0 months old
M1 = 1 months old
M2 = 2 months old
M3+ = 3+ months old
",,,,,,,,,,,,,,1970-01-01,,1,3
"CONSYPHAGGR","Gender","Gender","Gender of the reported record. Transsexual should be coded as ""OTH"" - Other.","REF","No","No","F = Female
M = Male
OTH = Other
",,,,,,,,,,,,,,1970-01-01,,1,4
"CONSYPHAGGR","CaseClassification","Case classification","Case classification.","REF","No","No","CONF = Confirmed
POSS = Possible
PROB = Probable
",,,,,,,,,,,,,,1970-01-01,,1,5
"CONSYPHAGGR","NumberOfCases","Number of cases","Total number of cases during the reported period for the specified disease.","NUM","Yes","No",,,,0,999999999,,0,,,,,,,,1970-01-01,,1,6
"DENGUE","Disease","Disease","The code of the disease that is being reported.","REF","No","No","DENGUE = Dengue
",,,,,,,,,,,,,,1970-01-01,,,
"DENGUE","ReportingCountry","Reporting country","The country reporting the record.","LOCATION","Yes","No","consult the location values in Location sheet",,,,,,,,,,,,"Yes","Country",1970-01-01,,,
"DENGUE","Status","Status","The Status value is used to provide the functionality for a record within EpiPulse Cases database. Default value: NEW/UPDATE. If set to DELETE, the record with the specified NationalRecordId is deleted (invalidated) from EpiPulse Cases database, if it exists. If set to NEW/UPDATE, the record is inserted into the database: If the same NationalRecordId already exists for the same data source and subject code, then the current submitted record updates (replace) the existing one.","REF","No","No","DELETE = Delete a previously reported record.
NEW/UPDATE = Update a previously reported record (default).
",,,,,,,,,,,,,,1970-01-01,,,
"DENGUE","SubjectCode","Subject code","SubjectCode is a reporting model for a disease/health topic - identifies the reporting structure and format of a record (case based or aggregate reporting).","REF","Yes","No","DENGUE = Dengue
",,,,,,,,,,,,,,1970-01-01,,,
"DENGUE","NationalRecordId","National record identifier","Unique identifier for each record within and across the specified surveillance system (data source) – selected and generated by the country reporting the record.","TEXT","Yes","No",,,80,,,,,,,,,,,,1970-01-01,,1,1
"DENGUE","DataSource","Data source","The data source (surveillance system) that the record originates from. The DataSource value must be a special reference value from EpiPulse Cases metadata.","DATASOURCE","Yes","No","consult the data source values in DataSource sheet",,,,,,,,,,,,,,1970-01-01,,1,2
"DENGUE","DateUsedForStatistics","Date used for statistics","The reference date used for standard reports that is compared to the reporting period. The date used for statistics can be any date that the reporting country finds applicable, e.g. date of notification, date of diagnosis or any other date.","DATE","Yes","No",,,,,,,,"No",,,"yyyy,yyyy-mm,yyyy-mm-dd,yyyy-Qq,yyyy-Www",,,,1970-01-01,,1,3
"DENGUE","Age","Age","Age of patient in years as reported in the national system at the time of disease onset.","NUM","No","No",,,,0,125,,0,,,,,,,,1970-01-01,,2,1
"DENGUE","Gender","Gender","Gender of the reported record.","REF","No","No","F = Female
M = Male
OTH = Other
",,,,,,,,,,,,,,1970-01-01,,2,2
"DENGUE","DateOfOnset","Date of onset of disease","Date of onset of disease. Leave empty for asymptomatic cases.","DATE","No","No",,,,,,,,"No",,,"yyyy,yyyy-mm,yyyy-mm-dd,yyyy-Qq","DateOfOnset,DateOfDiagnosis,DateOfNotification",,,1970-01-01,,3,1
"DENGUE","DateOfDiagnosis","Date of diagnosis","First date of clinical or lab diagnosis. In case the DateOfOnset is missing this date is used for analysis.","DATE","No","No",,,,,,,,"No",,,"yyyy,yyyy-mm,yyyy-mm-dd,yyyy-Qq,yyyy-Www","DateOfOnset,DateOfDiagnosis,DateOfNotification",,,1970-01-01,,3,2
"DENGUE","DateOfNotification","Date of notification","Date when the case report is first notified to public health authorities.","DATE","No","No",,,,,,,,"No",,,"yyyy,yyyy-mm,yyyy-mm-dd,yyyy-Qq,yyyy-Www","DateOfOnset,DateOfDiagnosis,DateOfNotification",,,1970-01-01,,3,3
"DENGUE","Hospitalisation","Hospitalisation","History of hospitalisation due to the disease or related complications. Hospitalisation defined as at least one overnight stay.","BOOL","No","No",,,,,,,,,,,,,,,1970-01-01,,3,4
"DENGUE","Outcome","Outcome of case","Information on whether the case is alive or deceased. The death should be due to the reported disease.","REF","No","No","A = Alive
D = Died
",,,,,,,,,,,,,,1970-01-01,,3,5
"DENGUE","ClinicalCriteriaStatus","Clinical criteria status","The criteria for a clinical picture of the disease are met.","BOOL","No","No",,,,,,,,,,,,,,,1970-01-01,,3,6
"DENGUE","ClinicalCriteria","Clinical manifestation (criteria) of the case","The clinical manifestation of the disease according to EU case definition.","REF","No","No","ASY = Asymptomatic
NSEV = Disease with no sign of severity (WHO definition)
SEV = Disease with sign of severity (WHO definition)
",,,,,,,,,,,,,,1970-01-01,,3,7
"DENGUE","Serotype","Serotype","Serotype.","REF","No","No","DENV1 = Dengue virus serotype 1
DENV2 = Dengue virus serotype 2
DENV3 = Dengue virus serotype 3
DENV4 = Dengue virus serotype 4
DENVOTH = Dengue virus, not specified
",,,,,,,,,,,,,,1970-01-01,,3,8
"DENGUE","PathogenDetectionMethod","Pathogen detection method","Pathogen detection method used to diagnose the case. More than one method can be reported.","REF","No","Yes","ANTIGEN = Antigen detection
ISOV = Isolation of virus
NEU = Neutralisation
NUC = Nucleic acid amplification
OTH = Other
SCONV = Seroconversion or fourfold titre rise
SIGM = Specific IgM-antibodies
",,,,,,,,,,,,,,1970-01-01,,3,9
"DENGUE","ModeOfTransmission","Mode of transmission","Suspected main mode of transmission.","REF","No","No","MOSQ = Mosquito bite
OTH = Other
SEX = Sexual transmission
SOHO = Transmission through substances of human origin (transfusion, transplantation, reproductive cell recipient or offspring)
",,,,,,,,,,,,,,1970-01-01,,3,10
"DENGUE","CaseClassification","Case classification","Case classification according to EU case definition.","REF","No","No","CONF = Confirmed
PROB = Probable
",,,,,,,,,,,,,,1970-01-01,,3,11
"DENGUE","ClusterId","Cluster identification","Cluster identification code. Only required for autochthonous cases.","TEXT","No","No",,,80,,,,,,,,,,,,1970-01-01,,3,12
"DENGUE","Imported","Imported","Infection has occurred following exposure outside the reporting country during a time compatible with the incubation period of the infection.","BOOL","No","No",,,,,,,,,,,,,,,1970-01-01,,4,1
"DENGUE","PlaceOfResidence","Place of residence","Place of residence of patient at the time of disease onset. Select the most detailed NUTS level possible.","LOCATION","No","No","consult the location values in Location sheet",,,,,,,,,,,,"No","Country,NUTS1,NUTS2,NUTS3",1970-01-01,,4,2
"DENGUE","PlaceOfNotification","Place of notification","Place of the first notification of the case to a regional authority. Select the most detailed NUTS level possible.","LOCATION","No","No","consult the location values in Location sheet",,,,,,,,,,,,"Yes","Country,NUTS1,NUTS2,NUTS3",1970-01-01,,4,3
"DENGUE","PlaceOfInfection","Place of infection","The probable place of infection should be provided at the lowest level possible, down to NUTS3 level. If the probable place of infection is not an EU/EEA country, then use GAUL nomenclature. Note this is a repeatable field.","LOCATION","No","Yes","consult the location values in Location sheet",,,,,,,,,,,,"No","Country,GAUL1,GAUL2,LAU,NUTS1,NUTS2,NUTS3",1970-01-01,,4,4
"DENGUEAGGR","Disease","Disease","The code of the disease that is being reported.","REF","No","No","DENGUE = Dengue
",,,,,,,,,,,,,,1970-01-01,,,
"DENGUEAGGR","ReportingCountry","Reporting country","The country reporting the record.","LOCATION","Yes","No","consult the location values in Location sheet",,,,,,,,,,,,"Yes","Country",1970-01-01,,,
"DENGUEAGGR","SubjectCode","Subject code","SubjectCode is a reporting model for a disease/health topic - identifies the reporting structure and format of a record (case based or aggregate reporting).","REF","Yes","No","DENGUEAGGR = Dengue aggregated
",,,,,,,,,,,,,,1970-01-01,,,
"DENGUEAGGR","DataSource","Data source","The data source (surveillance system) that the record originates from. The DataSource value must be a special reference value from EpiPulse Cases metadata.","DATASOURCE","Yes","No","consult the data source values in DataSource sheet",,,,,,,,,,,,,,1970-01-01,,1,1
"DENGUEAGGR","DateUsedForStatistics","Date used for statistics","The reference date used for standard reports that is compared to the reporting period. The date used for statistics can be any date that the reporting country finds applicable, e.g. date of notification, date of diagnosis or any other date.","DATE","Yes","No",,,,,,,,"No",,,"yyyy,yyyy-mm,yyyy-Qq,yyyy-Www",,,,1970-01-01,,1,2
"DENGUEAGGR","AgeGroup","Age group","Age group of the reported record.","REF","No","No","Age00 = 0 years old
Age01_04 = 1 - 4 years old
Age05_09 = 5 - 9 years old
Age10_14 = 10 - 14 years old
Age15_19 = 15 - 19 years old
Age20_24 = 20 - 24 years old
Age25_29 = 25 - 29 years old
Age30_34 = 30 - 34 years old
Age35_39 = 35 - 39 years old
Age40_44 = 40 - 44 years old
Age45_49 = 45 - 49 years old
Age50_54 = 50 - 54 years old
Age55_59 = 55 - 59 years old
Age60_64 = 60 - 64 years old
Age65+ = 65+ years old
",,,,,,,,,,,,,,1970-01-01,,1,3
"DENGUEAGGR","Gender","Gender","Gender of the reported record.","REF","No","No","F = Female
M = Male
OTH = Other
",,,,,,,,,,,,,,1970-01-01,,1,4
"DENGUEAGGR","CaseClassification","Case classification","Case classification according to EU case definition.","REF","No","No","CONF = Confirmed
PROB = Probable
",,,,,,,,,,,,,,1970-01-01,,1,5
"DENGUEAGGR","Imported","Imported","Infection has occurred following exposure outside the reporting country during a time compatible with the incubation period of the infection.","BOOL","No","No",,,,,,,,,,,,,,,1970-01-01,,1,6
"DENGUEAGGR","NumberOfCases","Number of cases","Total number of cases during the reported period for the specified disease.","NUM","Yes","No",,,,0,999999999,,0,,,,,,,,1970-01-01,,1,7
"DIPH","Disease","Disease","The code of the disease that is being reported.","REF","No","No","DIPH = Diphtheria
",,,,,,,,,,,,,,1970-01-01,,,
"DIPH","ReportingCountry","Reporting country","The country reporting the record.","LOCATION","Yes","No","consult the location values in Location sheet",,,,,,,,,,,,"Yes","Country",1970-01-01,,,
"DIPH","Status","Status","The Status value is used to provide the functionality for a record within EpiPulse Cases database. Default value: NEW/UPDATE. If set to DELETE, the record with the specified NationalRecordId is deleted (invalidated) from EpiPulse Cases database, if it exists. If set to NEW/UPDATE, the record is inserted into the database: If the same NationalRecordId already exists for the same data source and subject code, then the current submitted record updates (replace) the existing one.","REF","No","No","DELETE = Delete a previously reported record.
NEW/UPDATE = Update a previously reported record (default).
",,,,,,,,,,,,,,1970-01-01,,,
"DIPH","SubjectCode","Subject code","SubjectCode is a reporting model for a disease/health topic - identifies the reporting structure and format of a record (case based or aggregate reporting).","REF","Yes","No","DIPH = Diphtheria
",,,,,,,,,,,,,,1970-01-01,,,
"DIPH","NationalRecordId","National record identifier","Unique identifier for each record within and across the specified surveillance system (data source) – selected and generated by the country reporting the record.","TEXT","Yes","No",,,80,,,,,,,,,,,,1970-01-01,,1,1
"DIPH","DataSource","Data source","The data source (surveillance system) that the record originates from. The DataSource value must be a special reference value from EpiPulse Cases metadata.","DATASOURCE","Yes","No","consult the data source values in DataSource sheet",,,,,,,,,,,,,,1970-01-01,,1,2
"DIPH","DateUsedForStatistics","Date used for statistics","The reference date used for standard reports that is compared to the reporting period. The date used for statistics can be any date that the reporting country finds applicable, e.g. date of notification, date of diagnosis or any other date.","DATE","Yes","No",,,,,,,,"No",,,"yyyy,yyyy-mm,yyyy-mm-dd,yyyy-Qq,yyyy-Www",,,,1970-01-01,,1,3
"DIPH","Age","Age","Age of patient in years as reported in the national system at the time of disease onset.","NUM","No","No",,,,0,125,,0,,,,,,,,1970-01-01,,2,1
"DIPH","AgeMonth","Age in months","Age of patient in months as reported in the national system for cases < 2 years of age at the time of disease onset.","NUM","No","No",,,,0,23,,0,,,,,,,,1970-01-01,,2,2
"DIPH","Gender","Gender","Gender of the reported record.","REF","No","No","F = Female
M = Male
OTH = Other
",,,,,,,,,,,,,,1970-01-01,,2,3
"DIPH","CountryOfBirth","Country of birth","Country of birth of the case.","LOCATION","No","No","consult the location values in Location sheet",,,,,,,,,,,,"No","Country",1970-01-01,,2,4
"DIPH","CaseClassification","Case classification","Case classification according to EU case definition.","REF","Yes","No","CONF = Confirmed
DISCARDED = Discarded
POSS = Possible
PROB = Probable
",,,,,,,,,,,,,,1970-01-01,,3,1
"DIPH","DateOfOnset","Date of onset of disease","Date of onset of disease. Leave empty for asymptomatic cases.","DATE","No","No",,,,,,,,"No",,,"yyyy,yyyy-mm,yyyy-mm-dd,yyyy-Qq",,,,1970-01-01,,3,2
"DIPH","DateOfDiagnosis","Date of diagnosis","First date of clinical or lab diagnosis. In case the DateOfOnset is missing this date is used for analysis.","DATE","No","No",,,,,,,,"No",,,"yyyy,yyyy-mm,yyyy-mm-dd,yyyy-Qq,yyyy-Www",,,,1970-01-01,,3,3
"DIPH","DateOfNotification","Date of notification","Date when the case report is first notified to public health authorities.","DATE","No","No",,,,,,,,"No",,,"yyyy,yyyy-mm,yyyy-mm-dd,yyyy-Qq,yyyy-Www",,,,1970-01-01,,3,4
"DIPH","Outcome","Outcome of case","Information on whether the case is alive or deceased. The death should be due to the reported disease.","REF","No","No","A = Alive
D = Died
",,,,,,,,,,,,,,1970-01-01,,3,5
"DIPH","ClinicalCriteria","Clinical presentation (criteria) of the case","Clinical presentation of the disease according to EU case definition.","REF","No","No","CONJ = Conjunctival presentation
CUTA = Cutaneous
GEN = Genital presentation
NASAL = Uni- or bilateral nasal discharge intially clear becoming bloody
OTH = Other
RESPCUTA = Respiratory and cutaneous presentation
RESPMEMBR = Classic Respiratory with membrane
RESPNOMEMBR = Respiratory with no membrane
",,,,,,,,,,,,,,1970-01-01,,3,6
"DIPH","ComplicationDiagnosis","Complication diagnosis","Any secondary disease that occurs as a consequence of Diphtheria.","REF","No","No","CARDIACDIS = Cardiac disorder
NEURO = Neurological complications
NEUROCARD = Neurological & Cardiac disorder
OTH = Other
",,,,,,,,,,,,,,1970-01-01,,3,7
"DIPH","SuspectedVehicle","Suspected vehicle","Suspected vehicle or source of infection - contact within the last 1-7 days (C. ulcerans only).","REF","No","No","FARMANIMAL = Farm animal such as cattle or sheep
OTH = Other
OTHERANIM = Other animal
PET = Pet animal such as dog or cat
RAWMILK = Raw milk/raw milk products
",,,,,,,,,,,,,,1970-01-01,,3,8
"DIPH","ClusterRelated","Cluster related","Is the case part of an outbreak/cluster?","BOOL","No","No",,,,,,,,,,,,,,,1970-01-01,,3,9
"DIPH","ClusterId","Cluster identification","Unique identifier of the cluster as provided by the country epidemiologist.","TEXT","No","No",,,80,,,,,,,,,,,,1970-01-01,,3,10
"DIPH","ClusterSetting","Cluster setting","Setting of the cluster (for epidemiologically-linked cases).","REF","No","Yes","CHILDCARE = Kindergarten or child care
DET = Migrant detention centre
FAM = Family
MIL = Military
NOS = Nosocomial (hospital)
OTH = Other
SCH = School
SPORT = Sports team
UNI = University
",,,,,,,,,,,,,,1970-01-01,,3,11
"DIPH","EpiLinkCaseId","Epidemiological link case identification","Provide record identifiers (NationalRecordId) of epilinked cases.","TEXT","No","No",,,80,,,,,,,,,,,,1970-01-01,,3,12
"DIPH","DateOfFirstSample","Date of first positive diagnostic sample","The date of the first diagnostic sample that was positive for diphtheria.","DATE","No","No",,,,,,,,"No",,,"yyyy,yyyy-mm,yyyy-mm-dd,yyyy-Qq,yyyy-Www",,,,1970-01-01,,3,13
"DIPH","DateOfLastVaccination","Date of last vaccination","Date of administration of the last vaccination dose - indicates the date when the last dose of vaccine was given before disease onset (if exact date is not known, then provide month or year).","DATE","No","No",,,,,,,,"No",,,"yyyy,yyyy-mm,yyyy-mm-dd,yyyy-Qq",,,,1970-01-01,,3,14
"DIPH","VaccinationStatus","Vaccination status","Indicates if the case is vaccinated and number of vaccine doses received.","REF","No","No","10DOSE = 10 doses
1DOSE = 1 dose
2DOSE = 2 doses
3DOSE = 3 doses
4DOSE = 4 doses
5DOSE = 5 doses
6DOSE = 6 doses
7DOSE = 7 doses
8DOSE = 8 doses
9DOSE = 9 doses
NOTVACC = Not vaccinated
UNKDOSE = Vaccinated, dose unknown
",,,,,,,,,,,,,,1970-01-01,,3,15
"DIPH","ImportedStatus","Imported status","Imported case: a case occurring in an individual whose travel dates are consistent with infection acquired while in another country (as supported by epidemiological and/or virological evidence).
Import related case: a locally acquired infection that occurs as part of a chain of transmission originating from an imported case (as supported by epidemiological and/or virological evidence).
Not imported case: a case resulting from exposure/transmission within the country of residence and not linked to an imported case (based on epidemiological and/or virological evidence).
Unknown importation status case: a case with unknown source of infection (no epidemiological and/or virological evidence of being imported, import-related or locally acquired).","REF","No","No","IMP = Imported case
IMPREL = Import related case
IMPUNK = Unknown importation status
NOTIMP = Not imported (locally acquired) case
",,,,,,,,,,,,,,1970-01-01,,4,1
"DIPH","PlaceOfInfection","Place of infection","If ImportedStatus = 'IMP': The probable place of infection should be provided at the country level. One entry for each country visited before or during the diagnosis of the disease. Note this is a repeatable field.","LOCATION","No","Yes","consult the location values in Location sheet",,,,,,,,,,,,"No","Country",1970-01-01,,4,2
"DIPH","PlaceOfNotification","Place of notification","Place of the first notification of the case to a regional authority. Select the most detailed NUTS level possible.","LOCATION","No","No","consult the location values in Location sheet",,,,,,,,,,,,"Yes","Country,NUTS1,NUTS2,NUTS3",1970-01-01,,4,3
"DIPH","PlaceOfResidence","Place of residence","Place of residence of patient at the time of disease onset. Select the most detailed NUTS level possible.","LOCATION","No","No","consult the location values in Location sheet",,,,,,,,,,,,"No","Country,NUTS1,NUTS2,NUTS3",1970-01-01,,4,4
"DIPH","TravelPlaces","Travel and transit countries","Only applicable if the case is imported. The list can be left empty even if the case is known to be imported. Note that this is a repeatable field: List each country visited recently before/during diagnosis.","LOCATION","No","Yes","consult the location values in Location sheet",,,,,,,,,,,,"No","Country",1970-01-01,,4,5
"DIPH","DateOfEntry","Date of entry","Date of entry into country where sampling and diagnosis occurred.","DATE","No","No",,,,,,,,"No",,,"yyyy,yyyy-mm,yyyy-mm-dd,yyyy-Qq,yyyy-Www",,,,1970-01-01,,4,6
"DIPH","MainSpecimen","Main specimen","Main type of specimen with positive result to be reported (can include material and/or sampling method and/or site).","REF","No","No","MEMBR = Membrane
NASALSWAB = Nasal swab
OTH = Other
SKINSWAB = Skin swab
THROATSWAB = Throat swab
",,,,,,,,,,,,,,1970-01-01,,5,1
"DIPH","MainPathogenDetectionMethod","Main pathogen detection method","Pathogen detection method used on MainSpecimen for confirmation of the case (Isolation of toxin-producing C. diphtheriae/C. ulcerans/C pseudotuberculosis from a clinical specimen). More than one method can be reported.","REF","No","Yes","CULT = Culture
ELEK = Elek plate test
OTH = Other
PCR = PCR confirmation
RTPCR = Real time PCR
",,,,,,,,,,,,,,1970-01-01,,5,2
"DIPH","SecondSpecimen","Second specimen","Second type of specimen with positive result to be reported as optional (can include material and/or sampling method and/or site).","REF","No","No","MEMBR = Membrane
NASALSWAB = Nasal swab
OTH = Other
SKINSWAB = Skin swab
THROATSWAB = Throat swab
",,,,,,,,,,,,,,1970-01-01,,5,3
"DIPH","SecondPathogenDetectionMethod","Second pathogen detection method","Pathogen detection method used on SecondSpecimen for confirmation of the case (Isolation of toxin-producing C. diphtheriae/C. ulcerans/C pseudotuberculosis from a clinical specimen). More than one method can be reported.","REF","No","Yes","CULT = Culture
ELEK = Elek plate test
OTH = Other
PCR = PCR confirmation
RTPCR = Real time PCR
",,,,,,,,,,,,,,1970-01-01,,5,4
"DIPH","Pathogen","Pathogen","Species and genus of the pathogen causing the reported disease.","REF","No","No","CORDIP = Corynebacterium diphtheriae
CORPSE = Corynebacterium pseudotuberculosis
CORSPP = Corynebacterium species, not specified
CORULC = Corynebacterum ulcerans
",,,,,,,,,,,,,,1970-01-01,,5,5
"DIPH","Biotype","Biotype","Biotype of DIP - C. diphtheriae only.","REF","No","No","NST = Not subtypeable
OTH = Other
VARBELF = var belfanti
VARGRAV = var gravis
VARINTMED = var intermedius
VARMITIS = var mitis
",,,,,,,,,,,,,,1970-01-01,,5,6
"DIPH","Wgs","Whole genome sequencing","Information on whether whole genome sequencing has been performed on isolates from the case.","BOOL","No","No",,,,,,,,,,,,,,,1970-01-01,,5,7
"DIPH","WgsSequenceId","Wgs sequence identifier","Sequence Read Archive (SRA) run identifier, based on which the sequence read data can be retrieved.","TEXT","No","No",,,,,,,,,,,,,,,1970-01-01,,5,8
"DIPH","WgsAccession","Wgs accession identifier","Accession number if sequencing data have already been uploaded to any public repository.","TEXT","No","No",,,4000,,,,,,,,,,,,1970-01-01,,5,9
"DIPH","SequenceType","Sequence type","Diphtheria sequence type. Obtained by multi locus sequence typing (MLST) or core genome multi locus sequence typing (cgMLST).","NUM","No","No",,,,0,999999999,,0,,,,,,,,1970-01-01,,5,10
"DIPH","AntimicrobialAgent","Antimicrobial agent (antibiotic)","Antibiotic tested for susceptibility.","REF","No","No","CIP = Ciprofloxacin
CLI = Clindamycin
ERY = Erythromycin
LNZ = Linezolid
MEM = Meropenem
PEN = Penicillin
RIF = Rifampin
SXT = Sulfamethoxazole and Trimethoprim
TCY = Tetracyclines
",,,,,,,,,,,,,,1970-01-01,,6,1
"DIPH","SIR_CIP","Susceptibility to Ciprofloxacin","Susceptibility to Ciprofloxacin as the final interpretation based on one or more test results according to clinical breakpoints from EUCAST.","REF","No","No","I = Intermediate
R = Resistant
S = Susceptible
",,,,,,,,,,,,,,1970-01-01,,6,2
"DIPH","SIR_CLI","Susceptibility to Clindamycin","Susceptibility to Clindamycin as the final interpretation based on one or more test results according to clinical breakpoints from EUCAST.","REF","No","No","I = Intermediate
R = Resistant
S = Susceptible
",,,,,,,,,,,,,,1970-01-01,,6,3
"DIPH","SIR_ERY","Susceptibility to Erythromycin","Susceptibility to Erythromycin as the final interpretation based on one or more test results according to clinical breakpoints from EUCAST.","REF","No","No","I = Intermediate
R = Resistant
S = Susceptible
",,,,,,,,,,,,,,1970-01-01,,6,4
"DIPH","SIR_LNZ","Susceptibility to Linezolid","Susceptibility to Linezolid as the final interpretation based on one or more test results according to clinical breakpoints from EUCAST.","REF","No","No","I = Intermediate
R = Resistant
S = Susceptible
",,,,,,,,,,,,,,1970-01-01,,6,5
"DIPH","SIR_MEM","Susceptibility to Meropenem","Susceptibility to Meropenem as the final interpretation based on one or more test results according to clinical breakpoints from EUCAST.","REF","No","No","I = Intermediate
R = Resistant
S = Susceptible
",,,,,,,,,,,,,,1970-01-01,,6,6
"DIPH","SIR_PEN","Susceptibility to Penicillin","Susceptibility to Benzylpenicillin (penicillin G) as the final interpretation based on one or more test results according to clinical breakpoints from EUCAST.","REF","No","No","I = Intermediate
R = Resistant
S = Susceptible
",,,,,,,,,,,,,,1970-01-01,,6,7
"DIPH","SIR_RIF","Susceptibility to Rifampicin","Susceptibility to Rifampicin as the final interpretation based on one or more test results according to clinical breakpoints from EUCAST.","REF","No","No","I = Intermediate
R = Resistant
S = Susceptible
",,,,,,,,,,,,,,1970-01-01,,6,8
"DIPH","SIR_SXT","Susceptibility to Trimethoprim-sulfamethoxazole","Susceptibility to Trimethoprim-sulfamethoxazole as the final interpretation based on one or more test results according to clinical breakpoints from EUCAST.","REF","No","No","I = Intermediate
R = Resistant
S = Susceptible
",,,,,,,,,,,,,,1970-01-01,,6,9
"DIPH","SIR_TCY","Susceptibility to Tetracycline","Susceptibility to Tetracycline as the final interpretation based on one or more test results according to clinical breakpoints from EUCAST.","REF","No","No","I = Intermediate
R = Resistant
S = Susceptible
",,,,,,,,,,,,,,1970-01-01,,6,10
"DIPHAGGR","Disease","Disease","The code of the disease that is being reported.","REF","No","No","DIPH = Diphtheria
",,,,,,,,,,,,,,1970-01-01,,,
"DIPHAGGR","ReportingCountry","Reporting country","The country reporting the record.","LOCATION","Yes","No","consult the location values in Location sheet",,,,,,,,,,,,"Yes","Country",1970-01-01,,,
"DIPHAGGR","SubjectCode","Subject code","SubjectCode is a reporting model for a disease/health topic - identifies the reporting structure and format of a record (case based or aggregate reporting).","REF","Yes","No","DIPHAGGR = Diphtheria aggregated
",,,,,,,,,,,,,,1970-01-01,,,
"DIPHAGGR","DataSource","Data source","The data source (surveillance system) that the record originates from. The DataSource value must be a special reference value from EpiPulse Cases metadata.","DATASOURCE","Yes","No","consult the data source values in DataSource sheet",,,,,,,,,,,,,,1970-01-01,,1,1
"DIPHAGGR","DateUsedForStatistics","Date used for statistics","The reference date used for standard reports that is compared to the reporting period. The date used for statistics can be any date that the reporting country finds applicable, e.g. date of notification, date of diagnosis or any other date.","DATE","Yes","No",,,,,,,,"No",,,"yyyy,yyyy-mm,yyyy-Qq",,,,1970-01-01,,1,2
"DIPHAGGR","AgeGroup","Age group","Age group of the reported record.","REF","No","No","Age00 = 0 years old
Age01_04 = 1 - 4 years old
Age05_09 = 5 - 9 years old
Age10_14 = 10 - 14 years old
Age15_19 = 15 - 19 years old
Age20_24 = 20 - 24 years old
Age25_29 = 25 - 29 years old
Age30_34 = 30 - 34 years old
Age35_39 = 35 - 39 years old
Age40_44 = 40 - 44 years old
Age45_49 = 45 - 49 years old
Age50_54 = 50 - 54 years old
Age55_59 = 55 - 59 years old
Age60_64 = 60 - 64 years old
Age65+ = 65+ years old
",,,,,,,,,,,,,,1970-01-01,,1,3
"DIPHAGGR","Gender","Gender","Gender of the reported record.","REF","No","No","F = Female
M = Male
OTH = Other
",,,,,,,,,,,,,,1970-01-01,,1,4
"DIPHAGGR","CaseClassification","Case classification","Case classification according to EU case definition.","REF","No","No","CONF = Confirmed
POSS = Possible
PROB = Probable
",,,,,,,,,,,,,,1970-01-01,,1,5
"DIPHAGGR","VaccinationStatus","Vaccination status","Indicates if the case is vaccinated and number of vaccine doses received.","REF","No","No","10DOSE = 10 doses
1DOSE = 1 dose
2DOSE = 2 doses
3DOSE = 3 doses
4DOSE = 4 doses
5DOSE = 5 doses
6DOSE = 6 doses
7DOSE = 7 doses
8DOSE = 8 doses
9DOSE = 9 doses
NOTVACC = Not vaccinated
UNKDOSE = Vaccinated, dose unknown
",,,,,,,,,,,,,,1970-01-01,,1,6
"DIPHAGGR","NumberOfCases","Number of cases","Total number of cases during the reported period for the specified disease.","NUM","Yes","No",,,,0,999999999,,0,,,,,,,,1970-01-01,,1,7
"ECHI","Disease","Disease","The code of the disease that is being reported.","REF","No","No","ECHI = Echinococcosis
",,,,,,,,,,,,,,1970-01-01,,,
"ECHI","ReportingCountry","Reporting country","The country reporting the record.","LOCATION","Yes","No","consult the location values in Location sheet",,,,,,,,,,,,"Yes","Country",1970-01-01,,,
"ECHI","Status","Status","The Status value is used to provide the functionality for a record within EpiPulse Cases database. Default value: NEW/UPDATE. If set to DELETE, the record with the specified NationalRecordId is deleted (invalidated) from EpiPulse Cases database, if it exists. If set to NEW/UPDATE, the record is inserted into the database: If the same NationalRecordId already exists for the same data source and subject code, then the current submitted record updates (replace) the existing one.","REF","No","No","DELETE = Delete a previously reported record.
NEW/UPDATE = Update a previously reported record (default).
",,,,,,,,,,,,,,1970-01-01,,,
"ECHI","SubjectCode","Subject code","SubjectCode is a reporting model for a disease/health topic - identifies the reporting structure and format of a record (case based or aggregate reporting).","REF","Yes","No","ECHI = Echinococcosis
",,,,,,,,,,,,,,1970-01-01,,,
"ECHI","NationalRecordId","National record identifier","Unique identifier for each record within and across the specified surveillance system (data source) – selected and generated by the country reporting the record.","TEXT","Yes","No",,,80,,,,,,,,,,,,1970-01-01,,1,1
"ECHI","DataSource","Data source","The data source (surveillance system) that the record originates from. The DataSource value must be a special reference value from EpiPulse Cases metadata.","DATASOURCE","Yes","No","consult the data source values in DataSource sheet",,,,,,,,,,,,,,1970-01-01,,1,2
"ECHI","DateUsedForStatistics","Date used for statistics","The reference date used for standard reports that is compared to the reporting period. The date used for statistics can be any date that the reporting country finds applicable, e.g. date of notification, date of diagnosis or any other date.","DATE","Yes","No",,,,,,,,"No",,,"yyyy,yyyy-mm,yyyy-mm-dd,yyyy-Qq,yyyy-Www",,,,1970-01-01,,1,3
"ECHI","Age","Age","Age of patient in years as reported in the national system at the time of disease onset.","NUM","No","No",,,,0,125,,0,,,,,,,,1970-01-01,,2,1
"ECHI","Gender","Gender","Gender of the reported record.","REF","No","No","F = Female
M = Male
OTH = Other
",,,,,,,,,,,,,,1970-01-01,,2,2
"ECHI","DateOfOnset","Date of onset of disease","Date of onset of disease. Leave empty for asymptomatic cases.","DATE","No","No",,,,,,,,"No",,,"yyyy,yyyy-mm,yyyy-mm-dd,yyyy-Qq","DateOfOnset,DateOfDiagnosis,DateOfNotification",,,1970-01-01,,3,1
"ECHI","DateOfDiagnosis","Date of diagnosis","First date of clinical or lab diagnosis. In case the DateOfOnset is missing this date is used for analysis.","DATE","No","No",,,,,,,,"No",,,"yyyy,yyyy-mm,yyyy-mm-dd,yyyy-Qq,yyyy-Www","DateOfOnset,DateOfDiagnosis,DateOfNotification",,,1970-01-01,,3,2
"ECHI","DateOfNotification","Date of notification","Date when the case report is first notified to public health authorities.","DATE","No","No",,,,,,,,"No",,,"yyyy,yyyy-mm,yyyy-mm-dd,yyyy-Qq,yyyy-Www","DateOfOnset,DateOfDiagnosis,DateOfNotification",,,1970-01-01,,3,3
"ECHI","Hospitalisation","Hospitalisation","History of hospitalisation due to the disease or related complications. Hospitalisation defined as at least one overnight stay.","BOOL","No","No",,,,,,,,,,,,,,,1970-01-01,,3,4
"ECHI","Outcome","Outcome of case","Information on whether the case is alive or deceased. The death should be due to the reported disease.","REF","No","No","A = Alive
D = Died
",,,,,,,,,,,,,,1970-01-01,,3,5
"ECHI","ClinicalCriteria","Clinical presentation (criteria) of the case","Clinical presentation of the disease according to EU case definition.","REF","No","No","AE = Alveolar echinococcosis
CE = Cystic echinococcosis
OTH = Other
",,,,,,,,,,,,,,1970-01-01,,3,6
"ECHI","SuspectedVehicle","Suspected vehicle","Suspected vehicle or source of infection. It shall be provided when ModeOfTransmission is 'FOOD' or 'ANIMAL', otherwise leave it empty.","REF","No","No","consult the reference values for 
SubjectCode = ECHI and Variable = SuspectedVehicle",,,,,,,,,,,,,,1970-01-01,,3,7
"ECHI","ModeOfTransmission","Mode of transmission","Suspected main mode of transmission.","REF","No","No","ANIMAL = Animal to human transmission
FOOD = Food including drinking water
HAI = Healthcare-associated
IDU = Injecting drug use
LAB = Transmission in a laboratory due to occupational exposure
MTCT = Mother-to-child transmission
ORGAN = Organ recipient
OTH = Other
PTP = Person-to-person (faecal-oral, excl. mother-to-child and sexual transmission)
RECRWATER = Recreational water
SEX = Sexual transmission
TRANSFU = Transfusion recipient
",,,,,,,,,,,,,,1970-01-01,,3,8
"ECHI","CaseClassification","Case classification","Case classification according to EU case definition.","REF","Yes","No","CONF = Confirmed
",,,,,,,,,,,,,,1970-01-01,,3,9
"ECHI","Pathogen","Pathogen","Species or genus of the pathogen causing the reported disease.","REF","Yes","No","ECHGRA = Echinococcus granulosus
ECHMUL = Echinococcus multilocularis
ECHSPP = Echinococcus species, not specified
",,,,,,,,,,,,,,1970-01-01,,3,10
"ECHI","Imported","Imported","Infection has occurred following exposure outside the reporting country during a time compatible with the incubation period of the infection.","BOOL","No","No",,,,,,,,,,,,,,,1970-01-01,,4,1
"ECHI","PlaceOfInfection","Place of infection","The probable place of infection should be provided at the lowest level possible, down to NUTS 3 level. If the probable place of infection is not within an EU/EEA country, then use GAUL nomenclature. Note this is a repeatable field.","LOCATION","No","Yes","consult the location values in Location sheet",,,,,,,,,,,,"No","Country,GAUL1,GAUL2,NUTS1,NUTS2,NUTS3",1970-01-01,,4,2
"ECHI","PlaceOfNotification","Place of notification","Place of the first notification of the case to a regional authority. Select the most detailed NUTS level possible.","LOCATION","No","No","consult the location values in Location sheet",,,,,,,,,,,,"Yes","Country,NUTS1,NUTS2,NUTS3",1970-01-01,,4,3
"ECHI","PlaceOfResidence","Place of residence","Place of residence of patient at the time of disease onset. Select the most detailed NUTS level possible.","LOCATION","No","No","consult the location values in Location sheet",,,,,,,,,,,,"No","Country,NUTS1,NUTS2,NUTS3",1970-01-01,,4,4
"ECHIAGGR","Disease","Disease","The code of the disease that is being reported.","REF","No","No","ECHI = Echinococcosis
",,,,,,,,,,,,,,1970-01-01,,,
"ECHIAGGR","ReportingCountry","Reporting country","The country reporting the record.","LOCATION","Yes","No","consult the location values in Location sheet",,,,,,,,,,,,"Yes","Country",1970-01-01,,,
"ECHIAGGR","SubjectCode","Subject code","SubjectCode is a reporting model for a disease/health topic - identifies the reporting structure and format of a record (case based or aggregate reporting).","REF","Yes","No","ECHIAGGR = Echinococcosis aggregated
",,,,,,,,,,,,,,1970-01-01,,,
"ECHIAGGR","DataSource","Data source","The data source (surveillance system) that the record originates from. The DataSource value must be a special reference value from EpiPulse Cases metadata.","DATASOURCE","Yes","No","consult the data source values in DataSource sheet",,,,,,,,,,,,,,1970-01-01,,1,1
"ECHIAGGR","DateUsedForStatistics","Date used for statistics","The reference date used for standard reports that is compared to the reporting period. The date used for statistics can be any date that the reporting country finds applicable, e.g. date of notification, date of diagnosis or any other date.","DATE","Yes","No",,,,,,,,"No",,,"yyyy,yyyy-mm,yyyy-Qq",,,,1970-01-01,,1,2
"ECHIAGGR","AgeGroup","Age group","Age group of the reported record.","REF","No","No","Age00 = 0 years old
Age01_04 = 1 - 4 years old
Age05_09 = 5 - 9 years old
Age10_14 = 10 - 14 years old
Age15_19 = 15 - 19 years old
Age20_24 = 20 - 24 years old
Age25_29 = 25 - 29 years old
Age30_34 = 30 - 34 years old
Age35_39 = 35 - 39 years old
Age40_44 = 40 - 44 years old
Age45_49 = 45 - 49 years old
Age50_54 = 50 - 54 years old
Age55_59 = 55 - 59 years old
Age60_64 = 60 - 64 years old
Age65+ = 65+ years old
",,,,,,,,,,,,,,1970-01-01,,1,3
"ECHIAGGR","Gender","Gender","Gender of the reported record.","REF","No","No","F = Female
M = Male
OTH = Other
",,,,,,,,,,,,,,1970-01-01,,1,4
"ECHIAGGR","CaseClassification","Case classification","Case classification according to EU case definition.","REF","No","No","CONF = Confirmed
",,,,,,,,,,,,,,1970-01-01,,1,5
"ECHIAGGR","NumberOfCases","Number of cases","Total number of cases during the reported period for the specified disease.","NUM","Yes","No",,,,0,999999999,,0,,,,,,,,1970-01-01,,1,6
"ECOLIISO","HealthTopic","Health topic","The code of the health topic that is being reported.","REF","No","No","ECOLIISO = E. coli isolate
",,,,,,,,,,,,,,1970-01-01,,,
"ECOLIISO","ReportingCountry","Reporting country","The country reporting the record.","LOCATION","Yes","No","consult the location values in Location sheet",,,,,,,,,,,,"Yes","Country",1970-01-01,,,
"ECOLIISO","Status","Status","The Status value is used to provide the functionality for a record within EpiPulse Cases database. Default value: NEW/UPDATE. If set to DELETE, the record with the specified NationalRecordId is deleted (invalidated) from EpiPulse Cases database, if it exists. If set to NEW/UPDATE, the record is inserted into the database: If the same NationalRecordId already exists for the same data source and subject code, then the current submitted record updates (replace) the existing one.","REF","No","No","DELETE = Delete a previously reported record.
NEW/UPDATE = Update a previously reported record (default).
",,,,,,,,,,,,,,1970-01-01,,,
"ECOLIISO","SubjectCode","Subject code","SubjectCode is a reporting model for a disease/health topic - identifies the reporting structure and format of a record (case based or aggregate reporting).","REF","Yes","No","ECOLIISO = E. coli isolate
",,,,,,,,,,,,,,1970-01-01,,,
"ECOLIISO","NationalRecordId","National record identifier","Unique identifier for each record within and across the specified surveillance system (data source) – selected and generated by the country reporting the record.","TEXT","Yes","No",,,80,,,,,,,,,,,,1970-01-01,,1,1
"ECOLIISO","DataSource","Data source","The data source (surveillance system) that the record originates from. The DataSource value must be a special reference value from EpiPulse Cases metadata.","DATASOURCE","Yes","No","consult the data source values in DataSource sheet",,,,,,,,,,,,,,1970-01-01,,1,2
"ECOLIISO","DateUsedForStatistics","Date used for statistics","The most epidemiologically relevant date for the isolate. Equal to the date of sampling if available. If not, equal to the date of receipt in the source lab, and if that is not available, the date of receipt in the reference lab.","DATE","Yes","No",,,,,,,,"No",2012-01-01,,"yyyy-mm-dd",,,,1970-01-01,,1,3
"ECOLIISO","CaseId","Case identifier","This variable enables the linking of a case record to the isolate record. Use the NationalRecordId of the case for this purpose.","TEXT","No","No",,,80,,,,,,,,,,,,1970-01-01,,1,4
"ECOLIISO","Age","Age","Age of patient in years as received or at the date of sampling.","NUM","No","No",,,,0,125,,0,,,,,,,,1970-01-01,,2,1
"ECOLIISO","AgeMonth","Age in months","Age of patient in months as reported in the national system for cases < 2 years of age at the date of sampling.","NUM","No","No",,,,0,23,,0,,,,,,,,1970-01-01,,2,2
"ECOLIISO","Gender","Gender","Gender of the reported record.","REF","No","No","F = Female
M = Male
OTH = Other
",,,,,,,,,,,,,,1970-01-01,,2,3
"ECOLIISO","Imported","Imported","Having been outside the country of notification during the incubation period of the reported disease.","BOOL","No","No",,,,,,,,,,,,,,,1970-01-01,,2,4
"ECOLIISO","PlaceOfInfection","Place of infection","The probable place of infection should be provided at the lowest level possible, down to NUTS3 level. If the probable place of infection is not an EU/EEA country, then use GAUL nomenclature. Note this is a repeatable field.","LOCATION","No","Yes","consult the location values in Location sheet",,,,,,,,,,,,"No","Country,GAUL1,GAUL2,NUTS1,NUTS2,NUTS3",1970-01-01,,2,5
"ECOLIISO","PlaceOfResidence","Place of residence","Place of residence of patient at the time of disease onset. Select the most detailed NUTS level possible.","LOCATION","No","No","consult the location values in Location sheet",,,,,,,,,,,,"No","Country,NUTS1,NUTS2,NUTS3",1970-01-01,,2,6
"ECOLIISO","ItemCode","Item code","Code of related EpiPulse item.","TEXT","No","No",,"^[0-9]{4}-[A-Z]{3}-[0-9]{5}$",14,,,,,,,,,,,,1970-01-01,,2,7
"ECOLIISO","DateOfSampling","Date of sampling","Date the sample from which the isolate was derived was taken.","DATE","No","No",,,,,,,,"No",2012-01-01,,"yyyy-mm-dd","DateOfSampling,DateOfReceiptSourceLab,DateOfReceiptReferenceLab",,,1970-01-01,,3,1
"ECOLIISO","DateOfReceiptSourceLab","Date of receipt source laboratory","Date of receipt in source laboratory, i.e. the laboratory the sample was first sent to.","DATE","No","No",,,,,,,,"No",2012-01-01,,"yyyy-mm-dd","DateOfSampling,DateOfReceiptSourceLab,DateOfReceiptReferenceLab",,,1970-01-01,,3,2
"ECOLIISO","DateOfReceiptReferenceLab","Date of receipt reference laboratory","Date of receipt in reference laboratory or typing laboratory with reference function.","DATE","Yes","No",,,,,,,,"No",2012-01-01,,"yyyy-mm-dd","DateOfSampling,DateOfReceiptSourceLab,DateOfReceiptReferenceLab",,,1970-01-01,,3,3
"ECOLIISO","SampleId","Sample identifier","Unique identifier for each sample within the lab system, allowing to link isolates derived from the same sample.","TEXT","No","No",,,1000,,,,,,,,,,,,1970-01-01,,3,4
"ECOLIISO","SampleOrigin","Sample origin","Source that the isolate was obtained from: human, food, animal, environmental, etc.","REF","No","No","ANIMAL = Animal
ENVIRONMENT = Environment
FEED = Feed
FOOD = Food
HUMAN = Human
NON_HUMAN = Non human
",,,,,,,,,,,,,,1970-01-01,,3,5
"ECOLIISO","Specimen","Specimen","The relevant specimen type used for diagnosis of the case.","REF","No","No","BLOOD = Blood
FAECES = Faeces
OTH = Other
URINE = Urine
",,,,,,,,,,,,,,1970-01-01,,3,6
"ECOLIISO","Pathogen","Pathogen","Species or genus of the pathogen causing the reported disease.","REF","No","No","ESCCOL = Escherichia coli
ESCSPP = Escherichia species, not specifed
SHIBOY = Shigella boydii
SHIDYS = Shigella dysenteriae
SHIFLE = Shigella flexneri
SHISON = Shigella sonnei
SHISPP = Shigella species, not specified
STEC = Shiga toxin-producing Escherichia coli
",,,,,,,,,,,,,,1970-01-01,,3,7
"ECOLIISO","Shigatoxin1","Shigatoxin 1","Presence of Shigatoxin 1 genes (Stx1).","BOOL","No","No",,,,,,,,,,,,,,,1970-01-01,,3,8
"ECOLIISO","Shigatoxin1Subtype","Shigatoxin 1 sub-type","Designation of Shigatoxin 1 sub-type.","REF","No","Yes","OTH = Other
Stx1a = Stx1a
Stx1a_Stx1c = Stx1a_Stx1c
Stx1a_Stx1d = Stx1a_Stx1d
Stx1c = Stx1c
Stx1c_Stx1d = Stx1c_Stx1d
Stx1d = Stx1d
",,,,,,,,,,,,,,1970-01-01,,3,9
"ECOLIISO","Shigatoxin2","Shigatoxin 2","Presence of Shigatoxin 2 genes (Stx2).","BOOL","No","No",,,,,,,,,,,,,,,1970-01-01,,3,10
"ECOLIISO","Shigatoxin2Subtype","Shigatoxin 2 sub-type","Designation of Shigatoxin 2 sub-type.","REF","No","Yes","consult the reference values for 
SubjectCode = ECOLIISO and Variable = Shigatoxin2Subtype",,,,,,,,,,,,,,1970-01-01,,3,11
"ECOLIISO","ShigatoxinProduction","Shigatoxin production","Confirmation of production of Shigatoxin.","REF","No","No","1 = Shigatoxin 1 production
1+2 = Shigatoxin 1 and 2 production
2 = Shigatoxin 2 production
N = No shigatoxin production
Y = Shigatoxin production, toxin type unknown
",,,,,,,,,,,,,,1970-01-01,,3,12
"ECOLIISO","AntigenO","AntigenO","Only somatic (O) antigen of the antigenic formula of the pathogen which is the cause of the reported disease.","REF","No","No","consult the reference values for 
SubjectCode = ECOLIISO and Variable = AntigenO",,,,,,,,,,,,,,1970-01-01,,3,13
"ECOLIISO","AntigenH","AntigenH","Only flagelar (H) antigen of the antigenic formula of the pathogen which is the cause of the reported disease.","REF","No","No","consult the reference values for 
SubjectCode = ECOLIISO and Variable = AntigenH",,,,,,,,,,,,,,1970-01-01,,3,14
"ECOLIISO","IntiminEaeGene","Intimin eae gene","Presence of intimin eae gene.","BOOL","No","No",,,,,,,,,,,,,,,1970-01-01,,3,15
"ECOLIISO","aaiCGene","aaiC gene","Presence of chromosome protein gene.","BOOL","No","No",,,,,,,,,,,,,,,1970-01-01,,3,16
"ECOLIISO","aggRGene","aggR gene","Presence of Enteroaggregative adhesins transcription regulator gene (aggR).","BOOL","No","No",,,,,,,,,,,,,,,1970-01-01,,3,17
"ECOLIISO","ESBLProduction","ESBL production","Production of extended spectrum beta lactamase (Phenotypic test).","BOOL","No","No",,,,,,,,,,,,,,,1970-01-01,,3,18
"ECOLIISO","SorbitolFermenting","Sorbitol fermenting","Ferments sorbitol.","BOOL","No","No",,,,,,,,,,,,,,,1970-01-01,,3,19
"ECOLIISO","SpecificAntibodyResponse","Specific antibody response","Specific antibody response for E. coli serogroups (to be filled only for HUS cases).","BOOL","No","No",,,,,,,,,,,,,,,1970-01-01,,3,20
"ECOLIISO","Enterohaemolysis","Enterohaemolysis","Enteroheamolysis detected on washed sheep blood agar plate after overnight incubation.","BOOL","No","No",,,,,,,,,,,,,,,1970-01-01,,3,21
"ECOLIISO","BetaGlucoronidaseActivity","Beta glucuronidase activity","Beta-glucuronidase activity.","BOOL","No","No",,,,,,,,,,,,,,,1970-01-01,,3,22
"ECOLIISO","WgsProtocol","Wgs protocol","Protocol used for sequencing, limited to the sequencing technology used (today Illumina or IonTorrent) and the read length.","REF","No","No","HYBRID = 1-2 short read files (any technology, <1000 bp) and one long read file (any technology, >1000 bp)
ILLUMINA = Illumina short read sequencing (<1000 bp)
IONTORRENT = IonTorrent
LONG = Long read sequencing (any technology, >1000 bp)
MGI = MGI short read sequencing (<1000 bp)
ONT = Oxford Nanopore long read sequencing (>1000 bp)
PACBIO = Pacific Biosciences long read sequencing (>1000 bp)
SHORT = Short read sequencing (any technology, <1000 bp)
",,,,,,,,,,,,,,1970-01-01,,4,1
"ECOLIISO","WgsAccession","Wgs accession identifier","European Nucleotide Archive (ENA) / Sequence Read Archive (SRA) run identifier, based on which the sequence read data can be retrieved. Starts with ERR or SRR, i.e. not the sample or experiment which is ERS/ERX or SRS/SRX.","TEXT","No","No",,,4000,,,,,,,,,,,,1970-01-01,,4,2
"ECOLIISO","WgsAssembler","Wgs assembler","The assembler used for sequencing, optionally including parameter settings.","REF","No","No","MAP_TO_LOCI1 = Mapping to individual loci, variant 1 for IonTorrent
SKESA = SKESA assembler
SPADES = SPAdes without read mapping and consensus calling
SPADES_READMAP = SPAdes either including or followed by read mapping and consensus calling
VELVET = Velvet without read mapping and consensus calling
VELVET_READMAP = Velvet using k-mer optimisation, and followed by read mapping and consensus calling
",,,,,,,,,,,,,,1970-01-01,,4,3
"ECOLIISO$AST","SubjectCode","Subject code","SubjectCode is a reporting model for a disease/health topic - identifies the reporting structure and format of a record (case based or aggregate reporting).","REF","Yes","No","ECOLIISO$AST = E. coli isolate - antimicrobial susceptibility test
",,,,,,,,,,,,,,1970-01-01,,,
"ECOLIISO$AST","NationalRecordId","Antimicrobial susceptibility test (AST) record identifier","Unique identifier for each antimicrobial susceptibility test (AST) - selected and generated by the country reporting the record.","TEXT","Yes","No",,,80,,,,,,,,,,,,1970-01-01,,1,1
"ECOLIISO$AST","ParentNationalRecordId","Parent national record identifier","The corresponding parent identifier for each record (should exists in the upper level). A record with no corresponding parent identifier will be ignored and it will not be added to EpiPulse Cases database.","TEXT","Yes","No",,,80,,,,,,,,,,,,1970-01-01,,1,2
"ECOLIISO$AST","AntimicrobialAgent","Antimicrobial agent (antibiotic)","Antibiotic tested against.","REF","Yes","No","AMP = Ampicillin
CHL = Chloramphenicol
CIP = Ciprofloxacin
CTX = Cefotaxime
GEN = Gentamicin
KAN = Kanamycin
NAL = Nalidixic acid
SSS = Sulfonamides
STR = Streptomycin
SXT = Sulfamethoxazole and Trimethoprim
TCY = Tetracyclines
",,,,,,,,,,,,,,1970-01-01,,1,3
"ECOLIISO$AST","ASTMethod","Antimicrobial susceptibility test (AST) method","Drug susceptibility test method.","REF","Yes","No","ETEST = E-test
GEN = Sequencing or PCR
MIC = Minimum inhibitory concentration
ZONE = Disc diffusion test
",,,,,,,,,,,,,,1970-01-01,,1,4
"ECOLIISO$AST","ValueAST","Antimicrobial susceptibility test (AST) value","Antimicrobial susceptibility test (AST) value (in mg/l). Use '.' as decimal delimiter, e.g. 0.25.","NUM","No","No",,,,0,99999,,4,,,,,,,,1970-01-01,,1,5
"ECOLIISO$AST","SusceptibilitySign","Susceptibility sign","Test censor value (>, =, <=).","REF","No","No","< = Less than
<= = Less than or equal
= = Equal
> = Greater than
>= = Greater than or equal
",,,,,,,,,,,,,,1970-01-01,,1,6
"ECOLIISO$AST","ASTInterpretation","Antimicrobial susceptibility test (AST) interpretation","Final interpretation based on EUCAST clinical breakpoints or through prediction of wild type/non-wild type from resistance genes and resistance-associated mutations.","REF","No","No","I = Susceptible, increased exposure
PNWT = Predicted non-wild type
PWT = Predicted wild type
R = Resistant
S = Susceptible, standard dosing regimen
",,,,,,,,,,,,,,1970-01-01,,1,7
"GONO","Disease","Disease","The code of the disease that is being reported.","REF","No","No","GONO = Gonorrhoea
",,,,,,,,,,,,,,1970-01-01,,,
"GONO","ReportingCountry","Reporting country","The country reporting the record.","LOCATION","Yes","No","consult the location values in Location sheet",,,,,,,,,,,,"Yes","Country",1970-01-01,,,
"GONO","Status","Status","The Status value is used to provide the functionality for a record within EpiPulse Cases database. Default value: NEW/UPDATE. If set to DELETE, the record with the specified NationalRecordId is deleted (invalidated) from EpiPulse Cases database, if it exists. If set to NEW/UPDATE, the record is inserted into the database: If the same NationalRecordId already exists for the same data source and subject code, then the current submitted record updates (replace) the existing one.","REF","No","No","DELETE = Delete a previously reported record.
NEW/UPDATE = Update a previously reported record (default).
",,,,,,,,,,,,,,1970-01-01,,,
"GONO","SubjectCode","Subject code","SubjectCode is a reporting model for a disease/health topic - identifies the reporting structure and format of a record (case based or aggregate reporting).","REF","Yes","No","GONO = Gonorrhoea
",,,,,,,,,,,,,,1970-01-01,,,
"GONO","NationalRecordId","National record identifier","Unique identifier for each record within and across the specified surveillance system (data source) – selected and generated by the country reporting the record.","TEXT","Yes","No",,,80,,,,,,,,,,,,1970-01-01,,1,1
"GONO","DataSource","Data source","The data source (surveillance system) that the record originates from. The DataSource value must be a special reference value from EpiPulse Cases metadata.","DATASOURCE","Yes","No","consult the data source values in DataSource sheet",,,,,,,,,,,,,,1970-01-01,,1,2
"GONO","DateUsedForStatistics","Date used for statistics","The reference date used for standard reports that is compared to the reporting period. The date used for statistics can be any date that the reporting country finds applicable, e.g. date of notification, date of diagnosis or any other date.","DATE","Yes","No",,,,,,,,"No",,,"yyyy,yyyy-mm,yyyy-mm-dd,yyyy-Www",,,,1970-01-01,,1,3
"GONO","Age","Age","Age of the patient in years at the date of diagnosis (crude age is preferred). Age can be calculated from date of birth at time of consultation or notification.","NUM","No","No",,,,0,125,,0,,,,,,,,1970-01-01,,2,1
"GONO","Gender","Gender","Gender of the reported record. Transsexual should be coded as ""OTH"" - Other.","REF","No","No","F = Female
M = Male
OTH = Other
",,,,,,,,,,,,,,1970-01-01,,2,2
"GONO","DateOfOnset","Date of onset of disease","The date of onset of disease is the day that first symptoms appeared.","DATE","No","No",,,,,,,,"No",,,"yyyy-mm-dd","DateOfOnset,DateOfDiagnosis,DateOfNotification",,,1970-01-01,,2,3
"GONO","DateOfDiagnosis","Date of diagnosis","Date of diagnosis refers to the date of first laboratory confirmative diagnosis (either date of specimen taken or date of laboratory confirmation received or date of clinical diagnosis confirmed). Please note that ""Date of Consultation"" is commonly used in STI services; this date can be used as a proxy for date of diagnosis and date of notification. For STI, the date of diagnosis (as a proxy for date of consultation) will be used for the analysis and the report; for that reason, this will be a compulsory variable.","DATE","No","No",,,,,,,,"No",,,"yyyy-mm-dd","DateOfOnset,DateOfDiagnosis,DateOfNotification",,,1970-01-01,,2,4
"GONO","DateOfNotification","Date of notification","Date when the case report is first notified to public health authorities. Please note that ""Date of Consultation"" is commonly used in STI services; this date can be used as a proxy for date of diagnosis and date of notification.","DATE","No","No",,,,,,,,"No",,,"yyyy-mm-dd","DateOfOnset,DateOfDiagnosis,DateOfNotification",,,1970-01-01,,2,5
"GONO","Outcome","Outcome of case","For STI, it is not expected to report this variable (leave empty if not known).","REF","No","No","A = Alive
D = Died
",,,,,,,,,,,,,,1970-01-01,,2,6
"GONO","ClinicalCriteriaStatus","Clinical criteria status","Because only laboratory confirmed cases are to be reported according to the EU case definition, it is not expected to report this variable (leave empty if not known).","BOOL","No","No",,,,,,,,,,,,,,,1970-01-01,,2,7
"GONO","EpiLinked","Epidemiological link criteria met","Because only laboratory confirmed cases are to be reported according to the EU case definition, it is not expected to report this variable (leave empty if not known).","BOOL","No","No",,,,,,,,,,,,,,,1970-01-01,,2,8
"GONO","CaseClassification","Case classification","Only CONFIRMED cases should be reported at EU Level, therefore ""CONF"" is the expected code here. It is recognised that not all MS have a requirement for lab confirmation for reporting at national level. In short to mid-term the variable can be coded as ""CONF"" or leave empty until case definitions are met.","REF","No","No","CONF = Confirmed
POSS = Possible
PROB = Probable
",,,,,,,,,,,,,,1970-01-01,,2,9
"GONO","PlaceOfInfection","Place of infection","The probable place of infection should be provided at the lowest level possible, down to NUTS 3 level. Note this is a repeatable field.","LOCATION","No","Yes","consult the location values in Location sheet",,,,,,,,,,,,"No","Country,NUTS1,NUTS2,NUTS3",1970-01-01,,2,10
"GONO","PlaceOfNotification","Place of notification","Place of the first notification of the case to a regional authority. Select the most detailed NUTS level possible.","LOCATION","No","No","consult the location values in Location sheet",,,,,,,,,,,,"No","Country,NUTS1,NUTS2,NUTS3",1970-01-01,,2,11
"GONO","PlaceOfResidence","Place of residence","Place of residence of patient at the time of diagnosis. Select the most detailed NUTS level possible.","LOCATION","No","No","consult the location values in Location sheet",,,,,,,,,,,,"Yes","Country,NUTS1,NUTS2,NUTS3",1970-01-01,,2,12
"GONO","CountryOfBirth","Country of birth of patient","Country of birth of the patient.","LOCATION","No","No","consult the location values in Location sheet",,,,,,,,,,,,"No","Country",1970-01-01,,2,13
"GONO","CountryOfNationality","Country of nationality of patient","Identifies the country where the patient is registered as citizen.","LOCATION","No","No","consult the location values in Location sheet",,,,,,,,,,,,"No","Country",1970-01-01,,2,14
"GONO","PathogenDetectionResult","Pathogen detection result (laboratory result)","For all STI (syphilis, congenital syphilis, gonorrhoea, chlamydia and LGV), all reported cases need to be laboratory confirmed to conform to the EU case definitions. Therefore, ""CONF"" is the expected code here. It is recognised that not all MS have a requirement for lab confirmation for reporting at national level. In short to mid-term the variable can be coded as ""CONF"" or leave empty until case definitions are met.","REF","No","No","CONF = Confirmed
PROB = Probable
",,,,,,,,,,,,,,1970-01-01,,2,15
"GONO","ClinicalServiceType","Clinical service type","Type of clinical service where patient was first seen.","REF","No","No","ANC = Antenatal care
COMB = Combined service
DV = Dermatology-venereology clinic
ED = Hospital emergency department
FPC = Family planning clinic
GP = General practioner
GYN = Gynaecology clinic
ID = Infectious disease clinic
OPC = Other primary care
OTH = Other
STI = Dedicated STI clinic
URO = Urology
YTH = Youth clinic
",,,,,,,,,,,,,,1970-01-01,,2,16
"GONO","SiteOfInfection","Site of infection","Genital includes urethra, cervix, vagina, urine. Other includes blood, eye, joint fluid, aspirate from abscess. The kind of specimen can be used as a proxy for this variable. Please note this is a repeatable variable.","REF","No","Yes","AR = Ano-Rectal
GEN = Genital
OTH = Other
PH = Pharyngeal
",,,,,,,,,,,,,,1970-01-01,,2,17
"GONO","ModeOfTransmission","Mode of transmission","This variable specifies the most probable route of transmission. ""OTH"" (Other) can be used to indicate for example injecting drug use or blood transfusions for syphilis transmission. If the national system collects sexual orientation data the variable should be coded as ""MSM"" (Men who have Sex with Men) if the case is a homosexual male or bisexual male. If the case is a heterosexual male or female the variable should be coded as ""HETERO"" (Heterosexual contact). If the national system collects information on the gender of partners the variable should be coded as ""MSM"" if the case is male and has had one or more male sexual partners. For congenitally acquired cases of STI the variable should be coded as ""MTCT"" (Mother-to-child transmission).","REF","No","No","HETERO = Heterosexual contact
MSM = MSM/home or bisexual male
MTCT = Mother-to-child transmission
OTH = Other
",,,,,,,,,,,,,,1970-01-01,,2,18
"GONO","HIVStatus","HIV status","This variable specifies the HIV status of patient at time of diagnosis. If the case is HIV positive and the date of diagnosis is collected by the national system, the variable should be coded as a ""new HIV diagnosis"" if HIV had been diagnosed at the same consultation or within 3 months of the current STI date of diagnosis. If HIV was diagnosed more than three months ago, the variable should be coded as a ""known HIV positive"". When HIV status is known, BUT the date of HIV diagnosis is not known or not collected, the variable should be coded as either ""negative"" or ""positive"". If HIV status is not known the variable should be left empty.","REF","No","No","NEG = Negative
POS = Positive
POSKNOWN = Known HIV positive
POSNEW = New HIV diagnosis
",,,,,,,,,,,,,,1970-01-01,,2,19
"GONO","HIVPrEP","Pre-exposure prophylaxis for HIV","Used pre-exposure prophylaxis for HIV any time in the 12 months prior to the diagnosis of disease.","BOOL","No","No",,,,,,,,,,,,,,,1970-01-01,,2,20
"GONO","AntibioticProphylaxis","Antibiotic prophylaxis","Used doxycycline or other antibiotics for STI prophylaxis (pre or post exposure) any time in the past three months prior to diagnosis of disease. This does not include antibiotics provided as treatment for an STI or in the context of partner management.","BOOL","No","No",,,,,,,,,,,,,,,1970-01-01,,2,21
"GONO","SexWorker","Sex worker","Information if case exchanged sex for money or goods within the incubation period of the current infection.","BOOL","No","No",,,,,,,,,,,,,,,1970-01-01,,2,22
"GONO","ContactSW","Contact sex worker","Recently means compatible with the incubation period of the current infection.","BOOL","No","No",,,,,,,,,,,,,,,1970-01-01,,2,23
"GONOAGGR","Disease","Disease","The code of the disease that is being reported.","REF","No","No","GONO = Gonorrhoea
",,,,,,,,,,,,,,1970-01-01,,,
"GONOAGGR","ReportingCountry","Reporting country","The country reporting the record.","LOCATION","Yes","No","consult the location values in Location sheet",,,,,,,,,,,,"Yes","Country",1970-01-01,,,
"GONOAGGR","SubjectCode","Subject code","SubjectCode is a reporting model for a disease/health topic - identifies the reporting structure and format of a record (case based or aggregate reporting).","REF","Yes","No","GONOAGGR = Gonorrhoea aggregated
",,,,,,,,,,,,,,1970-01-01,,,
"GONOAGGR","DataSource","Data source","The data source (surveillance system) that the record originates from. The DataSource value must be a special reference value from EpiPulse Cases metadata.","DATASOURCE","Yes","No","consult the data source values in DataSource sheet",,,,,,,,,,,,,,1970-01-01,,1,1
"GONOAGGR","DateUsedForStatistics","Date used for statistics","The reference date used for standard reports that is compared to the reporting period. The date used for statistics can be any date that the reporting country finds applicable, e.g. date of notification, date of diagnosis or any other date.","DATE","Yes","No",,,,,,,,"No",,,"yyyy,yyyy-mm",,,,1970-01-01,,1,2
"GONOAGGR","AgeGroup","Age group","Age group of the reported record.","REF","No","No","Age00_14 = 00 - 14 years old
Age15_19 = 15 - 19 years old
Age20_24 = 20 - 24 years old
Age25_34 = 25 - 34 years old
Age35_44 = 35 - 44 years old
Age45+ = 45+ years old
",,,,,,,,,,,,,,1970-01-01,,1,3
"GONOAGGR","Gender","Gender","Gender of the reported record. Transsexual should be coded as ""OTH"" - Other.","REF","No","No","F = Female
M = Male
OTH = Other
",,,,,,,,,,,,,,1970-01-01,,1,4
"GONOAGGR","CaseClassification","Case classification","Only CONFIRMED cases should be reported at EU Level, therefore ""CONF"" is the expected code here. It is recognised that not all MS have a requirement for lab confirmation for reporting at national level. In short to mid-term the variable can be coded as ""CONF"" or leave empty until case definitions are met.","REF","No","No","CONF = Confirmed
POSS = Possible
PROB = Probable
",,,,,,,,,,,,,,1970-01-01,,1,5
"GONOAGGR","SiteOfInfection","Site of infection","Genital includes urethra, cervix, vagina, urine. Other includes blood, eye, joint fluid, aspirate from abscess. The kind of specimen can be used as a proxy for this variable.","REF","No","No","AR = Ano-Rectal
GEN = Genital
OTH = Other
PH = Pharyngeal
",,,,,,,,,,,,,,1970-01-01,,1,6
"GONOAGGR","ModeOfTransmission","Mode of transmission","This variable specifies the most probable route of transmission. ""OTH"" (Other) can be used to indicate for example injecting drug use or blood transfusions for syphilis transmission. If the national system collects sexual orientation data the variable should be coded as ""MSM"" (Men who have Sex with Men) if the case is a homosexual male or bisexual male. If the case is a heterosexual male or female the variable should be coded as ""HETERO"" (Heterosexual contact). If the national system collects information on the gender of partners the variable should be coded as ""MSM"" if the case is male and has had one or more male sexual partners. For congenitally acquired cases of STI the variable should be coded as ""MTCT"" (Mother-to-child transmission).","REF","No","No","HETERO = Heterosexual contact
MSM = MSM/home or bisexual male
MTCT = Mother-to-child transmission
OTH = Other
",,,,,,,,,,,,,,1970-01-01,,1,7
"GONOAGGR","NumberOfCases","Number of cases","Total number of cases during the reported period for the specified disease.","NUM","Yes","No",,,,0,999999999,,0,,,,,,,,1970-01-01,,1,8
"HAEINF","Disease","Disease","The code of the disease that is being reported.","REF","No","No","HAEINF = Haemophilus infection
",,,,,,,,,,,,,,1970-01-01,,,
"HAEINF","ReportingCountry","ReportingCountry","The country reporting the record.","LOCATION","Yes","No","consult the location values in Location sheet",,,,,,,,,,,,"Yes","Country",1970-01-01,,,
"HAEINF","Status","Status","The Status value is used to provide the functionality for a record within EpiPulse Cases database. Default value: NEW/UPDATE. If set to DELETE, the record with the specified NationalRecordId is deleted (invalidated) from EpiPulse Cases database, if it exists. If set to NEW/UPDATE, the record is inserted into the database: If the same NationalRecordId already exists for the same data source and subject code, then the current submitted record updates (replace) the existing one.","REF","No","No","DELETE = Delete a previously reported record.
NEW/UPDATE = Update a previously reported record (default).
",,,,,,,,,,,,,,1970-01-01,,,
"HAEINF","SubjectCode","Subject code","SubjectCode is a reporting model for a disease/health topic - identifies the reporting structure and format of a record (case based or aggregate reporting).","REF","Yes","No","HAEINF = Haemophilus infection
",,,,,,,,,,,,,,1970-01-01,,,
"HAEINF","NationalRecordId","National record identifier","Unique identifier for each record within and across the specified surveillance system (data source) – selected and generated by the country reporting the record.","TEXT","Yes","No",,,80,,,,,,,,,,,,1970-01-01,,1,1
"HAEINF","DataSource","Data source","The data source (surveillance system) that the record originates from. The DataSource value must be a special reference value from EpiPulse Cases metadata.","DATASOURCE","Yes","No","consult the data source values in DataSource sheet",,,,,,,,,,,,,,1970-01-01,,1,2
"HAEINF","DateUsedForStatistics","Date used for statistics","The reference date used for standard reports that is compared to the reporting period. The date used for statistics can be any date that the reporting country finds applicable, e.g. date of notification, date of diagnosis or any other date.","DATE","Yes","No",,,,,,,,"No",,,"yyyy,yyyy-mm,yyyy-mm-dd,yyyy-Qq,yyyy-Www",,,,1970-01-01,,1,3
"HAEINF","Age","Age","Age of patient in years as reported in the national system at the time of disease onset.","NUM","No","No",,,,0,125,,0,,,,,,,,1970-01-01,,2,1
"HAEINF","AgeMonth","Age in months","Age of patient in months as reported in the national system for cases < 2 years of age at the time of disease onset.","NUM","No","No",,,,0,23,,0,,,,,,,,1970-01-01,,2,2
"HAEINF","Gender","Gender","Gender of the reported record.","REF","No","No","F = Female
M = Male
OTH = Other
",,,,,,,,,,,,,,1970-01-01,,2,3
"HAEINF","PlaceOfResidence","Place of residence","Place of residence of patient at the time of disease onset. Select the most detailed NUTS level possible.","LOCATION","No","No","consult the location values in Location sheet",,,,,,,,,,,,"No","Country,NUTS1,NUTS2,NUTS3",1970-01-01,,2,4
"HAEINF","PlaceOfNotification","Place of notification","Place of the first notification of the case to a regional authority. Select the most detailed NUTS level possible.","LOCATION","No","No","consult the location values in Location sheet",,,,,,,,,,,,"Yes","Country,NUTS1,NUTS2,NUTS3",1970-01-01,,2,5
"HAEINF","CaseClassification","Case classification","Case classification according to EU case definition.","REF","No","No","CONF = Confirmed
",,,,,,,,,,,,,,1970-01-01,,3,1
"HAEINF","DateOfOnset","Date of onset of disease","Date of onset of disease. Leave empty for asymptomatic cases.","DATE","No","No",,,,,,,,"No",,,"yyyy,yyyy-mm,yyyy-mm-dd,yyyy-Qq",,,,1970-01-01,,3,2
"HAEINF","DateOfDiagnosis","Date of diagnosis","First date of clinical or lab diagnosis. In case the DateOfOnset is missing this date is used for analysis.","DATE","No","No",,,,,,,,"No",,,"yyyy,yyyy-mm,yyyy-mm-dd,yyyy-Qq,yyyy-Www",,,,1970-01-01,,3,3
"HAEINF","DateOfNotification","Date of notification","Date when the case report is first notified to public health authorities.","DATE","No","No",,,,,,,,"No",,,"yyyy,yyyy-mm,yyyy-mm-dd,yyyy-Qq,yyyy-Www",,,,1970-01-01,,3,4
"HAEINF","Outcome","Outcome of case","Information on whether the case is alive or deceased. The death should be due to the reported disease.","REF","No","No","A = Alive
D = Died
",,,,,,,,,,,,,,1970-01-01,,3,5
"HAEINF","ClinicalCriteria","Clinical presentation (criteria) of the case","Clinical presentation of the disease.","REF","No","No","CELL = Cellulitis
EPIG = Epiglottitis
MENI = Meningitis/Meningeal/Meningoencephalitic
MENISEPTI = Meningitis and septicaemia
OSE = Osteomyelitits/septic arthritis
OTH = Other
PNEU = Pneumonia
SEPTI = Septicaemia
",,,,,,,,,,,,,,1970-01-01,,3,6
"HAEINF","DateOfLastVaccination","Date of last vaccination","Date of administration of the last vaccination dose - indicates the date when the last dose of vaccine was given before disease onset (if exact date is not known, then provide month or year).","DATE","No","No",,,,,,,,"No",,,"yyyy,yyyy-mm,yyyy-mm-dd,yyyy-Qq",,,,1970-01-01,,3,7
"HAEINF","VaccinationStatus","Vaccination status","Indicates if the case is vaccinated against serotype b and number of vaccine doses received.","REF","No","No","10DOSE = 10 doses
1DOSE = 1 dose
2DOSE = 2 doses
3DOSE = 3 doses
4DOSE = 4 doses
5DOSE = 5 doses
6DOSE = 6 doses
7DOSE = 7 doses
8DOSE = 8 doses
9DOSE = 9 doses
NOTVACC = Not vaccinated
UNKDOSE = Vaccinated, dose unknown
",,,,,,,,,,,,,,1970-01-01,,3,8
"HAEINF","MainPathogenDetectionMethod","Main pathogen detection method","Pathogen detection method used on the primary laboratory specimen with a positive result for case confirmation and further characterisation of the disease. More than one method can be reported.","REF","No","Yes","ANTIGEN = Antigen detection
CULT = Culture
GENOSEQ = Genotyping/Sequencing
IMMUNO = Immunodiagnostic tests
NUCLACID = Detection of nucleic acid
OTH = Other
",,,,,,,,,,,,,,1970-01-01,,4,1
"HAEINF","SecondPathogenDetectionMethod","Second pathogen detection method","Pathogen detection method used on the second type of laboratory specimen with a positive result (if taken) for diagnosis or further characterisation of the disease. More than one method can be reported.","REF","No","Yes","ANTIGEN = Antigen detection
CULT = Culture
GENOSEQ = Genotyping/Sequencing
IMMUNO = Immunodiagnostic tests
NUCLACID = Detection of nucleic acid
OTH = Other
",,,,,,,,,,,,,,1970-01-01,,4,2
"HAEINF","Serotype","Serotype","Serotype of the pathogen which is the cause of the reported disease.","REF","No","No","HAEINF_A = H influenzae type a
HAEINF_B = H influenzae type b
HAEINF_C = H influenzae type c
HAEINF_D = H influenzae type d
HAEINF_E = H influenzae type e
HAEINF_F = H influenzae type f
HAEINF_NONCAPS = H influenzae non-capsulated strain
HAEINF_NOT_B = H influenzae non-b strain
HAEINF_UNK = H influenzae type unknown
",,,,,,,,,,,,,,1970-01-01,,4,3
"HAEINFAGGR","Disease","Disease","The code of the disease that is being reported.","REF","No","No","HAEINF = Haemophilus infection
",,,,,,,,,,,,,,1970-01-01,,,
"HAEINFAGGR","ReportingCountry","Reporting country","The country reporting the record.","LOCATION","Yes","No","consult the location values in Location sheet",,,,,,,,,,,,"Yes","Country",1970-01-01,,,
"HAEINFAGGR","SubjectCode","Subject code","SubjectCode is a reporting model for a disease/health topic - identifies the reporting structure and format of a record (case based or aggregate reporting).","REF","Yes","No","HAEINFAGGR = Haemophilus infection aggregated
",,,,,,,,,,,,,,1970-01-01,,,
"HAEINFAGGR","DataSource","Data source","The data source (surveillance system) that the record originates from. The DataSource value must be a special reference value from EpiPulse Cases metadata.","DATASOURCE","Yes","No","consult the data source values in DataSource sheet",,,,,,,,,,,,,,1970-01-01,,1,1
"HAEINFAGGR","DateUsedForStatistics","Date used for statistics","The reference date used for standard reports that is compared to the reporting period. The date used for statistics can be any date that the reporting country finds applicable, e.g. date of notification, date of diagnosis or any other date.","DATE","Yes","No",,,,,,,,"No",,,"yyyy,yyyy-mm,yyyy-Qq",,,,1970-01-01,,1,2
"HAEINFAGGR","AgeGroup","Age group","Age group of the reported record.","REF","No","No","Age00 = 0 years old
Age01_04 = 1 - 4 years old
Age05_09 = 5 - 9 years old
Age10_14 = 10 - 14 years old
Age15_19 = 15 - 19 years old
Age20_24 = 20 - 24 years old
Age25_29 = 25 - 29 years old
Age30_34 = 30 - 34 years old
Age35_39 = 35 - 39 years old
Age40_44 = 40 - 44 years old
Age45_49 = 45 - 49 years old
Age50_54 = 50 - 54 years old
Age55_59 = 55 - 59 years old
Age60_64 = 60 - 64 years old
Age65+ = 65+ years old
",,,,,,,,,,,,,,1970-01-01,,1,3
"HAEINFAGGR","Gender","Gender","Gender of the reported record.","REF","No","No","F = Female
M = Male
OTH = Other
",,,,,,,,,,,,,,1970-01-01,,1,4
"HAEINFAGGR","CaseClassification","Case classification","Case classification according to EU case definition.","REF","No","No","CONF = Confirmed
",,,,,,,,,,,,,,1970-01-01,,1,5
"HAEINFAGGR","VaccinationStatus","Vaccination status","Indicates if the case is vaccinated and number of vaccine doses received.","REF","No","No","1DOSE = 1 dose
2DOSE = 2 doses
3DOSE = 3 doses
4DOSE = 4 doses
NOTVACC = Not vaccinated
UNKDOSE = Vaccinated, dose unknown
",,,,,,,,,,,,,,1970-01-01,,1,6
"HAEINFAGGR","NumberOfCases","Number of cases","Total number of cases during the reported period for the specified disease.","NUM","Yes","No",,,,0,999999999,,0,,,,,,,,1970-01-01,,1,7
"HEPA","Disease","Disease","The code of the disease that is being reported.","REF","No","No","HEPA = Hepatitis A
",,,,,,,,,,,,,,1970-01-01,,,
"HEPA","ReportingCountry","Reporting country","The country reporting the record.","LOCATION","Yes","No","consult the location values in Location sheet",,,,,,,,,,,,"Yes","Country",1970-01-01,,,
"HEPA","Status","Status","The Status value is used to provide the functionality for a record within EpiPulse Cases database. Default value: NEW/UPDATE. If set to DELETE, the record with the specified NationalRecordId is deleted (invalidated) from EpiPulse Cases database, if it exists. If set to NEW/UPDATE, the record is inserted into the database: If the same NationalRecordId already exists for the same data source and subject code, then the current submitted record updates (replace) the existing one.","REF","No","No","DELETE = Delete a previously reported record.
NEW/UPDATE = Update a previously reported record (default).
",,,,,,,,,,,,,,1970-01-01,,,
"HEPA","SubjectCode","Subject code","SubjectCode is a reporting model for a disease/health topic - identifies the reporting structure and format of a record (case based or aggregate reporting).","REF","Yes","No","HEPA = Hepatitis A
",,,,,,,,,,,,,,1970-01-01,,,
"HEPA","NationalRecordId","National record identifier","Unique identifier for each record within and across the specified surveillance system (data source) – selected and generated by the country reporting the record.","TEXT","Yes","No",,,80,,,,,,,,,,,,1970-01-01,,1,1
"HEPA","DataSource","Data source","The data source (surveillance system) that the record originates from. The DataSource value must be a special reference value from EpiPulse Cases metadata.","DATASOURCE","Yes","No","consult the data source values in DataSource sheet",,,,,,,,,,,,,,1970-01-01,,1,2
"HEPA","DateUsedForStatistics","Date used for statistics","The reference date used for standard reports that is compared to the reporting period. The date used for statistics can be any date that the reporting country finds applicable, e.g. date of notification, date of diagnosis or any other date.","DATE","Yes","No",,,,,,,,"No",,,"yyyy,yyyy-mm,yyyy-mm-dd,yyyy-Qq,yyyy-Www",,,,1970-01-01,,1,3
"HEPA","Age","Age","Age of patient in years as reported in the national system at the time of disease onset.","NUM","No","No",,,,0,125,,0,,,,,,,,1970-01-01,,2,1
"HEPA","Gender","Gender","Gender of the reported record.","REF","No","No","F = Female
M = Male
OTH = Other
",,,,,,,,,,,,,,1970-01-01,,2,2
"HEPA","DateOfOnset","Date of onset of disease","Date of onset of disease. Leave empty for asymptomatic cases.","DATE","No","No",,,,,,,,"No",,,"yyyy-mm-dd","DateOfOnset,DateOfDiagnosis,DateOfNotification",,,1970-01-01,,3,1
"HEPA","DateOfDiagnosis","Date of diagnosis","First date of clinical or lab diagnosis. In case the DateOfOnset is missing this date is used for analysis.","DATE","No","No",,,,,,,,"No",,,"yyyy-mm-dd","DateOfOnset,DateOfDiagnosis,DateOfNotification",,,1970-01-01,,3,2
"HEPA","DateOfNotification","Date of notification","Date when the case report is first notified to public health authorities.","DATE","No","No",,,,,,,,"No",,,"yyyy-mm-dd","DateOfOnset,DateOfDiagnosis,DateOfNotification",,,1970-01-01,,3,3
"HEPA","Hospitalisation","Hospitalisation","History of hospitalisation due to the disease or related complications. Hospitalisation defined as at least one overnight stay.","BOOL","No","No",,,,,,,,,,,,,,,1970-01-01,,3,4
"HEPA","Outcome","Outcome of case","Information on whether the case is alive or deceased. The death should be due to the reported disease.","REF","No","No","A = Alive
D = Died
",,,,,,,,,,,,,,1970-01-01,,3,5
"HEPA","SuspectedVehicle","Suspected vehicle","Suspected vehicle or source of infection. It shall be provided when ModeOfTransmission is 'FOOD' or 'ANIMAL', otherwise leave it empty.","REF","No","No","consult the reference values for 
SubjectCode = HEPA and Variable = SuspectedVehicle",,,,,,,,,,,,,,1970-01-01,,3,6
"HEPA","ModeOfTransmission","Mode of transmission","Suspected main mode of transmission.","REF","No","No","ANIMAL = Animal to human transmission
FOOD = Food including drinking water
HAI = Healthcare-associated
IDU = Injecting drug use
LAB = Transmission in a laboratory due to occupational exposure
MTCT = Mother-to-child transmission
ORGAN = Organ recipient
OTH = Other
PTP = Person-to-person (faecal-oral, excl. mother-to-child and sexual transmission)
RECRWATER = Recreational water
SEX = Sexual transmission
TRANSFU = Transfusion recipient
",,,,,,,,,,,,,,1970-01-01,,3,7
"HEPA","CaseClassification","Case classification","Case classification according to EU case definition.","REF","Yes","No","CONF = Confirmed
PROB = Probable
",,,,,,,,,,,,,,1970-01-01,,3,8
"HEPA","SubGenotype","SubGenotype","Describes the subgenotype of the virus.","REF","No","No","IA = I.A
IB = I.B
IIA = II.A
IIB = II.B
IIIA = III.A
IIIB = III.B
",,,,,,,,,,,,,,1970-01-01,,3,9
"HEPA","Imported","Imported","Infection has occurred following exposure outside the reporting country during a time compatible with the incubation period of the infection.","BOOL","No","No",,,,,,,,,,,,,,,1970-01-01,,4,1
"HEPA","PlaceOfInfection","Place of infection","The probable place of infection should be provided at the lowest level possible, down to NUTS 3 level. If the probable place of infection is not within an EU/EEA country, then use GAUL nomenclature. Note this is a repeatable field.","LOCATION","No","Yes","consult the location values in Location sheet",,,,,,,,,,,,"No","Country,GAUL1,GAUL2,NUTS1,NUTS2,NUTS3",1970-01-01,,4,2
"HEPA","PlaceOfNotification","Place of notification","Place of the first notification of the case to a regional authority. Select the most detailed NUTS level possible.","LOCATION","No","No","consult the location values in Location sheet",,,,,,,,,,,,"Yes","Country,NUTS1,NUTS2,NUTS3",1970-01-01,,4,3
"HEPA","PlaceOfResidence","Place of residence","Place of residence of patient at the time of disease onset. Select the most detailed NUTS level possible.","LOCATION","No","No","consult the location values in Location sheet",,,,,,,,,,,,"No","Country,NUTS1,NUTS2,NUTS3",1970-01-01,,4,4
"HEPAAGGR","Disease","Disease","The code of the disease that is being reported.","REF","No","No","HEPA = Hepatitis A
",,,,,,,,,,,,,,1970-01-01,,,
"HEPAAGGR","ReportingCountry","Reporting country","The country reporting the record.","LOCATION","Yes","No","consult the location values in Location sheet",,,,,,,,,,,,"Yes","Country",1970-01-01,,,
"HEPAAGGR","SubjectCode","Subject code","SubjectCode is a reporting model for a disease/health topic - identifies the reporting structure and format of a record (case based or aggregate reporting).","REF","Yes","No","HEPAAGGR = Hepatitis A aggregated
",,,,,,,,,,,,,,1970-01-01,,,
"HEPAAGGR","DataSource","Data source","The data source (surveillance system) that the record originates from. The DataSource value must be a special reference value from EpiPulse Cases metadata.","DATASOURCE","Yes","No","consult the data source values in DataSource sheet",,,,,,,,,,,,,,1970-01-01,,1,1
"HEPAAGGR","DateUsedForStatistics","Date used for statistics","The reference date used for standard reports that is compared to the reporting period. The date used for statistics can be any date that the reporting country finds applicable, e.g. date of notification, date of diagnosis or any other date.","DATE","Yes","No",,,,,,,,"No",,,"yyyy,yyyy-mm,yyyy-Qq",,,,1970-01-01,,1,2
"HEPAAGGR","AgeGroup","Age group","Age group of the reported record.","REF","No","No","Age00 = 0 years old
Age01_04 = 1 - 4 years old
Age05_09 = 5 - 9 years old
Age10_14 = 10 - 14 years old
Age15_19 = 15 - 19 years old
Age20_24 = 20 - 24 years old
Age25_29 = 25 - 29 years old
Age30_34 = 30 - 34 years old
Age35_39 = 35 - 39 years old
Age40_44 = 40 - 44 years old
Age45_49 = 45 - 49 years old
Age50_54 = 50 - 54 years old
Age55_59 = 55 - 59 years old
Age60_64 = 60 - 64 years old
Age65+ = 65+ years old
",,,,,,,,,,,,,,1970-01-01,,1,3
"HEPAAGGR","Gender","Gender","Gender of the reported record.","REF","No","No","F = Female
M = Male
OTH = Other
",,,,,,,,,,,,,,1970-01-01,,1,4
"HEPAAGGR","CaseClassification","Case classification","Case classification according to EU case definition.","REF","No","No","CONF = Confirmed
PROB = Probable
",,,,,,,,,,,,,,1970-01-01,,1,5
"HEPAAGGR","NumberOfCases","Number of cases","Total number of cases during the reported period for the specified disease.","NUM","Yes","No",,,,0,999999999,,0,,,,,,,,1970-01-01,,1,6
"HEPAISO","Disease","Disease","The code of the disease that is being reported.","REF","No","No","HEPA = Hepatitis A
",,,,,,,,,,,,,,1970-01-01,,,
"HEPAISO","HealthTopic","Health topic","The code of the health topic that is being reported.","REF","No","No","ISO = Isolate data
",,,,,,,,,,,,,,1970-01-01,,,
"HEPAISO","ReportingCountry","Reporting country","The country reporting the record.","LOCATION","Yes","No","consult the location values in Location sheet",,,,,,,,,,,,"Yes","Country",1970-01-01,,,
"HEPAISO","Status","Status","The Status value is used to provide the functionality for a record within EpiPulse Cases database. Default value: NEW/UPDATE. If set to DELETE, the record with the specified NationalRecordId is deleted (invalidated) from EpiPulse Cases database, if it exists. If set to NEW/UPDATE, the record is inserted into the database: If the same NationalRecordId already exists for the same data source and subject code, then the current submitted record updates (replace) the existing one.","REF","No","No","DELETE = Delete a previously reported record.
NEW/UPDATE = Update a previously reported record (default).
",,,,,,,,,,,,,,1970-01-01,,,
"HEPAISO","SubjectCode","Subject code","SubjectCode is a reporting model for a disease/health topic - identifies the reporting structure and format of a record (case based or aggregate reporting).","REF","Yes","No","HEPAISO = Hepatitis A isolate
",,,,,,,,,,,,,,1970-01-01,,,
"HEPAISO","NationalRecordId","National record identifier","Unique identifier for each record within and across the specified surveillance system (data source) – selected and generated by the country reporting the record.","TEXT","Yes","No",,,80,,,,,,,,,,,,1970-01-01,,1,1
"HEPAISO","DataSource","Data source","The data source (surveillance system) that the record originates from. The DataSource value must be a special reference value from EpiPulse Cases metadata.","DATASOURCE","Yes","No","consult the data source values in DataSource sheet",,,,,,,,,,,,,,1970-01-01,,1,2
"HEPAISO","DateUsedForStatistics","Date used for statistics","The most epidemiologically relevant date for the isolate. Equal to the date of sampling if available. If not, equal to the date of receipt in the source lab, and if that is not available, the date of receipt in the reference lab.","DATE","Yes","No",,,,,,,,"No",2012-01-01,,"yyyy-mm-dd",,,,1970-01-01,,1,3
"HEPAISO","CaseId","Case identifier","This variable enables the linking of a case record to the isolate record. Use the NationalRecordId of the case for this purpose.","TEXT","No","No",,,80,,,,,,,,,,,,1970-01-01,,1,4
"HEPAISO","Age","Age","Age of patient in years as received or at the date of sampling.","NUM","No","No",,,,0,125,,0,,,,,,,,1970-01-01,,2,1
"HEPAISO","Gender","Gender","Gender of the reported record.","REF","No","No","F = Female
M = Male
OTH = Other
",,,,,,,,,,,,,,1970-01-01,,2,2
"HEPAISO","Imported","Imported","Infection has occurred following exposure outside the reporting country during a time compatible with the incubation period of the infection.","BOOL","No","No",,,,,,,,,,,,,,,1970-01-01,,2,3
"HEPAISO","PlaceOfInfection","Place of infection","The probable place of infection should be provided at the lowest level possible, down to NUTS3 level. If the probable place of infection is not an EU/EEA country, then use GAUL nomenclature. Note this is a repeatable field.","LOCATION","No","Yes","consult the location values in Location sheet",,,,,,,,,,,,"No","Country",1970-01-01,,2,4
"HEPAISO","ItemCode","Item code","Code of related EpiPulse item.","TEXT","No","No",,"^[0-9]{4}-[A-Z]{3}-[0-9]{5}$",14,,,,,,,,,,,,1970-01-01,,2,5
"HEPAISO","DateOfSampling","Date of sampling","Date the sample from which the isolate was derived was taken.","DATE","No","No",,,,,,,,"No",2012-01-01,,"yyyy-mm-dd","DateOfSampling,DateOfReceiptSourceLab,DateOfReceiptReferenceLab",,,1970-01-01,,3,1
"HEPAISO","DateOfReceiptSourceLab","Date of receipt source laboratory","Date of receipt in source laboratory, i.e. the laboratory the sample was first sent to.","DATE","No","No",,,,,,,,"No",2012-01-01,,"yyyy-mm-dd","DateOfSampling,DateOfReceiptSourceLab,DateOfReceiptReferenceLab",,,1970-01-01,,3,2
"HEPAISO","DateOfReceiptReferenceLab","Date of receipt reference laboratory","Date of receipt in reference laboratory or typing laboratory with reference function.","DATE","Yes","No",,,,,,,,"No",2012-01-01,,"yyyy-mm-dd","DateOfSampling,DateOfReceiptSourceLab,DateOfReceiptReferenceLab",,,1970-01-01,,3,3
"HEPAISO","SampleId","Sample identifier","Unique identifier for each sample within the lab system, allowing to link isolates derived from the same sample.","TEXT","No","No",,,1000,,,,,,,,,,,,1970-01-01,,3,4
"HEPAISO","SampleOrigin","Sample origin","Source that the isolate was obtained from: human, food, animal, environmental, etc.","REF","No","No","ENVIRONMENT = Environment
FOOD = Food
HUMAN = Human
NON_HUMAN = Non human
",,,,,,,,,,,,,,1970-01-01,,3,5
"HEPAISO","Specimen","Specimen","The relevant specimen type used for diagnosis of the case.","REF","No","No","BLOOD = Blood
FAECES = Faeces
OTH = Other
",,,,,,,,,,,,,,1970-01-01,,3,6
"HEPAISO","SubGenotype","SubGenotype","Describes the subgenotype of the virus.","REF","No","No","IA = I.A
IB = I.B
IIA = II.A
IIB = II.B
IIIA = III.A
IIIB = III.B
",,,,,,,,,,,,,,1970-01-01,,3,7
"HEPAISO","WgsAccession","Wgs accession identifier","European Nucleotide Archive (ENA) / Sequence Read Archive (SRA) run identifier, based on which the sequence read data can be retrieved. Starts with ERR or SRR, i.e. not the sample or experiment which is ERS/ERX or SRS/SRX.","TEXT","No","No",,,4000,,,,,,,,,,,,1970-01-01,,3,8
"HEPB","Disease","Disease","The code of the disease that is being reported.","REF","No","No","HEPB = Hepatitis B
",,,,,,,,,,,,,,1970-01-01,,,
"HEPB","ReportingCountry","Reporting country","The country reporting the record.","LOCATION","Yes","No","consult the location values in Location sheet",,,,,,,,,,,,"Yes","Country",1970-01-01,,,
"HEPB","Status","Status","The Status value is used to provide the functionality for a record within EpiPulse Cases database. Default value: NEW/UPDATE. If set to DELETE, the record with the specified NationalRecordId is deleted (invalidated) from EpiPulse Cases database, if it exists. If set to NEW/UPDATE, the record is inserted into the database: If the same NationalRecordId already exists for the same data source and subject code, then the current submitted record updates (replace) the existing one.","REF","No","No","DELETE = Delete a previously reported record.
NEW/UPDATE = Update a previously reported record (default).
",,,,,,,,,,,,,,1970-01-01,,,
"HEPB","SubjectCode","Subject code","SubjectCode is a reporting model for a disease/health topic - identifies the reporting structure and format of a record (case based or aggregate reporting).","REF","Yes","No","HEPB = Hepatitis B
",,,,,,,,,,,,,,1970-01-01,,,
"HEPB","NationalRecordId","National record identifier","Unique identifier for each record within and across the specified surveillance system (data source) – selected and generated by the country reporting the record.","TEXT","Yes","No",,,80,,,,,,,,,,,,1970-01-01,,1,1
"HEPB","DataSource","Data source","The data source (surveillance system) that the record originates from. The DataSource value must be a special reference value from EpiPulse Cases metadata.","DATASOURCE","Yes","No","consult the data source values in DataSource sheet",,,,,,,,,,,,,,1970-01-01,,1,2
"HEPB","DateUsedForStatistics","Date used for statistics","The reference date used for standard reports that is compared to the reporting period. The date used for statistics can be any date that the reporting country finds applicable, e.g. date of notification, date of diagnosis or any other date.","DATE","Yes","No",,,,,,,,"No",,,"yyyy,yyyy-mm,yyyy-mm-dd,yyyy-Www",,,,1970-01-01,,1,3
"HEPB","Age","Age","Age of patient in years as reported in the national system at the time of disease onset.","NUM","No","No",,,,0,125,,0,,,,,,,,1970-01-01,,2,1
"HEPB","Gender","Gender","Gender of the reported record.","REF","No","No","F = Female
M = Male
OTH = Other
",,,,,,,,,,,,,,1970-01-01,,2,2
"HEPB","DateOfOnset","Date of onset of disease","Date of onset of disease. Not applicable in asymptomatic cases. If not applicable, leave empty.","DATE","No","No",,,,,,,,"No",,,"yyyy-mm-dd","DateOfOnset,DateOfDiagnosis,DateOfNotification",,,1970-01-01,,2,3
"HEPB","DateOfDiagnosis","Date of diagnosis","First date of clinical or lab diagnosis. In case the DateOfOnset is missing this date is used for analysis.","DATE","No","No",,,,,,,,"No",1965-01-01,,"yyyy-mm-dd","DateOfOnset,DateOfDiagnosis,DateOfNotification",,,1970-01-01,,2,4
"HEPB","DateOfNotification","Date of notification","Date when the case report is first notified to public health authorities.","DATE","No","No",,,,,,,,"No",,,"yyyy-mm-dd","DateOfOnset,DateOfDiagnosis,DateOfNotification",,,1970-01-01,,2,5
"HEPB","Imported","Imported","Infection has occurred following exposure outside the reporting country during a time compatible with the incubation period of the infection.","BOOL","No","No",,,,,,,,,,,,,,,1970-01-01,,2,6
"HEPB","PlaceOfInfection","Place of infection","The probable place of infection should be provided at the lowest level possible, down to NUTS 3 level. Note this is a repeatable field.","LOCATION","No","Yes","consult the location values in Location sheet",,,,,,,,,,,,"No","Country,NUTS1,NUTS2,NUTS3",1970-01-01,,2,7
"HEPB","PlaceOfNotification","Place of notification","Place of the first notification of the case to a regional authority. Select the most detailed NUTS level possible.","LOCATION","No","No","consult the location values in Location sheet",,,,,,,,,,,,"No","Country,NUTS1,NUTS2,NUTS3",1970-01-01,,2,8
"HEPB","PlaceOfResidence","Place of residence","Place of residence of patient at the time of disease onset. Select the most detailed NUTS level possible.","LOCATION","No","No","consult the location values in Location sheet",,,,,,,,,,,,"Yes","Country,NUTS1,NUTS2,NUTS3",1970-01-01,,2,9
"HEPB","CountryOfBirth","Country of birth of patient","Country of birth of the patient.","LOCATION","No","No","consult the location values in Location sheet",,,,,,,,,,,,"No","Country",1970-01-01,,2,10
"HEPB","CountryOfNationality","Country of nationality of patient","Identifies the country where the patient is registered as citizen.","LOCATION","No","No","consult the location values in Location sheet",,,,,,,,,,,,"No","Country",1970-01-01,,2,11
"HEPB","ModeOfTransmission","Mode of transmission","This variable specifies the most probable route of transmission. Only one option can be selected. If there are one or more other possible routes, specify them in ModeOfTransmissionOther variable. If a case (male or female) was infected through selling sex, SEXWORK should be entered for Transmission rather than MSM, HETERO or SEX. These can be added in ModeOfTransmissionOther variable.","REF","No","No","BLOOD = Blood and blood products
HAEMO = Haemodialysis
HETERO = Heterosexual contact
HOUSE = Household contact of chronic case
IDU = Injecting drug use
MSM = MSM/home or bisexual male
MTCT = Mother-to-child transmission
NONOCCUP = Non-occupational exposure (community needle stick injuries, bites, tattoos, piercings)
NOSO = Nosocomial transmission (includes hospital, nursing home, psychiatric institutions, dental)
OCCUP = Any occupational exposure (includes needle stick injuries among healthcare workers)
OTH = Other
SEX = Sexual transmission
SEXWORK = Through selling sex
TRANSPLANT = Organs and tissues
",,,,,,,,,,,,,,1970-01-01,,2,12
"HEPB","ModeOfTransmissionOther","Other probable mode of transmission","This variable specifies other possible routes of transmission in addition to the most probable route. More than one category may be selected (repeatable variable).","REF","No","Yes","BLOOD = Blood and blood products
HAEMO = Haemodialysis
HETERO = Heterosexual contact
HOUSE = Household contact of chronic case
IDU = Injecting drug use
MSM = MSM/home or bisexual male
MTCT = Mother-to-child transmission
NONOCCUP = Non-occupational exposure (community needle stick injuries, bites, tattoos, piercings)
NOSO = Nosocomial transmission (includes hospital, nursing home, psychiatric institutions, dental)
OCCUP = Any occupational exposure (includes needle stick injuries among healthcare workers)
OTH = Other
SEX = Sexual transmission
SEXWORK = Through selling sex
TRANSPLANT = Organs and tissues
",,,,,,,,,,,,,,1970-01-01,,2,13
"HEPB","StageHEP","Stage of hepatitis","Stage of hepatitis at time of diagnosis.","REF","Yes","No","ACUTE = Acute
CHRONIC = Chronic
UND = Undetermined
",,,,,,,,,,,,,,1970-01-01,,2,14
"HEPB","HDVResult","HDV result","This variable specifies whether the patient has detectable hepatitis D virus in the blood at the time of diagnosis.","REF","No","No","DET = Detectable
NDET = Not detectable
NOTEST = Not tested
",,,,,,,,,,,,,,1970-01-01,,2,15
"HEPBAGGR","Disease","Disease","The code of the disease that is being reported.","REF","No","No","HEPB = Hepatitis B
",,,,,,,,,,,,,,1970-01-01,,,
"HEPBAGGR","ReportingCountry","Reporting country","The country reporting the record.","LOCATION","Yes","No","consult the location values in Location sheet",,,,,,,,,,,,"Yes","Country",1970-01-01,,,
"HEPBAGGR","SubjectCode","Subject code","SubjectCode is a reporting model for a disease/health topic - identifies the reporting structure and format of a record (case based or aggregate reporting).","REF","Yes","No","HEPBAGGR = Hepatitis B aggregated
",,,,,,,,,,,,,,1970-01-01,,,
"HEPBAGGR","DataSource","Data source","The data source (surveillance system) that the record originates from. The DataSource value must be a special reference value from EpiPulse Cases metadata.","DATASOURCE","Yes","No","consult the data source values in DataSource sheet",,,,,,,,,,,,,,1970-01-01,,1,1
"HEPBAGGR","DateUsedForStatistics","Date used for statistics","The reference date used for standard reports that is compared to the reporting period. The date used for statistics can be any date that the reporting country finds applicable, e.g. date of notification, date of diagnosis or any other date.","DATE","Yes","No",,,,,,,,"No",,,"yyyy,yyyy-mm",,,,1970-01-01,,1,2
"HEPBAGGR","AgeGroup","Age group","Age group of the reported record.","REF","No","No","Age00_04 = 00 - 04 years old
Age05_14 = 05 - 14 years old
Age15_19 = 15 - 19 years old
Age20_24 = 20 - 24 years old
Age25_34 = 25 - 34 years old
Age35_44 = 35 - 44 years old
Age45_54 = 45 - 54 years old
Age55_64 = 55 - 64 years old
Age65+ = 65+ years old
",,,,,,,,,,,,,,1970-01-01,,1,3
"HEPBAGGR","Gender","Gender","Gender of the reported record. Transsexual should be coded as ""OTH"" - Other.","REF","No","No","F = Female
M = Male
OTH = Other
",,,,,,,,,,,,,,1970-01-01,,1,4
"HEPBAGGR","StageHEP","Stage of hepatitis","Stage of hepatitis at time of diagnosis.","REF","Yes","No","ACUTE = Acute
CHRONIC = Chronic
UND = Undetermined
",,,,,,,,,,,,,,1970-01-01,,1,5
"HEPBAGGR","CaseClassification","Case classification","Only CONFIRMED cases should be reported at EU Level, therefore ""CONF"" is the expected code here. It is recognised that not all MS have a requirement for lab confirmation for reporting at national level. In short to mid-term the variable can be coded as ""CONF"" or leave empty until case definitions are met.","REF","No","No","CONF = Confirmed
POSS = Possible
PROB = Probable
",,,,,,,,,,,,,,1970-01-01,,1,6
"HEPBAGGR","NumberOfCases","Number of cases","Total number of cases during the reported period for the specified disease.","NUM","Yes","No",,,,0,999999999,,0,,,,,,,,1970-01-01,,1,7
"HEPC","Disease","Disease","The code of the disease that is being reported.","REF","No","No","HEPC = Hepatitis C
",,,,,,,,,,,,,,1970-01-01,,,
"HEPC","ReportingCountry","Reporting country","The country reporting the record.","LOCATION","Yes","No","consult the location values in Location sheet",,,,,,,,,,,,"Yes","Country",1970-01-01,,,
"HEPC","Status","Status","The Status value is used to provide the functionality for a record within EpiPulse Cases database. Default value: NEW/UPDATE. If set to DELETE, the record with the specified NationalRecordId is deleted (invalidated) from EpiPulse Cases database, if it exists. If set to NEW/UPDATE, the record is inserted into the database: If the same NationalRecordId already exists for the same data source and subject code, then the current submitted record updates (replace) the existing one.","REF","No","No","DELETE = Delete a previously reported record.
NEW/UPDATE = Update a previously reported record (default).
",,,,,,,,,,,,,,1970-01-01,,,
"HEPC","SubjectCode","Subject code","SubjectCode is a reporting model for a disease/health topic - identifies the reporting structure and format of a record (case based or aggregate reporting).","REF","Yes","No","HEPC = Hepatitis C
",,,,,,,,,,,,,,1970-01-01,,,
"HEPC","NationalRecordId","National record identifier","Unique identifier for each record within and across the specified surveillance system (data source) – selected and generated by the country reporting the record.","TEXT","Yes","No",,,80,,,,,,,,,,,,1970-01-01,,1,1
"HEPC","DataSource","Data source","The data source (surveillance system) that the record originates from. The DataSource value must be a special reference value from EpiPulse Cases metadata.","DATASOURCE","Yes","No","consult the data source values in DataSource sheet",,,,,,,,,,,,,,1970-01-01,,1,2
"HEPC","DateUsedForStatistics","Date used for statistics","The reference date used for standard reports that is compared to the reporting period. The date used for statistics can be any date that the reporting country finds applicable, e.g. date of notification, date of diagnosis or any other date.","DATE","Yes","No",,,,,,,,"No",,,"yyyy,yyyy-mm,yyyy-mm-dd,yyyy-Www",,,,1970-01-01,,1,3
"HEPC","Age","Age","Age of patient in years as reported in the national system at the time of disease onset.","NUM","No","No",,,,0,125,,0,,,,,,,,1970-01-01,,2,1
"HEPC","Gender","Gender","Gender of the reported record.","REF","No","No","F = Female
M = Male
OTH = Other
",,,,,,,,,,,,,,1970-01-01,,2,2
"HEPC","DateOfOnset","Date of onset of disease","Date of onset of disease. Not applicable in asymptomatic cases. If not applicable, leave empty.","DATE","No","No",,,,,,,,"No",,,"yyyy-mm-dd","DateOfOnset,DateOfDiagnosis,DateOfNotification",,,1970-01-01,,2,3
"HEPC","DateOfDiagnosis","Date of diagnosis","First date of clinical or lab diagnosis. In case the DateOfOnset is missing this date is used for analysis.","DATE","No","No",,,,,,,,"No",1989-01-01,,"yyyy-mm-dd","DateOfOnset,DateOfDiagnosis,DateOfNotification",,,1970-01-01,,2,4
"HEPC","DateOfNotification","Date of notification","Date when the case report is first notified to public health authorities.","DATE","No","No",,,,,,,,"No",,,"yyyy-mm-dd","DateOfOnset,DateOfDiagnosis,DateOfNotification",,,1970-01-01,,2,5
"HEPC","Imported","Imported","Infection has occurred following exposure outside the reporting country during a time compatible with the incubation period of the infection.","BOOL","No","No",,,,,,,,,,,,,,,1970-01-01,,2,6
"HEPC","PlaceOfInfection","Place of infection","The probable place of infection should be provided at the lowest level possible, down to NUTS 3 level. Note this is a repeatable field.","LOCATION","No","Yes","consult the location values in Location sheet",,,,,,,,,,,,"No","Country,NUTS1,NUTS2,NUTS3",1970-01-01,,2,7
"HEPC","PlaceOfNotification","Place of notification","Place of the first notification of the case to a regional authority. Select the most detailed NUTS level possible.","LOCATION","No","No","consult the location values in Location sheet",,,,,,,,,,,,"No","Country,NUTS1,NUTS2,NUTS3",1970-01-01,,2,8
"HEPC","PlaceOfResidence","Place of residence","Place of residence of patient at the time of disease onset. Select the most detailed NUTS level possible.","LOCATION","No","No","consult the location values in Location sheet",,,,,,,,,,,,"Yes","Country,NUTS1,NUTS2,NUTS3",1970-01-01,,2,9
"HEPC","CountryOfBirth","Country of birth of patient","Country of birth of the patient.","LOCATION","No","No","consult the location values in Location sheet",,,,,,,,,,,,"No","Country",1970-01-01,,2,10
"HEPC","CountryOfNationality","Country of nationality of patient","Identifies the country where the patient is registered as citizen.","LOCATION","No","No","consult the location values in Location sheet",,,,,,,,,,,,"No","Country",1970-01-01,,2,11
"HEPC","ModeOfTransmission","Mode of transmission","This variable specifies the most probable route of transmission. Only one option can be selected. If there are one or more other possible routes, specify them in ModeOfTransmissionOther variable. If a case (male or female) was infected through selling sex, SEXWORK should be entered for Transmission rather than MSM, HETERO or SEX. These can be added in ModeOfTransmissionOther variable.","REF","No","No","BLOOD = Blood and blood products
HAEMO = Haemodialysis
HETERO = Heterosexual contact
HOUSE = Household contact of chronic case
IDU = Injecting drug use
MSM = MSM/home or bisexual male
MTCT = Mother-to-child transmission
NONOCCUP = Non-occupational exposure (community needle stick injuries, bites, tattoos, piercings)
NOSO = Nosocomial transmission (includes hospital, nursing home, psychiatric institutions, dental)
OCCUP = Any occupational exposure (includes needle stick injuries among healthcare workers)
OTH = Other
SEX = Sexual transmission
SEXWORK = Through selling sex
TRANSPLANT = Organs and tissues
",,,,,,,,,,,,,,1970-01-01,,2,12
"HEPC","ModeOfTransmissionOther","Other probable mode of transmission","This variable specifies other possible routes of transmission in addition to the most probable route. More than one category may be selected (repeatable variable).","REF","No","Yes","BLOOD = Blood and blood products
HAEMO = Haemodialysis
HETERO = Heterosexual contact
HOUSE = Household contact of chronic case
IDU = Injecting drug use
MSM = MSM/home or bisexual male
MTCT = Mother-to-child transmission
NONOCCUP = Non-occupational exposure (community needle stick injuries, bites, tattoos, piercings)
NOSO = Nosocomial transmission (includes hospital, nursing home, psychiatric institutions, dental)
OCCUP = Any occupational exposure (includes needle stick injuries among healthcare workers)
OTH = Other
SEX = Sexual transmission
SEXWORK = Through selling sex
TRANSPLANT = Organs and tissues
",,,,,,,,,,,,,,1970-01-01,,2,13
"HEPC","StageHEP","Stage of hepatitis","Stage of hepatitis at time of diagnosis.","REF","Yes","No","ACUTE = Acute
CHRONIC = Chronic
UND = Undetermined
",,,,,,,,,,,,,,1970-01-01,,2,14
"HEPC","HCVAntigenResult","HCV antigen result","This variable specifies whether the patient has detectable hepatitis C virus specific antigen (HCV-core) in the blood at the time of diagnosis.","REF","No","No","DET = Detectable
NDET = Not detectable
NOTEST = Not tested
",,,,,,,,,,,,,,1970-01-01,,2,15
"HEPC","HCVRNAResult","HCV RNA result","This variable specifies whether the patient has detectable hepatitis C virus nucleic acid (HCV RNA) in the blood at the time of diagnosis.","REF","No","No","DET = Detectable
NDET = Not detectable
NOTEST = Not tested
",,,,,,,,,,,,,,1970-01-01,,2,16
"HEPCAGGR","Disease","Disease","The code of the disease that is being reported.","REF","No","No","HEPC = Hepatitis C
",,,,,,,,,,,,,,1970-01-01,,,
"HEPCAGGR","ReportingCountry","Reporting country","The country reporting the record.","LOCATION","Yes","No","consult the location values in Location sheet",,,,,,,,,,,,"Yes","Country",1970-01-01,,,
"HEPCAGGR","SubjectCode","Subject code","SubjectCode is a reporting model for a disease/health topic - identifies the reporting structure and format of a record (case based or aggregate reporting).","REF","Yes","No","HEPCAGGR = Hepatitis C aggregated
",,,,,,,,,,,,,,1970-01-01,,,
"HEPCAGGR","DataSource","Data source","The data source (surveillance system) that the record originates from. The DataSource value must be a special reference value from EpiPulse Cases metadata.","DATASOURCE","Yes","No","consult the data source values in DataSource sheet",,,,,,,,,,,,,,1970-01-01,,1,1
"HEPCAGGR","DateUsedForStatistics","Date used for statistics","The reference date used for standard reports that is compared to the reporting period. The date used for statistics can be any date that the reporting country finds applicable, e.g. date of notification, date of diagnosis or any other date.","DATE","Yes","No",,,,,,,,"No",,,"yyyy,yyyy-mm",,,,1970-01-01,,1,2
"HEPCAGGR","AgeGroup","Age group","Age group of the reported record.","REF","No","No","Age00_04 = 00 - 04 years old
Age05_14 = 05 - 14 years old
Age15_19 = 15 - 19 years old
Age20_24 = 20 - 24 years old
Age25_34 = 25 - 34 years old
Age35_44 = 35 - 44 years old
Age45_54 = 45 - 54 years old
Age55_64 = 55 - 64 years old
Age65+ = 65+ years old
",,,,,,,,,,,,,,1970-01-01,,1,3
"HEPCAGGR","Gender","Gender","Gender of the reported record. Transsexual should be coded as ""OTH"" - Other.","REF","No","No","F = Female
M = Male
OTH = Other
",,,,,,,,,,,,,,1970-01-01,,1,4
"HEPCAGGR","StageHEP","Stage of hepatitis","Stage of hepatitis at time of diagnosis.","REF","Yes","No","ACUTE = Acute
CHRONIC = Chronic
UND = Undetermined
",,,,,,,,,,,,,,1970-01-01,,1,5
"HEPCAGGR","CaseClassification","Case classification","Only CONFIRMED cases should be reported at EU Level, therefore ""CONF"" is the expected code here. It is recognised that not all MS have a requirement for lab confirmation for reporting at national level. In short to mid-term the variable can be coded as ""CONF"" or leave empty until case definitions are met.","REF","No","No","CONF = Confirmed
POSS = Possible
PROB = Probable
",,,,,,,,,,,,,,1970-01-01,,1,6
"HEPCAGGR","NumberOfCases","Number of cases","Total number of cases during the reported period for the specified disease.","NUM","Yes","No",,,,0,999999999,,0,,,,,,,,1970-01-01,,1,7
"HIVAIDS","Disease","Disease","The code of the disease that is being reported.","REF","Yes","No","AIDS = Acquired immunodeficiency syndrome (AIDS)
HIV = HIV infection
HIVAIDS = HIV diagnoses, including AIDS
",,,,,,,,,,,,,,1971-01-01,,,
"HIVAIDS","ReportingCountry","Reporting country","The country reporting the record.","LOCATION","Yes","No","consult the location values in Location sheet",,,,,,,,,,,,"Yes","Country",1971-01-01,,,
"HIVAIDS","Status","Status","The Status value is used to provide the functionality for a record within EpiPulse Cases database. Default value: NEW/UPDATE. If set to DELETE, the record with the specified NationalRecordId is deleted (invalidated) from EpiPulse Cases database, if it exists. If set to NEW/UPDATE, the record is inserted into the database: If the same NationalRecordId already exists for the same data source and subject code, then the current submitted record updates (replace) the existing one.","REF","No","No","DELETE = Delete a previously reported record.
NEW/UPDATE = Update a previously reported record (default).
",,,,,,,,,,,,,,1971-01-01,,,
"HIVAIDS","SubjectCode","Subject code","SubjectCode is a reporting model for a disease/health topic - identifies the reporting structure and format of a record (case based or aggregate reporting).","REF","Yes","No","HIVAIDS = HIV diagnoses case-based, including AIDS
",,,,,,,,,,,,,,1971-01-01,,,
"HIVAIDS","NationalRecordId","National record identifier","Unique identifier for each record within and across the specified surveillance system (data source) – selected and generated by the country reporting the record.","TEXT","Yes","No",,,80,,,,,,,,,,,,1971-01-01,,1,1
"HIVAIDS","DataSource","Data source","The data source (surveillance system) that the record originates from. The DataSource value must be a special reference value from EpiPulse Cases metadata.","DATASOURCE","Yes","No","consult the data source values in DataSource sheet",,,,,,,,,,,,,,1971-01-01,,1,2
"HIVAIDS","DateUsedForStatistics","Date used for statistics","The reference date used for standard reports that is compared to the reporting period. The date used for statistics can be any date that the reporting country finds applicable, e.g. date of notification, date of diagnosis or any other date.","DATE","Yes","No",,,,,,,,"No",1971-01-01,,"yyyy,yyyy-mm,yyyy-mm-dd,yyyy-Qq,yyyy-Www",,,,1971-01-01,,1,3
"HIVAIDS","Age","Age","Exact age at diagnosis of HIV. Age as a crude number is preferred. If not available, age can be calculated by the MS from the date of birth and date of diagnosis.","NUM","No","No",,,,0,125,,0,,,,,,,,1971-01-01,,2,1
"HIVAIDS","AgeMonth","Age in months","Age of case in months at diagnosis as reported in the national system for cases with mother-to-child transmission who are < 2 years of age at the time of diagnosis.","NUM","No","No",,,,0,23,,0,,,,,,,,1971-01-01,,2,2
"HIVAIDS","Gender","Gender","Gender of the reported record. Other refers to a gender identity not listed.","REF","No","No","F = Female
M = Male
OTH = Other
T = Transgender
",,,,,,,,,,,,,,1971-01-01,,2,3
"HIVAIDS","CountryOfBirth","Country of birth of patient","Country of birth of patient. CountryOfBirth is the prefered variable.","LOCATION","No","No","consult the location values in Location sheet",,,,,,,,,,,,"No","Country",1971-01-01,,2,4
"HIVAIDS","CountryOfNationality","Country of nationality of patient","Country of nationality of patient. CountryOfBirth is the prefered variable. If it is not available, then submit CountryOfNationality, and if this is not available, then RegionOfOrigin. Please still submit CountryOfNationality, if possible.","LOCATION","No","No","consult the location values in Location sheet",,,,,,,,,,,,"No","Country",1971-01-01,,2,5
"HIVAIDS","RegionOfOrigin","Region of origin of patient","Region from which the case originates. If the case is from the reporting country, it should be coded as REPCOUNTRY. CountryOfBirth is the prefered variable. If this is not available, then submit RegionOfOrigin. If both are submitted, CountryOfBirth should match RegionOfOrigin. The list of countries classified by region of origin is provided in the reporting protocol.","REF","No","No","ABROAD = Abroad - subcontinent unknown
AUSTNZ = Australia and New Zealand
CAR = Caribbean
CENTEUR = Central Europe
EASTASIAPAC = East Asia and Pacific
EASTEUR = East Europe
EUROPE = Europe - subcontinent unknown
LATAM = Latin America
NORTHAFRMIDEAST = North Africa and Middle East
NORTHAM = North America
REPCOUNTRY = Same as reporting country
SOUTHASIA = South and South East Asia
SUBAFR = Sub-Saharan Africa
WESTEUR = West Europe
",,,,,,,,,,,,,,1971-01-01,,2,6
"HIVAIDS","DateOfArrival","Year patient arrived in the reporting country","Year patient arrived in the reporting country. For patients born outside the reporting country, include the year of arrival in the reporting country.","DATE","No","No",,,,,,,,"No",1930-01-01,,"yyyy",,,,1971-01-01,,2,7
"HIVAIDS","DateOfHIVDiagnosis","Date of first HIV diagnosis","Date of first HIV confirmed diagnosis, laboratory diagnosis. The exact date is preferred and should be provided if available; incomplete dates (e.g. quarter, month, year) are allowed if exact date is not available.","DATE","Yes","No",,,,,,,,"No",1971-01-01,,"yyyy,yyyy-mm,yyyy-mm-dd,yyyy-Qq,yyyy-Www",,,,1971-01-01,,3,1
"HIVAIDS","DateOfAIDSDiagnosis","Date of AIDS diagnosis","Date of AIDS diagnosis. The exact date is preferred and should be provided if available; incomplete dates (e.g. week, quarter, month, year) are allowed if exact date is not available.","DATE","No","No",,,,,,,,"No",1971-01-01,,"yyyy,yyyy-mm,yyyy-mm-dd,yyyy-Qq,yyyy-Www",,,,1971-01-01,,3,2
"HIVAIDS","DateOfNotification","Date of notification","This is the date on which the HIV case was notified for the first time to the reporting country. The exact date is preferred and should be provided if available; incomplete dates (e.g. quarter, month, year) are allowed if exact date is not available.","DATE","No","No",,,,,,,,"No",1971-01-01,,"yyyy,yyyy-mm,yyyy-mm-dd,yyyy-Qq,yyyy-Www",,,,1971-01-01,,3,3
"HIVAIDS","DateOfDeath","Date of death","Date of death due to any cause. The exact date is preferred to obtain more accurate information and to allow better comparison and grouping. Incomplete dates (quarter, month, year) are permissible. For cases that are still alive or where the outcome (i.e., whether the case is alive or dead) is unknown leave empty.","DATE","No","No",,,,,,,,"No",1971-01-01,,"yyyy,yyyy-mm,yyyy-mm-dd,yyyy-Qq,yyyy-Www",,,,1971-01-01,,3,4
"HIVAIDS","Outcome","Outcome of case","Information on whether the case is alive or deceased (due to AIDS-related and non-AIDS related causes).","REF","No","No","A = Alive
DIEDAIDS = Death due to AIDS
DIEDNOAIDS = Non AIDS-related death
DIEDUNK = Cause of death unknown
",,,,,,,,,,,,,,1971-01-01,,3,5
"HIVAIDS","ModeOfTransmission","Describes the most probable mode of transmission","Most probable mode of HIV transmission classified as: sex between men; heterosexual contact; ever injected drugs; mother-to-child transmission; transfusion recipient; nosocomial. Nosocomial infection includes patients infected in health care settings. Cases of occupational exposure should be classified as exposure unknown or undetermined. Cases which are not fully documented should be left empty.","REF","No","No","GBMSM = Gay, bisexual and all men who have sex with men
HAEMO = Haemodialysis
HETERO = Heterosexual contact
IDU = Injecting drug use
MTCT = Mother-to-child transmission
NOSO = Nosocomial transmission (includes hospital, nursing home, psychiatric institutions, dental)
TRANSFU = Transfusion recipient
",,,,,,,,,,,,,,1971-01-01,,3,6
"HIVAIDS","ModeOfTransmissionPartner","Identifies how the partner may have acquired HIV when heterosexual contact is the likely transmission route","This variable applies to individuals who are likely to have acquired HIV through heterosexual contact and is intended to identify the possible mode of transmission of the partner. If the partner originates from a high-prevalence country, a list of countries is provided in the reporting protocol.","REF","No","No","PGBMSM = Partner GBMSM
PHAEMO = Heterosexual partner haemophiliac
PHETBI = Bisexual male
PHETEPI = Heterosexual partner from a high prevalence country
PHETNEPI = Heterosexual partner from a non–high prevalence country
PHETUNK = Strongly believed to have acquired HIV through heterosexual contact; however, information on risk factors and partner not available
PHIVPOS = Partner known to be HIV positive and not known to belong to any of other categories
PIBLOOD = Partner likely acquired HIV through transfusion of blood or blood products
PIDU = Partner with current or past injecting drug use
PINOSO = Partner who likely acquired HIV through nosocomial (healthcare-associated) transmission
PIVER = Partner who likely acquired HIV through mother-to-child transmission
",,,,,,,,,,,,,,1971-01-01,,3,7
"HIVAIDS","PlaceOfInfection","Probable country of infection","Country in which HIV was likely acquired.","LOCATION","No","Yes","consult the location values in Location sheet",,,,,,,,,,,,"No","Country",1971-01-01,,3,8
"HIVAIDS","SiteOfTest","Site of test","Describes the site of the first HIV reactive test for persons newly diagnosed with HIV, including screening tests prior to confirmatory testing performed outside of healthcare settings.","REF","No","No","ABROAD = Tested abroad prior to arrival to reporting country
ANS = Antenatal screening
BLOOD = Blood donation screening
CBT = Community-based testing programme
EMERG = Accident and emergency department
INFDIS = Infectious disease clinic
OTH = Other setting
OTHHOSP = Other hospital setting
PHARM = Pharmacy
PHC = Primary health care
PRIS = Prison or remand services
PWID = Harm reduction site/drug services
SELFSAMP = Self-sampling
SELFTEST = Self-testing
SEXHEAL = Sexual health or STI clinic
",,,,,,,,,,,,,,1971-01-01,,3,9
"HIVAIDS","RecentInfection","Evidence of recent infection, aside from the recent infection assay result","An infection can be considered to be recent if a patient demonstrates with seroconversion illness, has a negative HIV test within 12 months of diagnosis or has evidence from p24 antigen or Western Blot assays. This is a repeatable field and up to 4 options can be entered.","REF","No","Yes","EV24ANT = Evidence from p24 antigen
EVWBLOT = Evidence from Western Blot
NEGTEST = Last negative test within 12 months of HIV diagnosis
RECTEST = Evidence from recency testing
SEROILL = Seroconversion illness
",,,,,,,,,,,,,,1971-01-01,,3,10
"HIVAIDS","HIVType","Describes the type of HIV infection","Describes the type of HIV infection.","REF","No","No","HIV1 = HIV Type 1
HIV12 = HIV1 and HIV2 (co-infection)
HIV2 = HIV Type 2
",,,,,,,,,,,,,,1971-01-01,,3,11
"HIVAIDS","HIVStatus","HIV status - previous or new HIV diagnosis","This variable allows individuals who are newly diagnosed to be distinguished from those who had a positive HIV test and diagnosis in the past, possibly abroad, and are therefore previously diagnosed but are being reported for the first time in the reporting country.","REF","No","No","NEG = Negative (newly diagnosed)
PREVPOS = Previously diagnosed HIV-positive
UND = Undetermined
",,,,,,,,,,,,,,1971-01-01,,3,12
"HIVAIDS","AIDSIndicatorDisease","AIDS indicator disease at the time of AIDS diagnosis","AIDS indicator disease at the time of AIDS diagnosis occurring within two consecutive months from the date of AIDS diagnosis. This is a repeatable field for up to 4 diagnoses.","REF","No","Yes","1 = Bacterial infections, multiple or recurrent in a child under 13 years of age
10 = Histoplasmosis, disseminated or extrapulmonary
11 = Isosporiasis, intestinal with diarrhoea (>1 months duration)
12 = Mycobacterium avium complex or M. kansasii, disseminated or extrapulmonary
13 = Mycobacterium tuberculosis, pulmonary in an adult or an adolescent (aged 13 years or over)*
14 = Mycobacterium tuberculosis, extrapulmonary
15 = Mycobacterium, other species or unidentified species, disseminated or extrapulmonary
16 = Pneumocystis jirovecii pneumonia
17 = Pneumonia, recurrent in an adult or an adolescent (aged 13 years or over)*
18 = Progressive multifocal leukoencephalopathy
19 = Salmonella (non typhoid) septicaemia, recurrent
2 = Candidiasis of bronchi, trachea, or lungs
20 = Toxoplasmosis of brain in a patient over one month of age
21 = Cervical cancer, invasive in an adult or an adolescent (aged 13 years or over)*
22 = Encephalopathy, HIV-related
23 = Kaposi s sarcoma
24 = Lymphoid interstitial pneumonia in a child under 13 years of age
25 = Lymphoma, Burkitt s (or equivalent term)
26 = Lymphoma, immunoblastic (or equivalent term)
27 = Lymphoma, primary, of brain
28 = Wasting syndrome due to HIV
3 = Candidiasis, oesophageal
30 = Opportunistic infection(s), not specified
31 = Lymphoma(s), not specified
4 = Coccidioidomycosis, disseminated or extrapulmonary
5 = Cryptococcosis, extrapulmonary
6 = Cryptosporidiosis, intestinal with diarrhoea (>1 months duration)
7 = Cytomegalovirus disease (other than liver, spleen, or nodes) in a patient over one month of age
8 = Cytomegalovirus retinitis (with loss of vision)
9 = Herpes simplex: chronic ulcer(s) (>1 months duration); or bronchitis, pneumonitis, or oesophagitis in a patient over one month of age)
",,,,,,,,,,,,,,1971-01-01,,3,13
"HIVAIDS","FirstCD4Count","CD4 cell count at time of HIV diagnosis","The variable specifies the CD4 cells count at the time of HIV diagnosis. Enter the numeric value of the CD4 (0-6000) or leave empty if unknown.","NUM","No","No",,,,0,6000,,0,,,,,,,,1971-01-01,,3,14
"HIVAIDS","DateOfFirstCD4Count","Date of first CD4 cell count at time of HIV diagnosis","Date of first CD4 cell count at time of HIV diagnosis. The exact date is preferred and should be provided if available; incomplete dates (e.g. week, quarter, month, year) are allowed if exact date is not available.","DATE","No","No",,,,,,,,"No",1971-01-01,,"yyyy,yyyy-mm,yyyy-mm-dd,yyyy-Qq,yyyy-Www",,,,1971-01-01,,3,15
"HIVAIDS","LatestCD4Count","Last known CD4 count","Last known CD4 count. This variable is for historical updates on CD4 provided over time. Enter the numeric value of the CD4 (0-6000) or leave empty if unknown.","NUM","No","No",,,,0,6000,,0,,,,,,,,1971-01-01,,3,16
"HIVAIDS","DateOfLatestCD4Count","Date of last known CD4 cell count","Date of last known CD4 cell count. The exact date is preferred and should be provided if available; incomplete dates (e.g. week, quarter, month, year) are allowed if exact date is not available.","DATE","No","No",,,,,,,,"No",1971-01-01,,"yyyy,yyyy-mm,yyyy-mm-dd,yyyy-Qq,yyyy-Www",,,,1971-01-01,,3,17
"HIVAIDS","LatestVL","Last known viral load","Last known viral load. Enter the numeric value. If the test provides no numeric value and is simply ""low"" or ""undetectable"" code as 0. If the VL is greater than 999999 mm3, code as 999999.  If the latest viral load is unknown leave empty.","NUM","No","No",,,,0,1000000000,,0,,,,,,,,1971-01-01,,3,18
"HIVAIDS","DateOfLatestVL","Date of last known viral load (date of blood test where available)","Date of last known viral load (date of blood test where available). The exact date is preferred and should be provided if available; incomplete dates (e.g. week, quarter, month, year) are allowed if exact date is not available.","DATE","No","No",,,,,,,,"No",1971-01-01,,"yyyy,yyyy-mm,yyyy-mm-dd,yyyy-Qq,yyyy-Www",,,,1971-01-01,,3,19
"HIVAIDS","ART","Antiretroviral treatment","Whether person was on antiretroviral treatment at the time of last clinical attendance date?","BOOL","No","No",,,,,,,,,,,,,,,1971-01-01,,3,20
"HIVAIDS","DateOfART","Date for ART","Date that antiretroviral treatment was initiated.","DATE","No","No",,,,,,,,"No",1971-01-01,,"yyyy,yyyy-mm,yyyy-mm-dd,yyyy-Qq,yyyy-Www",,,,1971-01-01,,3,21
"HIVAIDS","DateOfLastAttendance","Date the patient was last seen for HIV-related care","Date the patient was last seen for HIV-related care. The exact date is preferred and should be provided if available; incomplete dates (e.g. week, quarter, month, year) are allowed if exact date is not available.","DATE","No","No",,,,,,,,"No",1971-01-01,,"yyyy-mm,yyyy-mm-dd,yyyy-Www",,,,1971-01-01,,3,22
"HIVAIDSAGGR","Disease","Disease","The code of the disease that is being reported.","REF","Yes","No","AIDS = Acquired immunodeficiency syndrome (AIDS)
HIV = HIV infection
",,,,,,,,,,,,,,1971-01-01,,,
"HIVAIDSAGGR","ReportingCountry","Reporting country","The country reporting the HIV diagnosis.","LOCATION","Yes","No","consult the location values in Location sheet",,,,,,,,,,,,"Yes","Country",1971-01-01,,,
"HIVAIDSAGGR","SubjectCode","Subject code","SubjectCode is a reporting model for a disease/health topic - identifies the reporting structure and format of a record (case based or aggregate reporting).","REF","Yes","No","HIVAIDSAGGR = HIV infection aggregated, including AIDS
",,,,,,,,,,,,,,1971-01-01,,,
"HIVAIDSAGGR","DataSource","Data source","The data source (surveillance system) that the record originates from. The DataSource value must be a special reference value from EpiPulse Cases metadata.","DATASOURCE","Yes","No","consult the data source values in DataSource sheet",,,,,,,,,,,,,,1971-01-01,,1,1
"HIVAIDSAGGR","DateUsedForStatistics","Date used for statistics","The reference date used for standard reports that is compared to the reporting period. The date used for statistics can be any date that the reporting country finds applicable, e.g. date of notification, date of diagnosis or any other date.","DATE","Yes","No",,,,,,,,"No",1971-01-01,,"yyyy,yyyy-mm,yyyy-Qq",,,,1971-01-01,,1,2
"HIVAIDSAGGR","AgeGroup","Age group","Age group of the reported record.","REF","No","No","Age00_14 = 0 - 14 years old
Age15_19 = 15 - 19 years old
Age20_24 = 20 - 24 years old
Age25_29 = 25 - 29 years old
Age30_39 = 30 - 39 years old
Age40_49 = 40 - 49 years old
Age50+ = 50+ years old
",,,,,,,,,,,,,,1971-01-01,,1,3
"HIVAIDSAGGR","Gender","Gender","Gender of the reported record. Other refers to a gender identity not listed.","REF","No","No","F = Female
M = Male
OTH = Other
T = Transgender
",,,,,,,,,,,,,,1971-01-01,,1,4
"HIVAIDSAGGR","FirstCD4CountCategory","First CD4 count category at time of HIV diagnosis","Number of people with CD4 count at HIV diagnosis in a given CD4 count category.","REF","No","No","<200 = Less than 200
200-349 = Between 200 and 349
350+ = Bigger than 350
",,,,,,,,,,,,,,1971-01-01,,1,5
"HIVAIDSAGGR","ModeOfTransmission","Describes the most probable mode of transmission","This variable specifies the most probable mode of transmission. For HIV cases where the mode of transmission is unknown, the ModeOfTransmission variable should be left empty.","REF","No","No","GBMSM = Gay, bisexual and all men who have sex with men
HAEMO = Haemodialysis
HETERO = Heterosexual contact
IDU = Injecting drug use
MTCT = Mother-to-child transmission
NOSO = Nosocomial transmission (includes hospital, nursing home, psychiatric institutions, dental)
TRANSFU = Transfusion recipient
",,,,,,,,,,,,,,1971-01-01,,1,6
"HIVAIDSAGGR","NumberOfCases","Number of cases","Total number of cases during the reported period for the specified disease.","NUM","Yes","No",,,,0,999999999,,0,,,,,,,,1971-01-01,,1,7
"HIVTEST","Disease","Disease","The code of the disease that is being reported.","REF","No","No","HIV = HIV infection
",,,,,,,,,,,,,,1971-01-01,,,
"HIVTEST","HealthTopic","Health topic","The code of the health topic that is being reported.","REF","No","No","TEST = Tests/detections
",,,,,,,,,,,,,,1970-01-01,,,
"HIVTEST","ReportingCountry","Reporting country","The country reporting the HIV diagnosis.","LOCATION","Yes","No","consult the location values in Location sheet",,,,,,,,,,,,"Yes","Country",1971-01-01,,,
"HIVTEST","SubjectCode","Subject code","SubjectCode is a reporting model for a disease/health topic - identifies the reporting structure and format of a record (case based or aggregate reporting).","REF","Yes","No","HIVTEST = HIV test
",,,,,,,,,,,,,,1971-01-01,,,
"HIVTEST","DataSource","Data source","The data source (surveillance system) that the record originates from. The DataSource value must be a special reference value from EpiPulse Cases metadata.","DATASOURCE","Yes","No","consult the data source values in DataSource sheet",,,,,,,,,,,,,,1971-01-01,,1,1
"HIVTEST","DateUsedForStatistics","Date used for statistics","The reference date used for standard reports that is compared to the reporting period. The date used for statistics can be any date that the reporting country finds applicable, e.g. date of notification, date of diagnosis or any other date.","DATE","Yes","No",,,,,,,,"No",1971-01-01,,"yyyy",,,,1971-01-01,,1,2
"HIVTEST","NumberOfTests","Number of tests","Total number of tests during the reported period for the specified disease. If exact numbers are not available, provide estimates.","NUM","Yes","No",,,,0,999999999,,0,,,,,,,,1971-01-01,,1,3
"INFLZOO","HealthTopic","Health topic","The code of the health topic that is being reported.","REF","No","No","RESPI = Respiratory viruses
",,,,,,,,,,,,,,1970-01-01,,,
"INFLZOO","ReportingCountry","Reporting country","The country reporting the record.","LOCATION","Yes","No","consult the location values in Location sheet",,,,,,,,,,,,"Yes","Country",1970-01-01,,,
"INFLZOO","Status","Status","The Status value is used to provide the functionality for a record within EpiPulse Cases database. Default value: NEW/UPDATE. If set to DELETE, the record with the specified NationalRecordId is deleted (invalidated) from EpiPulse Cases database, if it exists. If set to NEW/UPDATE, the record is inserted into the database: If the same NationalRecordId already exists for the same data source and subject code, then the current submitted record updates (replace) the existing one.","REF","No","No","DELETE = Delete a previously reported record.
NEW/UPDATE = Update a previously reported record (default).
",,,,,,,,,,,,,,1970-01-01,,,
"INFLZOO","SubjectCode","Subject code","SubjectCode is a reporting model for a disease/health topic - identifies the reporting structure and format of a record (case based or aggregate reporting).","REF","Yes","No","INFLZOO = Zoonotic influenza virus
",,,,,,,,,,,,,,1970-01-01,,,
"INFLZOO","NationalRecordId","National record identifier","Unique identifier for each record within and across the specified surveillance system (data source) – selected and generated by the country reporting the record.","TEXT","Yes","No",,,80,,,,,,,,,,,,1970-01-01,,1,1
"INFLZOO","DataSource","Data source","The data source (surveillance system) that the record originates from. The DataSource value must be a special reference value from EpiPulse Cases metadata.","DATASOURCE","Yes","No","consult the data source values in DataSource sheet",,,,,,,,,,,,,,1970-01-01,,1,2
"INFLZOO","DateUsedForStatistics","Date used for statistics","Earliest date assosiated with the case. Please use date of onset if available and preferentially to date of sample collection and to date of reporting to national health authority. If asymptomatic, use date of sample collection.","DATE","Yes","No",,,,,,,,"No",,,"yyyy-mm-dd,yyyy-Www",,,,1970-01-01,,1,3
"INFLZOO","Age","Age","Age of patient in years as reported in the national system at the time of disease onset.","NUM","No","No",,,,0,125,,0,,,,,,,,1970-01-01,,2,1
"INFLZOO","AgeMonth","Age in months","Age of patient in months as reported in the national system for cases < 2 years of age at the time of disease onset.","NUM","No","No",,,,0,23,,0,,,,,,,,1970-01-01,,2,2
"INFLZOO","Gender","Gender","Gender of the reported case.","REF","No","No","F = Female
M = Male
OTH = Other
",,,,,,,,,,,,,,1970-01-01,,2,3
"INFLZOO","DateOfOnset","Date of onset of disease","Date of onset of disease. Leave empty for asymptomatic cases.","DATE","No","No",,,,,,,,"No",,,"yyyy-mm-dd",,,,1970-01-01,,2,4
"INFLZOO","DateOfSpecimen","Date of specimen collection","Date of first specimen collection. If inital specimen collection did not result in case confirmation, please report the date of specimen collection linked to positive result.","DATE","No","No",,,,,,,,"No",,,"yyyy-mm-dd",,,,1970-01-01,,2,5
"INFLZOO","DateOfNotification","Date of notification","Date of notification to a regional or national public health agency.","DATE","No","No",,,,,,,,"No",,,"yyyy-mm-dd",,,,1970-01-01,,2,6
"INFLZOO","SettingClinical","Setting","Specification of the setting of diagnosis or case identification.","REF","No","No","HOSP_OTH = Hospital (not SARI surveillance)
HOSP_SARI = Hospital (SARI surveillance)
I = Investigation of outbreak in animals
OTH = Other
PC_ILIARI = Primary care (ILI/ARI surveillance)
PC_OTH = Primary care (not ILI/ARI surveillance)
T = Contact tracing
",,,,,,,,,,,,,,1970-01-01,,2,7
"INFLZOO","PathogenDetectionMethod","Pathogen detection method","Laboratory method used for diagnosis of the case. This field is repeatable to allow reporting of all laboratory methods that were used and resulted in a positive results.","REF","No","Yes","ANTIGEN = Antigen detection
GENOSEQ = Genotyping/Sequencing
ISOV = Isolation of virus
NEU = Neutralisation
NUC = Nucleic acid amplification
OTH = Other
SCONV = Seroconversion or fourfold titre rise
SIGG = Specific IgG-antibodies
SIGM = Specific IgM-antibodies
SIGMG = Specific IgM- and IgG-antibodies
",,,,,,,,,,,,,,1970-01-01,,2,8
"INFLZOO","HAsubtype","Virus HA subtype","Influenza virus HA subtype.","REF","Yes","No","AH1 = A(H1)
AH10 = A(H10)
AH11 = A(H11)
AH12 = A(H12)
AH13 = A(H13)
AH14 = A(H14)
AH15 = A(H15)
AH16 = A(H16)
AH17 = A(H17)
AH18 = A(H18)
AH2 = A(H2)
AH3 = A(H3)
AH4 = A(H4)
AH5 = A(H5)
AH6 = A(H6)
AH7 = A(H7)
AH8 = A(H8)
AH9 = A(H9)
HAUNK = HA unknown
OTH = Other
",,,,,,,,,,,,,,1970-01-01,,2,9
"INFLZOO","NAsubtype","Virus NA subtype","Influenza virus NA subtype.","REF","Yes","No","N1 = A(HxN1)
N10 = A(HxN10)
N11 = A(HxN11)
N2 = A(HxN2)
N3 = A(HxN3)
N4 = A(HxN4)
N5 = A(HxN5)
N6 = A(HxN6)
N7 = A(HxN7)
N8 = A(HxN8)
N9 = A(HxN9)
NAUNK = NA unknown
OTH = Other
",,,,,,,,,,,,,,1970-01-01,,2,10
"INFLZOO","ViralCoinfection","Viral coinfection","Presence of viral co-infection with other influenza viruses. Please provide additional information on other co-infections in the comment field as open text.","REF","No","No","INFL_A = Seasonal influenza virus (A)
INFL_B = Seasonal influenza virus (B)
INFLZOO = Other zoonotic influenza virus
",,,,,,,,,,,,,,1970-01-01,,2,11
"INFLZOO","ClinicalCriteria","Clinical presentation (criteria)","Clinical presentation (criteria) of the case.","REF","No","Yes","ASY = Asymptomatic
CONJ = Conjunctival presentation
COUGH = Dry or productive cough
DIARR = Diarrhoea
FEVER = Fever above 38C or history of fever (temp not measured)
HEAD = Headache
IRR = Irritability/confusion
NEURO = Neurological symptom(s)
OTH = Other
PAIN = Pain
PAINABDO = Pain - abdominal
PAINCHEST = Pain - chest
PAINJOINT = Pain - joint
PAINMUSC = Pain - muscular
PAINOTH = Pain - other
RUNOS = Runny nose
SBREATH = Shortness of breath
SORETHR = Sore throat
VOMIT = Nausea/vomiting
WEAK = General weakness
",,,,,,,,,,,,,,1970-01-01,,3,1
"INFLZOO","CasePrecondition","Case precondition","Patient's underlying condition or conditions.","REF","No","Yes","ASPL = Asplenia
ASTH = Asthma
CANC = Cancer, malignancy
CARDIACDIS = Cardiac disorder, excluding hypertension
DIAB = Diabetes
DOWNS = Down's syndrome
HIV = HIV/other immune deficiency
HYPERT = Hypertension
IMMUNODEF = Immunodeficient
KIDNEY = Kidney-related condition, renal disease
LIVER = Liver-related condition, liver disease
LUNG = Chronic lung disease
NEUROMUS = Neuromuscular disorder, chronic neurological
NONE = No underlying condition
OBESITY = Obesity
OTH = Other precondition
PREG = Pregnancy
PREG1 = Pregnancy, 1st trim, the 1st trim is from week 1 to the end of week 12
PREG2 = Pregnancy, 2nd trim, the 2nd trim is from week 13 to the end of week 26
PREG3 = Pregnancy, 3rd trim, the 3rd trim is from week 27 to the end of the pregnancy
PREGPOST = Post-partum (<6 weeks)
SMOKE = Current smoking
TB = Tuberculosis
",,,,,,,,,,,,,,1970-01-01,,3,2
"INFLZOO","ComplicationDiagnosis","Complication diagnosis","Complications at any time.","REF","No","Yes","AKI = Acute renal injury
ARDS = Acute respiratory distress syndrome
BRONCH = Bronchiolitis
ENCEPH = Encephalitis
HEARTFAIL = Heart failure
MULTIFAIL = Multi-organ failure
MYOCARD = Myocarditis
NONE = None
OTH = Other
OTHBAC = Other secondary bacterial infection
PNEU = Pneumonia
SEPSIS = Sepsis
STILLBIRTH = Still birth as pregnancy outcome in a case
",,,,,,,,,,,,,,1970-01-01,,3,3
"INFLZOO","Hospitalisation","Admisssion to hospital","Hospitalisation in the 4 weeks after onset of illness.","BOOL","No","No",,,,,,,,,,,,,,,1970-01-01,,3,4
"INFLZOO","DateOfHospitalisation","Date of hospitalisation","Date of hospitalisation (exact date only).","DATE","No","No",,,,,,,,"No",,,"yyyy-mm-dd",,,,1970-01-01,,3,5
"INFLZOO","IntensiveCare","Intensive care","Case required care in an intensive care unit or high dependency unit (unit with capabilities for more intensive observation, treatment and nursing care than can be provided on a regular ward).","BOOL","No","No",,,,,,,,,,,,,,,1970-01-01,,3,6
"INFLZOO","DateOfICUHDU","Date of admission to ICU or HDU","Date of admission to intensive care unit or high dependency unit (exact date only).","DATE","No","No",,,,,,,,"No",,,"yyyy-mm-dd",,,,1970-01-01,,3,7
"INFLZOO","NumberOfDaysICUHDU","Number of days in ICU or HDU","Total number of days patient spent in IDU or HDU.","NUM","No","No",,,,0,999999999,,0,,,,,,,,1970-01-01,,3,8
"INFLZOO","DateOfDischarge","Date of discharge","Date of hospital discharge (exact date only).","DATE","No","No",,,,,,,,"No",,,"yyyy-mm-dd",,,,1970-01-01,,3,9
"INFLZOO","Outcome","Outcome of case","Information on the outcome of the case 4 weeks after onset of illness or, if asymptomatic, after laboratory confirmation of infection.","REF","No","No","A = Alive
D = Died
STILLTREATMENT = Still on medical treatement
",,,,,,,,,,,,,,1970-01-01,,3,10
"INFLZOO","DateOfDeath","Date of death","Date of death (exact date only).","DATE","No","No",,,,,,,,"No",,,"yyyy-mm-dd",,,,1970-01-01,,3,11
"INFLZOO","DrugUsedProphylaxis","Drug used for prophylaxis","If symptomatic, antivirals used as prophylaxis in the 14 days following exposure (if known) and prior to symptom onset. If asymptomatic, antivirals used as prophylaxis in the 14 days prior to laboratory confirmation of infection.","REF","No","Yes","BALO = Baloxavir marboxil
M2 = M2 inhibitors
NONE = None
OSEL = Oseltamivir
OTH = Other (or any other combination)
ZANA = Zanamivir
",,,,,,,,,,,,,,1970-01-01,,4,1
"INFLZOO","DateOfTreatment","Starting date of treatment","Starting date for anti-viral treatment of the case during illness phase","DATE","No","No",,,,,,,,"No",,,"yyyy-mm-dd",,,,1970-01-01,,4,2
"INFLZOO","DrugUsedTreatment","Drug used for treatment","Antivirals used as treatment of the case during illness phase or, if asymptomatic, following laboratory confirmation of infection.","REF","No","Yes","BALO = Baloxavir marboxil
M2 = M2 inhibitors
NONE = None
OSEL = Oseltamivir
OTH = Other (or any other combination)
ZANA = Zanamivir
",,,,,,,,,,,,,,1970-01-01,,4,3
"INFLZOO","Resistance","Resistance","Resistance to antiviral treatment as assessed by virologists. Report whether resistance has been detected to any antivirals in the coded value list.","REF","No","Yes","BALO = Baloxavir marboxil
M2 = M2 inhibitors
NONE = None
OSEL = Oseltamivir
OTH = Other (or any other combination)
ZANA = Zanamivir
",,,,,,,,,,,,,,1970-01-01,,4,4
"INFLZOO","RespiratorySupport","Respiratory support","Level of respiratory support given to patient.","REF","No","Yes","ECMO = Extracorporeal membrane oxygenation
NOTAVAIL = No respiratory support available
NOTNEC = No respiratory support necessary
OTH = Other respiratory support
OXYGEN = Oxygen therapy
VENT = Invasive mechanical ventilation
",,,,,,,,,,,,,,1970-01-01,,4,5
"INFLZOO","InfluenzaVaccination","Influenza vaccination","Current seasonal influenza vaccination.","BOOL","No","No",,,,,,,,,,,,,,,1970-01-01,,5,1
"INFLZOO","DateOfInfluenzaVaccination","Date of influenza vaccination","Date of last received seasonal influenza vaccination.","DATE","No","No",,,,,,,,"No",,,"yyyy-mm-dd,yyyy-Www",,,,1970-01-01,,5,2
"INFLZOO","VaccinationStatusINFLZOO","Zoonotic influenza A(H5) vaccination status","Indicates if the case is vaccinated against zoonotic influenza A(H5) and number of vaccine doses received.","REF","No","No","1DOSE = 1 dose
2DOSE = 2 doses
3DOSE = 3 doses
4DOSE = 4 doses
NOTVACC = Not vaccinated
UNKDOSE = Vaccinated, dose unknown
",,,,,,,,,,,,,,1970-01-01,,5,3
"INFLZOO","DateOfINFLZOOVaccination","Date of zoonotic influenza A(H5) vaccination","If vaccinated, date of last received zoonotic influenza A(H5) vaccine dose.","DATE","No","No",,,,,,,,"No",,,"yyyy-mm-dd,yyyy-Www",,,,1970-01-01,,5,4
"INFLZOO","VaccineINFLZOO","Zoonotic influenza A(H5) vaccine","If vaccinated, zoonotic influenza A(H5) vaccine received.","REF","No","Yes","AFLUNOV = Aflunov egg-based vaccine
CELLDEMIC = Celldemic cell-based vaccine
OTH = Other
SEQIRUS = Zoonotic influenza vaccine Seqirus
",,,,,,,,,,,,,,1970-01-01,,5,5
"INFLZOO","Imported","Imported","Patient travelled outside the reporting country in the 14 days prior to symptom onset.","BOOL","No","No",,,,,,,,,,,,,,,1970-01-01,,6,1
"INFLZOO","PlaceOfInfection","Place of infection","Most likely place where the case was infected (e.g. place of exposure). Select the most detailed NUTS level possible. If place of infection is unknown, place of residence or place of notification can be provided as a proxy. If the place of infection is not an EU/EEA country, then use GAUL nomenclature.","LOCATION","No","No","consult the location values in Location sheet",,,,,,,,,,,,"No","Country,GAUL1,GAUL2,NUTS1,NUTS2,NUTS3",1970-01-01,,6,2
"INFLZOO","ModeOfTransmission","Mode of transmission","Suspected main mode of transmission.","REF","No","No","ANIMAL = Animal to human transmission
ENV = Transmission from contaminated environment
FOOD = Food including drinking water
HAI = Healthcare-associated
LAB = Transmission in a laboratory due to occupational exposure
OTH = Other
PTP = Person-to-person
",,,,,,,,,,,,,,1970-01-01,,6,3
"INFLZOO","ExposureSetting","Exposure setting","Likely setting of exposure of the human case to zoonotic influenza virus.","REF","No","Yes","BACKYARD = Backyard or household
FAIR = Agricultural fair, live animal show or zoo
FARM = Farm (excluding backyard or household)
HEALTHCARE = Healthcare setting
LAB = Laboratory
MARKET = Live animal/bird market, wet market or wholesale market
OTH = Other
RESCUE = Animal rescue/rehabilitation centre
VET = Veterinary practice/hospital
",,,,,,,,,,,,,,1970-01-01,,6,4
"INFLZOO","ExposureActivity","Exposure activity","Exposure activity","REF","No","Yes","EAT = Eating raw or unpasteurised animal products (please specify products under ExposureComment)
FOODPREP = Food preparation
HAND = Handling animals
HUMANCONTACT = Close contact with confirmed human case
HUNT = Hunting
LAB = Handling samples containing zoonotic influenza virus
OTH = Other
SHOP = Purchasing live animals
SLAUGH = Slaughtering, butchering, skinning or pelting
TRADMED = Traditional medicine
",,,,,,,,,,,,,,1970-01-01,,6,5
"INFLZOO","ExposureAnimal","Exposure to animal species","Exposure of the human case infected with a zoonotic influenza virus to an animal.","REF","No","Yes","A = Avian (all species, if details or species unknown)
B = Bat
C = Chicken or other domestic birds (poultry, turkey, …)
D = Dog
E = Cat and other domestic felines
F = Ferret or mink
G = Small ruminant (goat, sheep)
NONE = No animal exposure was established from epidemiological investigation
OTH = Other
P = Pig
R = Cattle
S = Seal
W = Wild bird
",,,,,,,,,,,,,,1970-01-01,,6,6
"INFLZOO","ExposureComment","Exposure comment","Please provide further detail on exposure to animal species, animal product, exposure activity, occupation.","TEXT","No","No",,,4000,,,,,,,,,,,,1970-01-01,,6,7
"INFLZOO","ExposureInfluenzaA","Influenza A in animals, environment or animal products","Detection of influenza A in the animals, environment or animal products the case had exposure to.","REF","No","No","N = No
NOTINVEST = Not investigated
Y = Yes
",,,,,,,,,,,,,,1970-01-01,,6,8
"INFLZOO","ExposureHAsubtype","Virus HA subtype in animals, environment or animal products","Influenza A virus HA subtype in the animals, environment or animal products the case had exposure to.","REF","No","No","AH1 = A(H1)
AH10 = A(H10)
AH11 = A(H11)
AH12 = A(H12)
AH13 = A(H13)
AH14 = A(H14)
AH15 = A(H15)
AH16 = A(H16)
AH17 = A(H17)
AH18 = A(H18)
AH2 = A(H2)
AH3 = A(H3)
AH4 = A(H4)
AH5 = A(H5)
AH6 = A(H6)
AH7 = A(H7)
AH8 = A(H8)
AH9 = A(H9)
HAUNK = HA unknown
OTH = Other
",,,,,,,,,,,,,,1970-01-01,,6,9
"INFLZOO","ExposureNAsubtype","Virus NA subtype in animals, environment or animal products","Influenza A virus NA subtype in the animals, environment or animal products the case had exposure to.","REF","No","No","N1 = A(HxN1)
N10 = A(HxN10)
N11 = A(HxN11)
N2 = A(HxN2)
N3 = A(HxN3)
N4 = A(HxN4)
N5 = A(HxN5)
N6 = A(HxN6)
N7 = A(HxN7)
N8 = A(HxN8)
N9 = A(HxN9)
NAUNK = NA unknown
OTH = Other
",,,,,,,,,,,,,,1970-01-01,,6,10
"INFLZOO","PPEUsage","Use of personal protective equipment","Use of personal protective equipment (PPE) by the case during exposure to animals presumably infected with zoonotic influenza virus or a contaminated environment within 10 days of onset of symptoms and/or date of sampling.","REF","No","No","BREACH = PPE used with known breach or improper use, including inconsistent use
N = No use of PPE
Y = Appropiate use of PPE
",,,,,,,,,,,,,,1970-01-01,,6,11
"INFLZOO","Occupation","Occupation","Information on the occupation of the case.","REF","No","No","BYF = Backyard or hobby farmer
COF = Commercial farmer
CUL = Culler
HCW = Healthcare worker
OTH = Other occupation
RIN = Bird ringer or wildlife worker
VET = Veterinarian
",,,,,,,,,,,,,,1970-01-01,,7,1
"INFLZOO","ContactTracing","Contact tracing","Contact tracing performed for diagnosed zoonotic influenza case.","BOOL","No","No",,,,,,,,,,,,,,,1970-01-01,,8,1
"INFLZOO","ItemCode","Item code","Code of related EpiPulse item.","TEXT","No","No",,"^[0-9]{4}-[A-Z]{3}-[0-9]{5}$",14,,,,,,,,,,,,1970-01-01,,9,1
"INFLZOO","WgsAccession","Wgs accession identifier","Sequence identifier, used to retrieve sequence data (sequencing reads, genome assemblies, or gene sequences) from external databases such as GISAID, ENA, SRA, or GenBank. Report accession numbers as follows: GISAID isolate ID (e.g. EPI_ISL_402123), GenBank nucleotide sequence ID (e.g. MK334047) or ENA/SRA Run ID starting with ERR or SRR. Do not use sample or experiment IDs (ERS, ERX, SRS, SRX). If multiple pathogens or strains are present, list accession IDs separated by a semicolon (;).","TEXT","No","No",,,4000,,,,,,,,,,,,1970-01-01,,9,2
"INFLZOO","Comment","Comment","Comment field. Please provide any additional comments relevant to the submitted data.","TEXT","No","No",,,4000,,,,,,,,,,,,1970-01-01,,10,1
"INFLZOOCONTACT","HealthTopic","Health topic","The code of the health topic that is being reported.","REF","No","No","RESPI = Respiratory viruses
",,,,,,,,,,,,,,1970-01-01,,,
"INFLZOOCONTACT","ReportingCountry","Reporting country","The country reporting the record.","LOCATION","Yes","No","consult the location values in Location sheet",,,,,,,,,,,,"Yes","Country",1970-01-01,,,
"INFLZOOCONTACT","Status","Status","The Status value is used to provide the functionality for a record within EpiPulse Cases database. Default value: NEW/UPDATE. If set to DELETE, the record with the specified NationalRecordId is deleted (invalidated) from EpiPulse Cases database, if it exists. If set to NEW/UPDATE, the record is inserted into the database: If the same NationalRecordId already exists for the same data source and subject code, then the current submitted record updates (replace) the existing one.","REF","No","No","DELETE = Delete a previously reported record.
NEW/UPDATE = Update a previously reported record (default).
",,,,,,,,,,,,,,1970-01-01,,,
"INFLZOOCONTACT","SubjectCode","Subject code","SubjectCode is a reporting model for a disease/health topic - identifies the reporting structure and format of a record (case based or aggregate reporting).","REF","Yes","No","INFLZOOCONTACT = Zoonotic influenza virus - contact tracing
",,,,,,,,,,,,,,1970-01-01,,,
"INFLZOOCONTACT","NationalRecordId","National record identifier","Unique identifier for each record within and across the specified surveillance system (data source) – selected and generated by the country reporting the record.","TEXT","Yes","No",,,80,,,,,,,,,,,,1970-01-01,,1,1
"INFLZOOCONTACT","DateUsedForStatistics","Date used for statistics","Please report the same DateUsedForStatistics as used for reporting to INFLZOO. This should be the earliest date assosiated with the case. Please use date of onset if available and preferentially to date of sample collection and to date of reporting to national health authority. If asymptomatic, use date of sample collection.","DATE","Yes","No",,,,,,,,"No",,,"yyyy,yyyy-mm,yyyy-Www",,,,1970-01-01,,1,2
"INFLZOOCONTACT","DataSource","Data source","The data source (surveillance system) that the record originates from. The DataSource value must be a special reference value from EpiPulse Cases metadata.","DATASOURCE","Yes","No","consult the data source values in DataSource sheet",,,,,,,,,,,,,,1970-01-01,,1,3
"INFLZOOCONTACT","HAsubtype","Virus HA subtype","Influenza virus HA subtype.","REF","Yes","No","AH1 = A(H1)
AH10 = A(H10)
AH11 = A(H11)
AH12 = A(H12)
AH13 = A(H13)
AH14 = A(H14)
AH15 = A(H15)
AH16 = A(H16)
AH17 = A(H17)
AH18 = A(H18)
AH2 = A(H2)
AH3 = A(H3)
AH4 = A(H4)
AH5 = A(H5)
AH6 = A(H6)
AH7 = A(H7)
AH8 = A(H8)
AH9 = A(H9)
HAUNK = HA unknown
OTH = Other
",,,,,,,,,,,,,,1970-01-01,,2,1
"INFLZOOCONTACT","NAsubtype","Virus NA subtype","Influenza virus NA subtype.","REF","Yes","No","N1 = A(HxN1)
N10 = A(HxN10)
N11 = A(HxN11)
N2 = A(HxN2)
N3 = A(HxN3)
N4 = A(HxN4)
N5 = A(HxN5)
N6 = A(HxN6)
N7 = A(HxN7)
N8 = A(HxN8)
N9 = A(HxN9)
NAUNK = NA unknown
OTH = Other
",,,,,,,,,,,,,,1970-01-01,,2,2
"INFLZOOCONTACT","ReportGranularity","Report granularity","Granularity of reporting contact tracing information. Case-based refers to reporting of aggregated contact tracing results per reported INFLZOO case.","REF","Yes","No","CASE = Case-based
",,,,,,,,,,,,,,1970-01-01,,2,3
"INFLZOOCONTACT","EpiLinkCaseId","Epidemiological link case identification","Provide record identifier (NationalRecordId) of linked case in subject code INFLZOO.","TEXT","No","No",,,80,,,,,,,,,,,,1970-01-01,,2,4
"INFLZOOCONTACT","ContactDefinition","Contact definition","Definition used to define a contact of a diagnosed zoonotic influenza case.","TEXT","No","No",,,4000,,,,,,,,,,,,1970-01-01,,2,5
"INFLZOOCONTACT","ContactIndicator","Contact indicator","Selected indicator to report.","REF","Yes","No","IDENTIFIED = Number of contacts identified for zoonotic influenza case
POSITIVE = Number of contacts of zoonotic influenza case that tested positive for zoonotic influenza virus during the 14 day follow-up period after last exposure
REACHED = Number of contacts of zoonotic influenza case identified for contact tracing that were reached (effectively contacted, i.e. answered call or email)
TESTED = Number of contacts of zoonotic influenza case that were tested for influenza A virus during the 14 day follow-up period after last exposure
",,,,,,,,,,,,,,1970-01-01,,3,1
"INFLZOOCONTACT","IndicatorValue","Indicator value","Please enter the value for the indicator selected (e.g. the number of contacts identified, reached, tested or positive).","NUM","Yes","No",,,,0,999999999,,0,,,,,,,,1970-01-01,,3,2
"LEGI","Disease","Disease","The code of the disease that is being reported.","REF","No","No","LEGI = Legionnaires' disease
",,,,,,,,,,,,,,1970-01-01,,,
"LEGI","ReportingCountry","Reporting country","The country reporting the record.","LOCATION","Yes","No","consult the location values in Location sheet",,,,,,,,,,,,"Yes","Country",1970-01-01,,,
"LEGI","Status","Status","The Status value is used to provide the functionality for a record within EpiPulse Cases database. Default value: NEW/UPDATE. If set to DELETE, the record with the specified NationalRecordId is deleted (invalidated) from EpiPulse Cases database, if it exists. If set to NEW/UPDATE, the record is inserted into the database: If the same NationalRecordId already exists for the same data source and subject code, then the current submitted record updates (replace) the existing one.","REF","No","No","DELETE = Delete a previously reported record.
NEW/UPDATE = Update a previously reported record (default).
",,,,,,,,,,,,,,1970-01-01,,,
"LEGI","SubjectCode","Subject code","SubjectCode is a reporting model for a disease/health topic - identifies the reporting structure and format of a record (case based or aggregate reporting).","REF","Yes","No","LEGI = Legionnaires' disease
",,,,,,,,,,,,,,1970-01-01,,,
"LEGI","NationalRecordId","National record identifier","Unique identifier for each record within and across the specified surveillance system (data source) – selected and generated by the country reporting the record.","TEXT","Yes","No",,,80,,,,,,,,,,,,1970-01-01,,1,1
"LEGI","DataSource","Data source","The data source (surveillance system) that the record originates from. The DataSource value must be a special reference value from EpiPulse Cases metadata.","DATASOURCE","Yes","No","consult the data source values in DataSource sheet",,,,,,,,,,,,,,1970-01-01,,1,2
"LEGI","DateUsedForStatistics","Date used for statistics","The reference date used for standard reports that is compared to the reporting period. The date used for statistics can be any date that the reporting country finds applicable, e.g. date of notification, date of diagnosis or any other date.","DATE","Yes","No",,,,,,,,"No",,,"yyyy-mm,yyyy-mm-dd,yyyy-Www",,,,1970-01-01,,1,3
"LEGI","Age","Age","Age of patient in years as reported in the national system at the time of disease onset.","NUM","No","No",,,,0,125,,0,,,,,,,,1970-01-01,,2,1
"LEGI","Gender","Gender","Gender of the reported record.","REF","No","No","F = Female
M = Male
OTH = Other
",,,,,,,,,,,,,,1970-01-01,,2,2
"LEGI","Outcome","Outcome of case","Information on whether the case is alive or deceased. The death should be due to the reported disease.","REF","No","No","A = Alive
D = Died
",,,,,,,,,,,,,,1970-01-01,,2,3
"LEGI","DateOfOnset","Date of onset of disease","Date of onset of disease.","DATE","No","No",,,,,,,,"No",,,"yyyy,yyyy-mm,yyyy-mm-dd,yyyy-Www","DateOfOnset,DateOfDiagnosis,DateOfNotification",,,1970-01-01,,2,4
"LEGI","DateOfDiagnosis","Date of diagnosis","First date of clinical or lab diagnosis. In case the DateOfOnset is missing this date is used for analysis.","DATE","No","No",,,,,,,,"No",,,"yyyy,yyyy-mm,yyyy-mm-dd,yyyy-Www","DateOfOnset,DateOfDiagnosis,DateOfNotification",,,1970-01-01,,2,5
"LEGI","DateOfNotification","Date of notification","Date when the case report is first notified to public health authorities.","DATE","No","No",,,,,,,,"No",,,"yyyy,yyyy-mm,yyyy-mm-dd,yyyy-Www","DateOfOnset,DateOfDiagnosis,DateOfNotification",,,1970-01-01,,2,6
"LEGI","Pneumonia","Pneumonia","Does the clinical presentation include pneumonia?","BOOL","Yes","No",,,,,,,,,,,,,,,1970-01-01,,2,7
"LEGI","CaseClassification","Case classification","Case classification according to EU case definition.","REF","Yes","No","CONF = Confirmed
PROB = Probable
",,,,,,,,,,,,,,1970-01-01,,2,8
"LEGI","Cluster","Cluster","Does the case form part of a cluster/outbreak?","BOOL","No","No",,,,,,,,,,,,,,,1970-01-01,,2,9
"LEGI","EnvironmentalInvestigation","Environmental investigation","Has any environmental investigation been performed?","BOOL","No","No",,,,,,,,,,,,,,,1970-01-01,,2,10
"LEGI","LegionellaFound","Legionella found","If EnvironmentalInvestigation is 1 (TRUE), was Legionella found?","BOOL","No","No",,,,,,,,,,,,,,,1970-01-01,,2,11
"LEGI","MatchingIsolates","Matching isolates","If LegionellaFound is 1 (TRUE), are the clinical and environmental isolates matching?","BOOL","No","No",,,,,,,,,,,,,,,1970-01-01,,2,12
"LEGI","SamplingSite","Positive sampling site","Only reported if LegionellaFound is 1 (TRUE).","REF","No","Yes","CAR = Carwash
CTOW = Cooling tower
FNTI = Fountain indoor
FNTO = Fountain outdoor
OTH = Other
POOL = Whirlpool / Spa pool
SOIL = Soil
WAT = Water system
WATCOLD = Cold water system
WATHOT = Hot water system
WWTP = Waste water treatment plant
",,,,,,,,,,,,,,1970-01-01,,2,13
"LEGI","SettingClinical","Setting clinical","Setting in which case acquired disease. Incubation period: 2-10 days prior to date of onset. Cases with incubation periods from 11 to 14 days may be taken into account when forming part of a cluster.Travel abroad only refers to residents of the reporting country.","REF","No","No","COMAS = Community (assumed)
COMDE = Community (definite)
HOTH = Healthcare other
NOS = Nosocomial (hospital)
OTH = Other
TRAABR = Travel abroad
TRADOM = Domestic travel
",,,,,,,,,,,,,,1970-01-01,,2,14
"LEGI","PathogenDetectionMethod","Pathogen detection method","Pathogen detection method used to diagnose the case. More than one method can be reported.","REF","Yes","Yes","CULT = Culture
FOUR = Fourfold titre rise
IMM = Direct immunofluorescence
NUC = Nucleic acid amplification
SINGLE = Single high titre
URIN = Urinary antigen test
",,,,,,,,,,,,,,2026-03-17,,3,1
"LEGI","Pathogen","Pathogen","Species or genus of the pathogen causing the reported disease.","REF","Yes","No","consult the reference values for 
SubjectCode = LEGI and Variable = Pathogen",,,,,,,,,,,,,,1970-01-01,,3,2
"LEGI","Serogroup","Serogroup","Serogroup to be reported only for Legionella pneumophila or Legionella longbeachae.","REF","Yes","No","LLONG_SG1 = Legionella longbeachae - serogroup 1
LLONG_SG2 = Legionella longbeachae - serogroup 2
LLONG_SGUNK = Legionella longbeachae - serogroup unknown
LPNE_NonSG1 = Legionella pneumophila - non serogroup 1
LPNE_SG1 = Legionella pneumophila - serogroup 1
LPNE_SG10 = Legionella pneumophila - serogroup 10
LPNE_SG11 = Legionella pneumophila - serogroup 11
LPNE_SG12 = Legionella pneumophila - serogroup 12
LPNE_SG13 = Legionella pneumophila - serogroup 13
LPNE_SG14 = Legionella pneumophila - serogroup 14
LPNE_SG15 = Legionella pneumophila - serogroup 15
LPNE_SG16 = Legionella pneumophila - serogroup 16
LPNE_SG2 = Legionella pneumophila - serogroup 2
LPNE_SG3 = Legionella pneumophila - serogroup 3
LPNE_SG4 = Legionella pneumophila - serogroup 4
LPNE_SG5 = Legionella pneumophila - serogroup 5
LPNE_SG6 = Legionella pneumophila - serogroup 6
LPNE_SG7 = Legionella pneumophila - serogroup 7
LPNE_SG8 = Legionella pneumophila - serogroup 8
LPNE_SG9 = Legionella pneumophila - serogroup 9
LPNE_SGMIX = Legionella pneumophila - serogroup mixed
LPNE_SGUNK = Legionella pneumophila - serogroup unknown
SG_NA = Serogroup not applicable
",,,,,,,,,,,,,,1970-01-01,,3,3
"LEGI","MonoclonalSubtype","Monoclonal subtype","Monoclonal subtype of the pathogen causing the reported disease.","REF","No","No","ALLN = Allentown
ALLNFRAN = Allentown/France
BELI = Bellingham
BENI = Benidorm
BLOM = Bloomington
CAMB = Cambridge
CAMP = Camperdown
CON = Concord
DALA = Dallas
FRAN = France
HEY = Heysham
KNOX = Knoxville
LA = Los Angeles
LAN = Lansing
LEI = Leiden
OLDA = OLDA
OTH = Other
OXF = Oxford
OXFOLDA = Oxford/OLDA
PHIL = Philadelphia
PORT = Portland
TOG = Togus
",,,,,,,,,,,,,,1970-01-01,,3,4
"LEGI","SequenceType","Sequence type","Legionella pneumophila sequence type as obtained by using the internationally standardised seven-gene loci sequence-based typing (SBT) scheme of the European Study Group for Legionella Infections (ESGLI).","NUM","No","No",,,,0,9998,,0,,,,,,,,2026-03-17,,3,5
"LEGI","Imported","Imported","Infection has occurred following exposure outside the reporting country during a time compatible with the incubation period of the infection.","BOOL","No","No",,,,,,,,,,,,,,,1970-01-01,,4,1
"LEGI","PlaceOfInfection","Place of infection","If Imported = 1 (TRUE): The probable place of infection should be provided at the country level. One entry for each country visited during the incubation period of the disease. Note this is a repeatable field.","LOCATION","No","Yes","consult the location values in Location sheet",,,,,,,,,,,,"No","Country",1970-01-01,,4,2
"LEGI","PlaceOfNotification","Place of notification","Place of the first notification of the case to a regional authority. Select the most detailed NUTS level possible.","LOCATION","No","No","consult the location values in Location sheet",,,,,,,,,,,,"Yes","Country,NUTS1,NUTS2",2026-03-17,,4,3
"LEGI","PlaceOfResidence","Place of residence","Place of residence of patient at the time of disease onset. Select the most detailed NUTS level possible.","LOCATION","No","No","consult the location values in Location sheet",,,,,,,,,,,,"No","Country,NUTS1,NUTS2",2026-03-17,,4,4
"LEGIISO","Disease","Disease","The code of the disease that is being reported.","REF","Yes","No","LEGI = Legionnaires' disease
",,,,,,,,,,,,,,1970-01-01,,,
"LEGIISO","HealthTopic","Health topic","The code of the health topic that is being reported.","REF","Yes","No","ISO = Isolate data
",,,,,,,,,,,,,,1970-01-01,,,
"LEGIISO","ReportingCountry","Reporting country","The country reporting the record.","LOCATION","Yes","No","consult the location values in Location sheet",,,,,,,,,,,,"Yes","Country",1970-01-01,,,
"LEGIISO","Status","Status","The Status value is used to provide the functionality for a record within EpiPulse Cases database. Default value: NEW/UPDATE. If set to DELETE, the record with the specified NationalRecordId is deleted (invalidated) from EpiPulse Cases database, if it exists. If set to NEW/UPDATE, the record is inserted into the database: If the same NationalRecordId already exists for the same data source and subject code, then the current submitted record updates (replace) the existing one.","REF","No","No","DELETE = Delete a previously reported record.
NEW/UPDATE = Update a previously reported record (default).
",,,,,,,,,,,,,,1970-01-01,,,
"LEGIISO","SubjectCode","Subject code","SubjectCode is a reporting model for a disease/health topic - identifies the reporting structure and format of a record (case based or aggregate reporting).","REF","Yes","No","LEGIISO = Legionella isolate
",,,,,,,,,,,,,,1970-01-01,,,
"LEGIISO","NationalRecordId","National record identifier","Unique identifier for each record within and across the specified surveillance system (DataSource) – selected and generated by the country reporting the record. The NationalRecordId should be unique and at the isolate record level.","TEXT","Yes","No",,,80,,,,,,,,,,,,1970-01-01,,1,1
"LEGIISO","DataSource","Data source","The data source (surveillance system) that the record originates from. The DataSource value must be a special reference value from EpiPulse Cases metadata.","DATASOURCE","Yes","No","consult the data source values in DataSource sheet",,,,,,,,,,,,,,1970-01-01,,1,2
"LEGIISO","DateUsedForStatistics","Date used for statistics","The most epidemiologically relevant date for the isolate. Equal to the date of sampling if available. If not, equal to the date of receipt in the source lab, and if that is not available, the date of receipt in the reference lab.","DATE","Yes","No",,,,,,,,"No",,,"yyyy-mm-dd",,,,1970-01-01,,1,3
"LEGIISO","CaseId","Case identifier","Unique identifier for each case within the data source / surveillance system related to the isolate, so that isolate records can be linked to case records at national level. However, ECDC does not link isolate records of LEGIISO with case records of LEGI, therefore, consider using a CaseID, that is different from the NationalRecordId used for reportig of the case in LEGI.","TEXT","No","No",,,80,,,,,,,,,,,,1970-01-01,,1,4
"LEGIISO","AgeGroup","Age group","Age group of patient in years as received or at the date of sampling.","REF","No","No","Age00_09 = 0 - 9 years old
Age10_19 = 10 - 19 years old
Age20_29 = 20 - 29 years old
Age30_39 = 30 - 39 years old
Age40_49 = 40 - 49 years old
Age50_59 = 50 - 59 years old
Age60_69 = 60 - 69 years old
Age70_79 = 70 - 79 years old
Age80+ = 80+ years old
",,,,,,,,,,,,,,1970-01-01,,2,1
"LEGIISO","Gender","Gender","Gender of the reported record.","REF","No","No","F = Female
M = Male
OTH = Other
",,,,,,,,,,,,,,1970-01-01,,2,2
"LEGIISO","Imported","Imported","Only for isolates of clinical cases. Has the patient been outside the reporting country during incubation period of 2-10 days prior to onset of disease?","BOOL","No","No",,,,,,,,,,,,,,,1970-01-01,,2,3
"LEGIISO","PlaceOfInfection","Probable place of infection","Only for isolates of clinical cases. The probable place of infection should be provided at the NUTS 3 level. If the probable case of infection is not an EU/EEA country, then use GAUL nomenclature. Note this is a repeatable field.","LOCATION","No","Yes","consult the location values in Location sheet",,,,,,,,,,,,"No","Country,GAUL1,GAUL2,NUTS1,NUTS2,NUTS3",1970-01-01,,2,4
"LEGIISO","ItemCode","Item code","Code of related EpiPulse item.","TEXT","No","No",,"^[0-9]{4}-[A-Z]{3}-[0-9]{5}$",14,,,,,,,,,,,,1970-01-01,,2,5
"LEGIISO","NationalClusterId","National cluster identifier","Unique identifier for a group of isolates that are considered to be part of a cluster by the he country reporting the record. Consider the format of using a two-letter country abbreviation, date and running numbers (e.g. SE-20250101-0001).","TEXT","No","No",,,20,,,,,,,,,,,,1970-01-01,,2,6
"LEGIISO","DateOfSampling","Date of sampling","Date the sample from which the isolate was derived was taken.","DATE","No","No",,,,,,,,"No",2012-01-01,,"yyyy-mm-dd","DateOfSampling,DateOfReceiptSourceLab,DateOfReceiptReferenceLab",,,1970-01-01,,3,1
"LEGIISO","DateOfReceiptSourceLab","Date of receipt source laboratory","Date of receipt in source laboratory, i.e. the laboratory the sample was first sent to.","DATE","No","No",,,,,,,,"No",2012-01-01,,"yyyy-mm-dd","DateOfSampling,DateOfReceiptSourceLab,DateOfReceiptReferenceLab",,,1970-01-01,,3,2
"LEGIISO","DateOfReceiptReferenceLab","Date of receipt reference laboratory","Date of receipt in reference laboratory or typing laboratory with reference function.","DATE","No","No",,,,,,,,"No",2012-01-01,,"yyyy-mm-dd","DateOfSampling,DateOfReceiptSourceLab,DateOfReceiptReferenceLab",,,1970-01-01,,3,3
"LEGIISO","SampleOrigin","Sample origin","Source that the isolate was obtained from: human, environmental or other sources (e.g. animal, food, feed).","REF","Yes","No","ENVIRONMENT = Environment
HUMAN = Human
",,,,,,,,,,,,,,1970-01-01,,3,4
"LEGIISO","SampleMaterialEnvironmental","Sample material - environmental isolates","Only for environmental isolates. The sample type that was taken.","REF","No","No","OTH = Other
SOLID = Solid (soil/compost)
SWAB = Swab (of biofilm)
WATER = Water sample
",,,,,,,,,,,,,,1970-01-01,,3,5
"LEGIISO","PlaceOfSampling","Place of sampling","Only for environmental isolates. The geographical location of sampling should be provided at the NUTS3 level. If sampling was performed outside an EU/EEA country, then use GAUL nomenclature.","LOCATION","No","No","consult the location values in Location sheet",,,,,,,,,,,,"No","Country,GAUL1,GAUL2,NUTS1,NUTS2,NUTS3",1970-01-01,,3,6
"LEGIISO","SamplingSite","Positive sampling site","Only for environmental isolates. Site where the sample associated to this environmental isolate was taken.","REF","No","No","CAR = Carwash
CTOW = Cooling tower
FNTI = Fountain indoor
FNTO = Fountain outdoor
OTH = Other
POOL = Whirlpool / Spa pool
SOIL = Soil
WAT = Water system
WATCOLD = Cold water system
WATHOT = Hot water system
WWTP = Waste water treatment plant
",,,,,,,,,,,,,,1970-01-01,,3,7
"LEGIISO","SampleWaterTemperature","Sample water temperature","Only for environmental isolates. The temperature (degree celsius) of the water from which the environmental samples was taken.","NUM","No","No",,,,-276,100,,0,,,,,,,,1970-01-01,,3,8
"LEGIISO","CfU","CfU","Only for environmental isolates. Colony forming units per Liter of sample volume.","NUM","No","No",,,,0,999999999,,0,,,,,,,,1970-01-01,,3,9
"LEGIISO","SettingEnvironmental","Setting environmental","Only for environmental isolates. Setting the environmental sample was taken in (TALD investigation, community outbreak investigation, hospital associated case investigation, other).","REF","No","No","CALD = Environmental isolate associated to CALD investigation
HALD = Environmental isolate associated to HALD investigation
OTH = Environmental isolate associated to another investigation setting
TALD = Environmental isolate associated to TALD investigation
",,,,,,,,,,,,,,1970-01-01,,3,10
"LEGIISO","SettingClinical","Setting clinical","Only for isolates of clinical cases. Setting of infection of a clinical case associated to the isolate.","REF","No","No","COMAS = Community (assumed)
COMDE = Community (definite)
HOTH = Healthcare other
NOS = Nosocomial (hospital)
OTH = Other
TRAABR = Travel abroad
TRADOM = Domestic travel
",,,,,,,,,,,,,,1970-01-01,,3,11
"LEGIISO","CountryOfExposure","Country of exposure","Only for isolates of clinical cases. The possible countries of exposure. This variable is repeatable.","LOCATION","No","Yes","consult the location values in Location sheet",,,,,,,,,,,,"No","Country",1970-01-01,,3,12
"LEGIISO","Serogroup","Serogroup","Serogroup to be reported for Legionella pneumophila.","REF","No","No","LPNE_NonSG1 = Legionella pneumophila - non serogroup 1
LPNE_SG1 = Legionella pneumophila - serogroup 1
LPNE_SG10 = Legionella pneumophila - serogroup 10
LPNE_SG11 = Legionella pneumophila - serogroup 11
LPNE_SG12 = Legionella pneumophila - serogroup 12
LPNE_SG13 = Legionella pneumophila - serogroup 13
LPNE_SG14 = Legionella pneumophila - serogroup 14
LPNE_SG15 = Legionella pneumophila - serogroup 15
LPNE_SG16 = Legionella pneumophila - serogroup 16
LPNE_SG2 = Legionella pneumophila - serogroup 2
LPNE_SG3 = Legionella pneumophila - serogroup 3
LPNE_SG4 = Legionella pneumophila - serogroup 4
LPNE_SG5 = Legionella pneumophila - serogroup 5
LPNE_SG6 = Legionella pneumophila - serogroup 6
LPNE_SG7 = Legionella pneumophila - serogroup 7
LPNE_SG8 = Legionella pneumophila - serogroup 8
LPNE_SG9 = Legionella pneumophila - serogroup 9
LPNE_SGMIX = Legionella pneumophila - serogroup mixed
LPNE_SGUNK = Legionella pneumophila - serogroup unknown
",,,,,,,,,,,,,,1970-01-01,,3,13
"LEGIISO","MonoclonalSubtype","Monoclonal subtype","Monoclonal subtype of the pathogen causing the reported disease for the clinical case.","REF","No","No","1169 = 1169-MN-H
570 = 570-CO-H
797 = 797-PA-H
82A = 82A3105
ALLN = Allentown
ALLNFRAN = Allentown/France
BELI = Bellingham
BENI = Benidorm
BLOM = Bloomington
CAMB = Cambridge
CAMP = Camperdown
CHI1 = Chicago 1
CHI8 = Chicago 8
CON = Concord
DALA = Dallas
FRAN = France
HEY = Heysham
IN23 = IN-23-G1-C2
KNOX = Knoxville
LA = Los Angeles
LAN = Lansing
LEI = Leiden
OLDA = OLDA
OTH = Other
OXF = Oxford
OXFOLDA = Oxford/OLDA
PHIL = Philadelphia
PORT = Portland
TOG = Togus
",,,,,,,,,,,,,,1970-01-01,,3,14
"LEGIISO","WgsProtocol","Wgs protocol","Protocol used for sequencing, limited to the sequencing technology used (today Illumina or IonTorrent) and the read length.","REF","Yes","No","HYBRID = 1-2 short read files (any technology, <1000 bp) and one long read file (any technology, >1000 bp)
ILLUMINA = Illumina short read sequencing (<1000 bp)
IONTORRENT = IonTorrent
LONG = Long read sequencing (any technology, >1000 bp)
MGI = MGI short read sequencing (<1000 bp)
ONT = Oxford Nanopore long read sequencing (>1000 bp)
PACBIO = Pacific Biosciences long read sequencing (>1000 bp)
SHORT = Short read sequencing (any technology, <1000 bp)
",,,,,,,,,,,,,,1970-01-01,,4,1
"LEGIISO","WgsAccession","Wgs accession identifier","European Nucleotide Archive (ENA) / Sequence Read Archive (SRA) run identifier, based on which the sequence read data can be retrieved. Starts with ERR or SRR, i.e. not the sample or experiment which is ERS/ERX or SRS/SRX.","TEXT","No","No",,,4000,,,,,,,,,,,,1970-01-01,,4,2
"LEGIISO","WgsAssembler","Wgs assembler","The assembler used for sequencing, optionally including parameter settings.","REF","No","No","MAP_TO_LOCI1 = Mapping to individual loci, variant 1 for IonTorrent
SKESA = SKESA assembler
SPADES = SPAdes without read mapping and consensus calling
SPADES_READMAP = SPAdes either including or followed by read mapping and consensus calling
VELVET = Velvet without read mapping and consensus calling
VELVET_READMAP = Velvet using k-mer optimisation, and followed by read mapping and consensus calling
",,,,,,,,,,,,,,1970-01-01,,4,3
"LEGIISO","SequenceType","Sequence type","Legionella pneumophila sequence type as obtained by using the internationally standardised seven-gene loci sequence-based typing (SBT) scheme of the European Study Group for Legionella Infections (ESGLI).","NUM","No","No",,,,0,9998,,0,,,,,,,,2026-03-17,,4,4
"LGV","Disease","Disease","The code of the disease that is being reported.","REF","No","No","LGV = Lymphogranuloma venereum
",,,,,,,,,,,,,,1970-01-01,,,
"LGV","ReportingCountry","Reporting country","The country reporting the record.","LOCATION","Yes","No","consult the location values in Location sheet",,,,,,,,,,,,"Yes","Country",1970-01-01,,,
"LGV","Status","Status","The Status value is used to provide the functionality for a record within EpiPulse Cases database. Default value: NEW/UPDATE. If set to DELETE, the record with the specified NationalRecordId is deleted (invalidated) from EpiPulse Cases database, if it exists. If set to NEW/UPDATE, the record is inserted into the database: If the same NationalRecordId already exists for the same data source and subject code, then the current submitted record updates (replace) the existing one.","REF","No","No","DELETE = Delete a previously reported record.
NEW/UPDATE = Update a previously reported record (default).
",,,,,,,,,,,,,,1970-01-01,,,
"LGV","SubjectCode","Subject code","SubjectCode is a reporting model for a disease/health topic - identifies the reporting structure and format of a record (case based or aggregate reporting).","REF","Yes","No","LGV = Lymphogranuloma venereum
",,,,,,,,,,,,,,1970-01-01,,,
"LGV","NationalRecordId","National record identifier","Unique identifier for each record within and across the specified surveillance system (data source) – selected and generated by the country reporting the record.","TEXT","Yes","No",,,80,,,,,,,,,,,,1970-01-01,,1,1
"LGV","DataSource","Data source","The data source (surveillance system) that the record originates from. The DataSource value must be a special reference value from EpiPulse Cases metadata.","DATASOURCE","Yes","No","consult the data source values in DataSource sheet",,,,,,,,,,,,,,1970-01-01,,1,2
"LGV","DateUsedForStatistics","Date used for statistics","The reference date used for standard reports that is compared to the reporting period. The date used for statistics can be any date that the reporting country finds applicable, e.g. date of notification, date of diagnosis or any other date.","DATE","Yes","No",,,,,,,,"No",,,"yyyy,yyyy-mm,yyyy-mm-dd,yyyy-Www",,,,1970-01-01,,1,3
"LGV","Age","Age","Age of the patient in years at the date of diagnosis (crude age is preferred). Age can be calculated from date of birth at time of consultation or notification.","NUM","No","No",,,,0,125,,0,,,,,,,,1970-01-01,,2,1
"LGV","Gender","Gender","Gender of the reported record. Transsexual should be coded as ""OTH"" - Other.","REF","No","No","F = Female
M = Male
OTH = Other
",,,,,,,,,,,,,,1970-01-01,,2,2
"LGV","DateOfOnset","Date of onset of disease","The date of onset of disease is the day that first symptoms appeared.","DATE","No","No",,,,,,,,"No",,,"yyyy-mm-dd","DateOfOnset,DateOfDiagnosis,DateOfNotification",,,1970-01-01,,2,3
"LGV","DateOfDiagnosis","Date of diagnosis","Date of diagnosis refers to the date of first laboratory confirmative diagnosis (either date of specimen taken or date of laboratory confirmation received or date of clinical diagnosis confirmed). Please note that ""Date of Consultation"" is commonly used in STI services; this date can be used as a proxy for date of diagnosis and date of notification. For STI, the date of diagnosis (as a proxy for date of consultation) will be used for the analysis and the report; for that reason, this will be a compulsory variable.","DATE","No","No",,,,,,,,"No",,,"yyyy-mm-dd","DateOfOnset,DateOfDiagnosis,DateOfNotification",,,1970-01-01,,2,4
"LGV","DateOfNotification","Date of notification","Date when the case report is first notified to public health authorities. Please note that ""Date of Consultation"" is commonly used in STI services; this date can be used as a proxy for date of diagnosis and date of notification.","DATE","No","No",,,,,,,,"No",,,"yyyy-mm-dd","DateOfOnset,DateOfDiagnosis,DateOfNotification",,,1970-01-01,,2,5
"LGV","Outcome","Outcome of case","For STI, it is not expected to report this variable (leave empty if not known).","REF","No","No","A = Alive
D = Died
",,,,,,,,,,,,,,1970-01-01,,2,6
"LGV","ClinicalCriteriaStatus","Clinical criteria status","Because only laboratory confirmed cases are to be reported according to the EU case definition, it is not expected to report this variable (leave empty if not known).","BOOL","No","No",,,,,,,,,,,,,,,1970-01-01,,2,7
"LGV","EpiLinked","Epidemiological link criteria met","Because only laboratory confirmed cases are to be reported according to the EU case definition, it is not expected to report this variable (leave empty if not known).","BOOL","No","No",,,,,,,,,,,,,,,1970-01-01,,2,8
"LGV","CaseClassification","Case classification","Only CONFIRMED cases should be reported at EU Level, therefore ""CONF"" is the expected code here. It is recognised that not all MS have a requirement for lab confirmation for reporting at national level. In short to mid-term the variable can be coded as ""CONF"" or leave empty until case definitions are met.","REF","No","No","CONF = Confirmed
POSS = Possible
PROB = Probable
",,,,,,,,,,,,,,1970-01-01,,2,9
"LGV","PlaceOfInfection","Place of infection","The probable place of infection should be provided at the lowest level possible, down to NUTS 3 level. Note this is a repeatable field.","LOCATION","No","Yes","consult the location values in Location sheet",,,,,,,,,,,,"No","Country,NUTS1,NUTS2,NUTS3",1970-01-01,,2,10
"LGV","PlaceOfNotification","Place of notification","Place of the first notification of the case to a regional authority. Select the most detailed NUTS level possible.","LOCATION","No","No","consult the location values in Location sheet",,,,,,,,,,,,"No","Country,NUTS1,NUTS2,NUTS3",1970-01-01,,2,11
"LGV","PlaceOfResidence","Place of residence","Place of residence of patient at the time of diagnosis. Select the most detailed NUTS level possible.","LOCATION","No","No","consult the location values in Location sheet",,,,,,,,,,,,"Yes","Country,NUTS1,NUTS2,NUTS3",1970-01-01,,2,12
"LGV","CountryOfBirth","Country of birth of patient","Country of birth of the patient.","LOCATION","No","No","consult the location values in Location sheet",,,,,,,,,,,,"No","Country",1970-01-01,,2,13
"LGV","CountryOfNationality","Country of nationality of patient","Identifies the country where the patient is registered as citizen.","LOCATION","No","No","consult the location values in Location sheet",,,,,,,,,,,,"No","Country",1970-01-01,,2,14
"LGV","PathogenDetectionResult","Pathogen detection result (laboratory result)","For all STI (syphilis, congenital syphilis, gonorrhoea, chlamydia and LGV), all reported cases need to be laboratory confirmed to conform to the EU case definitions. Therefore, ""CONF"" is the expected code here. It is recognised that not all MS have a requirement for lab confirmation for reporting at national level. In short to mid-term the variable can be coded as ""CONF"" or leave empty until case definitions are met.","REF","No","No","CONF = Confirmed
PROB = Probable
",,,,,,,,,,,,,,1970-01-01,,2,15
"LGV","ClinicalServiceType","Clinical service type","Type of clinical service where patient was first seen.","REF","No","No","ANC = Antenatal care
COMB = Combined service
DV = Dermatology-venereology clinic
ED = Hospital emergency department
FPC = Family planning clinic
GP = General practioner
GYN = Gynaecology clinic
ID = Infectious disease clinic
OPC = Other primary care
OTH = Other
STI = Dedicated STI clinic
URO = Urology
YTH = Youth clinic
",,,,,,,,,,,,,,1970-01-01,,2,16
"LGV","SiteOfInfection","Site of infection","Genital includes urethra, cervix, vagina, urine. Other includes blood, eye, joint fluid, aspirate from abscess. The kind of specimen can be used as a proxy for this variable. Please note this is a repeatable variable.","REF","No","Yes","AR = Ano-Rectal
GEN = Genital
OTH = Other
PH = Pharyngeal
",,,,,,,,,,,,,,1970-01-01,,2,17
"LGV","ModeOfTransmission","Mode of transmission","This variable specifies the most probable route of transmission. ""OTH"" (Other) can be used to indicate for example injecting drug use or blood transfusions for syphilis transmission. If the national system collects sexual orientation data the variable should be coded as ""MSM"" (Men who have Sex with Men) if the case is a homosexual male or bisexual male. If the case is a heterosexual male or female the variable should be coded as ""HETERO"" (Heterosexual contact). If the national system collects information on the gender of partners the variable should be coded as ""MSM"" if the case is male and has had one or more male sexual partners. For congenitally acquired cases of STI the variable should be coded as ""MTCT"" (Mother-to-child transmission).","REF","No","No","HETERO = Heterosexual contact
MSM = MSM/home or bisexual male
MTCT = Mother-to-child transmission
OTH = Other
",,,,,,,,,,,,,,1970-01-01,,2,18
"LGV","HIVStatus","HIV status","This variable specifies the HIV status of patient at time of diagnosis. If the case is HIV positive and the date of diagnosis is collected by the national system, the variable should be coded as a ""new HIV diagnosis"" if HIV had been diagnosed at the same consultation or within 3 months of the current STI date of diagnosis. If HIV was diagnosed more than three months ago, the variable should be coded as a ""known HIV positive"". When HIV status is known, BUT the date of HIV diagnosis is not known or not collected, the variable should be coded as either ""negative"" or ""positive"". If HIV status is not known the variable should be left empty.","REF","No","No","NEG = Negative
POS = Positive
POSKNOWN = Known HIV positive
POSNEW = New HIV diagnosis
",,,,,,,,,,,,,,1970-01-01,,2,19
"LGV","HIVPrEP","Pre-exposure prophylaxis for HIV","Used pre-exposure prophylaxis for HIV any time in the 12 months prior to the diagnosis of disease.","BOOL","No","No",,,,,,,,,,,,,,,1970-01-01,,2,20
"LGV","AntibioticProphylaxis","Antibiotic prophylaxis","Used doxycycline or other antibiotics for STI prophylaxis (pre or post exposure) any time in the past three months prior to diagnosis of disease. This does not include antibiotics provided as treatment for an STI or in the context of partner management.","BOOL","No","No",,,,,,,,,,,,,,,1970-01-01,,2,21
"LGV","SexWorker","Sex worker","Information if case exchanged sex for money or goods within the incubation period of the current infection.","BOOL","No","No",,,,,,,,,,,,,,,1970-01-01,,2,22
"LGV","ContactSW","Contact sex worker","Recently means compatible with the incubation period of the current infection.","BOOL","No","No",,,,,,,,,,,,,,,1970-01-01,,2,23
"LGVAGGR","Disease","Disease","The code of the disease that is being reported.","REF","No","No","LGV = Lymphogranuloma venereum
",,,,,,,,,,,,,,1970-01-01,,,
"LGVAGGR","ReportingCountry","Reporting country","The country reporting the record.","LOCATION","Yes","No","consult the location values in Location sheet",,,,,,,,,,,,"Yes","Country",1970-01-01,,,
"LGVAGGR","SubjectCode","Subject code","SubjectCode is a reporting model for a disease/health topic - identifies the reporting structure and format of a record (case based or aggregate reporting).","REF","Yes","No","LGVAGGR = Lymphogranuloma venereum aggregated
",,,,,,,,,,,,,,1970-01-01,,,
"LGVAGGR","DataSource","Data source","The data source (surveillance system) that the record originates from. The DataSource value must be a special reference value from EpiPulse Cases metadata.","DATASOURCE","Yes","No","consult the data source values in DataSource sheet",,,,,,,,,,,,,,1970-01-01,,1,1
"LGVAGGR","DateUsedForStatistics","Date used for statistics","The reference date used for standard reports that is compared to the reporting period. The date used for statistics can be any date that the reporting country finds applicable, e.g. date of notification, date of diagnosis or any other date.","DATE","Yes","No",,,,,,,,"No",,,"yyyy,yyyy-mm",,,,1970-01-01,,1,2
"LGVAGGR","AgeGroup","Age group","Age group of the reported record.","REF","No","No","Age00_14 = 00 - 14 years old
Age15_19 = 15 - 19 years old
Age20_24 = 20 - 24 years old
Age25_34 = 25 - 34 years old
Age35_44 = 35 - 44 years old
Age45+ = 45+ years old
",,,,,,,,,,,,,,1970-01-01,,1,3
"LGVAGGR","Gender","Gender","Gender of the reported record. Transsexual should be coded as ""OTH"" - Other.","REF","No","No","F = Female
M = Male
OTH = Other
",,,,,,,,,,,,,,1970-01-01,,1,4
"LGVAGGR","CaseClassification","Case classification","Only CONFIRMED cases should be reported at EU Level, therefore ""CONF"" is the expected code here. It is recognised that not all MS have a requirement for lab confirmation for reporting at national level. In short to mid-term the variable can be coded as ""CONF"" or leave empty until case definitions are met.","REF","No","No","CONF = Confirmed
POSS = Possible
PROB = Probable
",,,,,,,,,,,,,,1970-01-01,,1,5
"LGVAGGR","SiteOfInfection","Site of infection","Genital includes urethra, cervix, vagina, urine. Other includes blood, eye, joint fluid, aspirate from abscess. The kind of specimen can be used as a proxy for this variable.","REF","No","No","AR = Ano-Rectal
GEN = Genital
OTH = Other
PH = Pharyngeal
",,,,,,,,,,,,,,1970-01-01,,1,6
"LGVAGGR","ModeOfTransmission","Mode of transmission","This variable specifies the most probable route of transmission. ""OTH"" (Other) can be used to indicate for example injecting drug use or blood transfusions for syphilis transmission. If the national system collects sexual orientation data the variable should be coded as ""MSM"" (Men who have Sex with Men) if the case is a homosexual male or bisexual male. If the case is a heterosexual male or female the variable should be coded as ""HETERO"" (Heterosexual contact). If the national system collects information on the gender of partners the variable should be coded as ""MSM"" if the case is male and has had one or more male sexual partners. For congenitally acquired cases of STI the variable should be coded as ""MTCT"" (Mother-to-child transmission).","REF","No","No","HETERO = Heterosexual contact
MSM = MSM/home or bisexual male
MTCT = Mother-to-child transmission
OTH = Other
",,,,,,,,,,,,,,1970-01-01,,1,7
"LGVAGGR","NumberOfCases","Number of cases","Total number of cases during the reported period for the specified disease.","NUM","Yes","No",,,,0,999999999,,0,,,,,,,,1970-01-01,,1,8
"LIST","Disease","Disease","The code of the disease that is being reported.","REF","No","No","LIST = Listeriosis
",,,,,,,,,,,,,,1970-01-01,,,
"LIST","ReportingCountry","Reporting country","The country reporting the record.","LOCATION","Yes","No","consult the location values in Location sheet",,,,,,,,,,,,"Yes","Country",1970-01-01,,,
"LIST","Status","Status","The Status value is used to provide the functionality for a record within EpiPulse Cases database. Default value: NEW/UPDATE. If set to DELETE, the record with the specified NationalRecordId is deleted (invalidated) from EpiPulse Cases database, if it exists. If set to NEW/UPDATE, the record is inserted into the database: If the same NationalRecordId already exists for the same data source and subject code, then the current submitted record updates (replace) the existing one.","REF","No","No","DELETE = Delete a previously reported record.
NEW/UPDATE = Update a previously reported record (default).
",,,,,,,,,,,,,,1970-01-01,,,
"LIST","SubjectCode","Subject code","SubjectCode is a reporting model for a disease/health topic - identifies the reporting structure and format of a record (case based or aggregate reporting).","REF","Yes","No","LIST = Listeriosis
",,,,,,,,,,,,,,1970-01-01,,,
"LIST","NationalRecordId","National record identifier","Unique identifier for each record within and across the specified surveillance system (data source) – selected and generated by the country reporting the record.","TEXT","Yes","No",,,80,,,,,,,,,,,,1970-01-01,,1,1
"LIST","DataSource","Data source","The data source (surveillance system) that the record originates from. The DataSource value must be a special reference value from EpiPulse Cases metadata.","DATASOURCE","Yes","No","consult the data source values in DataSource sheet",,,,,,,,,,,,,,1970-01-01,,1,2
"LIST","DateUsedForStatistics","Date used for statistics","The reference date used for standard reports that is compared to the reporting period. The date used for statistics can be any date that the reporting country finds applicable, e.g. date of notification, date of diagnosis or any other date.","DATE","Yes","No",,,,,,,,"No",,,"yyyy,yyyy-mm,yyyy-mm-dd,yyyy-Qq,yyyy-Www",,,,1970-01-01,,1,3
"LIST","Age","Age","Age of patient in years as reported in the national system at the time of disease onset.","NUM","No","No",,,,0,125,,0,,,,,,,,1970-01-01,,2,1
"LIST","AgeMonth","Age in months","Age of patient in months as reported in the national system for cases < 2 years of age at the time of disease onset.","NUM","No","No",,,,0,23,,0,,,,,,,,1970-01-01,,2,2
"LIST","Gender","Gender","Gender of the reported record.","REF","No","No","F = Female
M = Male
OTH = Other
",,,,,,,,,,,,,,1970-01-01,,2,3
"LIST","Pregnancy","Pregnancy","Pregnancy at the time of infection.","BOOL","No","No",,,,,,,,,,,,,,,1970-01-01,,2,4
"LIST","OutcomeOfPregnancy","Outcome of pregnancy","Outcome of pregnancy. Don't report pregnancy still in progress or if not pregnant or male case. Pregnancy outcome can be updated at the end of the pregnancy.","REF","No","No","ALIVE = Healthy live birth
CNS = Other central nervous system abnormalities
MICRO = Microcephaly
MISC = Miscarriage
OTH = Other pregnancy outcome
STILL = Stillbirth
TOP = Termination of pregnancy
",,,,,,,,,,,,,,1970-01-01,,2,5
"LIST","DateOfOnset","Date of onset of disease","Date of onset of disease. Leave empty for asymptomatic cases.","DATE","No","No",,,,,,,,"No",,,"yyyy,yyyy-mm,yyyy-mm-dd,yyyy-Qq","DateOfOnset,DateOfDiagnosis,DateOfNotification",,,1970-01-01,,3,1
"LIST","DateOfDiagnosis","Date of diagnosis","First date of clinical or lab diagnosis. In case the DateOfOnset is missing this date is used for analysis.","DATE","No","No",,,,,,,,"No",,,"yyyy,yyyy-mm,yyyy-mm-dd,yyyy-Qq,yyyy-Www","DateOfOnset,DateOfDiagnosis,DateOfNotification",,,1970-01-01,,3,2
"LIST","DateOfNotification","Date of notification","Date when the case report is first notified to public health authorities.","DATE","No","No",,,,,,,,"No",,,"yyyy,yyyy-mm,yyyy-mm-dd,yyyy-Qq,yyyy-Www","DateOfOnset,DateOfDiagnosis,DateOfNotification",,,1970-01-01,,3,3
"LIST","LivingSetting","Living setting","Type of living setting for the patient during the incubation period.","REF","No","No","HOME = Private household
NOS = Nosocomial (hospital)
NURS = Nursing home/elderly home
OTH = Other
REHAB = Rehabilitation facility
",,,,,,,,,,,,,,1970-01-01,,3,4
"LIST","CasePrecondition","Case precondition","Patient's underlying condition or conditions.","REF","No","Yes","BLOOD = Blood disorder
CANC = Cancer, malignancy
DIAB = Diabetes
HEART = Chronic heart disease
HIV = HIV/other immune deficiency
KIDNEY = Kidney-related condition, renal disease
LIVER = Liver-related condition, liver disease
NEUROCOG = Neurocognitive disorder (including seizure)
NONE = No underlying condition
ORGAN = Organ transplant
OTH = Other precondition
RHEUMA = Rheumatological condition
",,,,,,,,,,,,,,1970-01-01,,3,5
"LIST","Hospitalisation","Hospitalisation","History of hospitalisation due to the disease or related complications. Hospitalisation defined as at least one overnight stay.","BOOL","No","No",,,,,,,,,,,,,,,1970-01-01,,3,6
"LIST","Outcome","Outcome of case","Information on whether the case is alive or deceased. The death should be due to the reported disease.","REF","No","No","A = Alive
D = Died
",,,,,,,,,,,,,,1970-01-01,,3,7
"LIST","SuspectedVehicle","Suspected vehicle","Suspected vehicle or source of infection. It shall be provided when ModeOfTransmission is 'FOOD' or 'ANIMAL', otherwise leave it empty.","REF","No","No","consult the reference values for 
SubjectCode = LIST and Variable = SuspectedVehicle",,,,,,,,,,,,,,1970-01-01,,3,8
"LIST","ModeOfTransmission","Mode of transmission","Suspected main mode of transmission.","REF","No","No","ANIMAL = Animal to human transmission
FOOD = Food including drinking water
HAI = Healthcare-associated
IDU = Injecting drug use
LAB = Transmission in a laboratory due to occupational exposure
MTCT = Mother-to-child transmission
ORGAN = Organ recipient
OTH = Other
PTP = Person-to-person (faecal-oral, excl. mother-to-child and sexual transmission)
RECRWATER = Recreational water
SEX = Sexual transmission
TRANSFU = Transfusion recipient
",,,,,,,,,,,,,,1970-01-01,,3,9
"LIST","CaseClassification","Case classification","Case classification according to EU case definition.","REF","Yes","No","CONF = Confirmed
PROB = Probable
",,,,,,,,,,,,,,1970-01-01,,3,10
"LIST","Imported","Imported","Infection has occurred following exposure outside the reporting country during a time compatible with the incubation period of the infection.","BOOL","No","No",,,,,,,,,,,,,,,1970-01-01,,4,1
"LIST","PlaceOfInfection","Place of infection","The probable place of infection should be provided at the lowest level possible, down to NUTS 3 level. If the probable place of infection is not within an EU/EEA country, then use GAUL nomenclature. Note this is a repeatable field.","LOCATION","No","Yes","consult the location values in Location sheet",,,,,,,,,,,,"No","Country,GAUL1,GAUL2,NUTS1,NUTS2,NUTS3",1970-01-01,,4,2
"LIST","PlaceOfNotification","Place of notification","Place of the first notification of the case to a regional authority. Select the most detailed NUTS level possible.","LOCATION","No","No","consult the location values in Location sheet",,,,,,,,,,,,"Yes","Country,NUTS1,NUTS2,NUTS3",1970-01-01,,4,3
"LIST","PlaceOfResidence","Place of residence","Place of residence of patient at the time of disease onset. Select the most detailed NUTS level possible.","LOCATION","No","No","consult the location values in Location sheet",,,,,,,,,,,,"No","Country,NUTS1,NUTS2,NUTS3",1970-01-01,,4,4
"LIST","IsolateId","Isolate identifier","This variable allows the linking of isolate records to the case record. Use the NationalRecordId of the isolate for this purpose. Note this is a repeatable field.","TEXT","No","Yes",,,80,,,,,,,,,,,,1970-01-01,,5,1
"LIST","Specimen","Specimen","The relevant specimen type used for diagnosis of the case.","REF","No","No","BLOOD = Blood
CSF = Cerebrospinal fluid
EYE = Eye (endophthalmitis)
NONSTERILE = Non-sterile site in foetus,stillborn,newborn,mother sampled within 24h. of birth
OTHSTERILE = Other normally sterile site
SYNO = Synovial fluid (arthritis)
",,,,,,,,,,,,,,1970-01-01,,5,2
"LIST","Serotype","Serotype","Serotype of the pathogen which is the cause of the reported disease.","REF","No","No","LISTMON_1/2a = Listeria monocytogenes serotype 1/2a
LISTMON_1/2b = Listeria monocytogenes serotype 1/2b
LISTMON_1/2c = Listeria monocytogenes serotype 1/2c
LISTMON_3a = Listeria monocytogenes serotype 3a
LISTMON_3b = Listeria monocytogenes serotype 3b
LISTMON_3c = Listeria monocytogenes serotype 3c
LISTMON_4a = Listeria monocytogenes serotype 4a
LISTMON_4ab = Listeria monocytogenes serotype 4ab
LISTMON_4b = Listeria monocytogenes serotype 4b
LISTMON_4c = Listeria monocytogenes serotype 4c
LISTMON_4d = Listeria monocytogenes serotype 4d
LISTMON_4e = Listeria monocytogenes serotype 4e
LISTMON_7 = Listeria monocytogenes serotype 7
",,,,,,,,,,,,,,1970-01-01,,5,3
"LIST","PCRSerogroup","PCR serogroup","Serogroup of L. monocytogenes based on molecular serotyping.","REF","No","No","LISTMON_SGIIa = Listeria monocytogenes - serogroup IIa
LISTMON_SGIIb = Listeria monocytogenes - serogroup IIb
LISTMON_SGIIc = Listeria monocytogenes - serogroup IIc
LISTMON_SGIVb = Listeria monocytogenes - serogroup IVb
LISTMON_SGL = Listeria monocytogenes - serogroup L
LISTMON_SGUNK = Listeria monocytogenes - serogroup unknown
",,,,,,,,,,,,,,1970-01-01,,5,4
"LIST","SequenceType","Sequence type","MLST 7 gene sequence type.","NUM","No","No",,,,0,999999999,,0,,,,,,,,1970-01-01,,5,5
"LISTAGGR","Disease","Disease","The code of the disease that is being reported.","REF","No","No","LIST = Listeriosis
",,,,,,,,,,,,,,1970-01-01,,,
"LISTAGGR","ReportingCountry","Reporting country","The country reporting the record.","LOCATION","Yes","No","consult the location values in Location sheet",,,,,,,,,,,,"Yes","Country",1970-01-01,,,
"LISTAGGR","SubjectCode","Subject code","SubjectCode is a reporting model for a disease/health topic - identifies the reporting structure and format of a record (case based or aggregate reporting).","REF","Yes","No","LISTAGGR = Listeriosis aggregated
",,,,,,,,,,,,,,1970-01-01,,,
"LISTAGGR","DataSource","Data source","The data source (surveillance system) that the record originates from. The DataSource value must be a special reference value from EpiPulse Cases metadata.","DATASOURCE","Yes","No","consult the data source values in DataSource sheet",,,,,,,,,,,,,,1970-01-01,,1,1
"LISTAGGR","DateUsedForStatistics","Date used for statistics","The reference date used for standard reports that is compared to the reporting period. The date used for statistics can be any date that the reporting country finds applicable, e.g. date of notification, date of diagnosis or any other date.","DATE","Yes","No",,,,,,,,"No",,,"yyyy,yyyy-mm,yyyy-Qq",,,,1970-01-01,,1,2
"LISTAGGR","AgeGroup","Age group","Age group of the reported record.","REF","No","No","Age00 = 0 years old
Age01_04 = 1 - 4 years old
Age05_09 = 5 - 9 years old
Age10_14 = 10 - 14 years old
Age15_19 = 15 - 19 years old
Age20_24 = 20 - 24 years old
Age25_29 = 25 - 29 years old
Age30_34 = 30 - 34 years old
Age35_39 = 35 - 39 years old
Age40_44 = 40 - 44 years old
Age45_49 = 45 - 49 years old
Age50_54 = 50 - 54 years old
Age55_59 = 55 - 59 years old
Age60_64 = 60 - 64 years old
Age65+ = 65+ years old
",,,,,,,,,,,,,,1970-01-01,,1,3
"LISTAGGR","Gender","Gender","Gender of the reported record.","REF","No","No","F = Female
M = Male
OTH = Other
",,,,,,,,,,,,,,1970-01-01,,1,4
"LISTAGGR","CaseClassification","Case classification","Case classification according to EU case definition.","REF","No","No","CONF = Confirmed
PROB = Probable
",,,,,,,,,,,,,,1970-01-01,,1,5
"LISTAGGR","NumberOfCases","Number of cases","Total number of cases during the reported period for the specified disease.","NUM","Yes","No",,,,0,999999999,,0,,,,,,,,1970-01-01,,1,6
"LISTISO","Disease","Disease","The code of the disease that is being reported.","REF","No","No","LIST = Listeriosis
",,,,,,,,,,,,,,1970-01-01,,,
"LISTISO","HealthTopic","Health topic","The code of the health topic that is being reported.","REF","No","No","ISO = Isolate data
",,,,,,,,,,,,,,1970-01-01,,,
"LISTISO","ReportingCountry","Reporting country","The country reporting the record.","LOCATION","Yes","No","consult the location values in Location sheet",,,,,,,,,,,,"Yes","Country",1970-01-01,,,
"LISTISO","Status","Status","The Status value is used to provide the functionality for a record within EpiPulse Cases database. Default value: NEW/UPDATE. If set to DELETE, the record with the specified NationalRecordId is deleted (invalidated) from EpiPulse Cases database, if it exists. If set to NEW/UPDATE, the record is inserted into the database: If the same NationalRecordId already exists for the same data source and subject code, then the current submitted record updates (replace) the existing one.","REF","No","No","DELETE = Delete a previously reported record.
NEW/UPDATE = Update a previously reported record (default).
",,,,,,,,,,,,,,1970-01-01,,,
"LISTISO","SubjectCode","Subject code","SubjectCode is a reporting model for a disease/health topic - identifies the reporting structure and format of a record (case based or aggregate reporting).","REF","Yes","No","LISTISO = Listeria isolate
",,,,,,,,,,,,,,1970-01-01,,,
"LISTISO","NationalRecordId","National record identifier","Unique identifier for each record within and across the specified surveillance system (data source) – selected and generated by the country reporting the record.","TEXT","Yes","No",,,80,,,,,,,,,,,,1970-01-01,,1,1
"LISTISO","DataSource","Data source","The data source (surveillance system) that the record originates from. The DataSource value must be a special reference value from EpiPulse Cases metadata.","DATASOURCE","Yes","No","consult the data source values in DataSource sheet",,,,,,,,,,,,,,1970-01-01,,1,2
"LISTISO","DateUsedForStatistics","Date used for statistics","The most epidemiologically relevant date for the isolate. Equal to the date of sampling if available. If not, equal to the date of receipt in the source lab, and if that is not available, the date of receipt in the reference lab.","DATE","Yes","No",,,,,,,,"No",2012-01-01,,"yyyy-mm-dd",,,,1970-01-01,,1,3
"LISTISO","CaseId","Case identifier","This variable enables the linking of a case record to the isolate record. Use the NationalRecordId of the case for this purpose.","TEXT","No","No",,,80,,,,,,,,,,,,1970-01-01,,1,4
"LISTISO","Age","Age","Age of patient in years as received or at the date of sampling.","NUM","No","No",,,,0,125,,0,,,,,,,,1970-01-01,,2,1
"LISTISO","AgeMonth","Age in months","Age of patient in months as reported in the national system for cases < 2 years of age at the date of sampling.","NUM","No","No",,,,0,23,,0,,,,,,,,1970-01-01,,2,2
"LISTISO","Gender","Gender","Gender of the reported record.","REF","No","No","F = Female
M = Male
OTH = Other
",,,,,,,,,,,,,,1970-01-01,,2,3
"LISTISO","Imported","Imported","Having been outside the country of notification during the incubation period of the reported disease.","BOOL","No","No",,,,,,,,,,,,,,,1970-01-01,,2,4
"LISTISO","PlaceOfInfection","Place of infection","The probable place of infection should be provided at the lowest level possible, down to NUTS3 level. If the probable place of infection is not an EU/EEA country, then use GAUL nomenclature. Note this is a repeatable field.","LOCATION","No","Yes","consult the location values in Location sheet",,,,,,,,,,,,"No","Country,GAUL1,GAUL2,NUTS1,NUTS2,NUTS3",1970-01-01,,2,5
"LISTISO","PlaceOfResidence","Place of residence","Place of residence of patient at the time of disease onset. Select the most detailed NUTS level possible.","LOCATION","No","No","consult the location values in Location sheet",,,,,,,,,,,,"No","Country,NUTS1,NUTS2,NUTS3",1970-01-01,,2,6
"LISTISO","ItemCode","Item code","Code of related EpiPulse item.","TEXT","No","No",,"^[0-9]{4}-[A-Z]{3}-[0-9]{5}$",14,,,,,,,,,,,,1970-01-01,,2,7
"LISTISO","DateOfSampling","Date of sampling","Date the sample from which the isolate was derived was taken.","DATE","No","No",,,,,,,,"No",2012-01-01,,"yyyy-mm-dd","DateOfSampling,DateOfReceiptSourceLab,DateOfReceiptReferenceLab",,,1970-01-01,,3,1
"LISTISO","DateOfReceiptSourceLab","Date of receipt source laboratory","Date of receipt in source laboratory, i.e. the laboratory the sample was first sent to.","DATE","No","No",,,,,,,,"No",2012-01-01,,"yyyy-mm-dd","DateOfSampling,DateOfReceiptSourceLab,DateOfReceiptReferenceLab",,,1970-01-01,,3,2
"LISTISO","DateOfReceiptReferenceLab","Date of receipt reference laboratory","Date of receipt in reference laboratory or typing laboratory with reference function.","DATE","Yes","No",,,,,,,,"No",2012-01-01,,"yyyy-mm-dd","DateOfSampling,DateOfReceiptSourceLab,DateOfReceiptReferenceLab",,,1970-01-01,,3,3
"LISTISO","SampleId","Sample identifier","Unique identifier for each sample within the lab system, allowing to link isolates derived from the same sample.","TEXT","No","No",,,1000,,,,,,,,,,,,1970-01-01,,3,4
"LISTISO","SampleOrigin","Sample origin","Source that the isolate was obtained from: human, food, animal, environmental, etc.","REF","No","No","ANIMAL = Animal
ENVIRONMENT = Environment
FEED = Feed
FOOD = Food
HUMAN = Human
NON_HUMAN = Non human
",,,,,,,,,,,,,,1970-01-01,,3,5
"LISTISO","Serotype","Serotype","Serotype of the pathogen which is the cause of the reported disease.","REF","No","No","LISTMON_1/2a = Listeria monocytogenes serotype 1/2a
LISTMON_1/2b = Listeria monocytogenes serotype 1/2b
LISTMON_1/2c = Listeria monocytogenes serotype 1/2c
LISTMON_3a = Listeria monocytogenes serotype 3a
LISTMON_3b = Listeria monocytogenes serotype 3b
LISTMON_3c = Listeria monocytogenes serotype 3c
LISTMON_4a = Listeria monocytogenes serotype 4a
LISTMON_4ab = Listeria monocytogenes serotype 4ab
LISTMON_4b = Listeria monocytogenes serotype 4b
LISTMON_4c = Listeria monocytogenes serotype 4c
LISTMON_4d = Listeria monocytogenes serotype 4d
LISTMON_4e = Listeria monocytogenes serotype 4e
LISTMON_7 = Listeria monocytogenes serotype 7
",,,,,,,,,,,,,,1970-01-01,,3,6
"LISTISO","PCRSerogroup","PCR serogroup","Serogroup of L. monocytogenes based on molecular serotyping.","REF","No","No","LISTMON_SGIIa = Listeria monocytogenes - serogroup IIa
LISTMON_SGIIb = Listeria monocytogenes - serogroup IIb
LISTMON_SGIIc = Listeria monocytogenes - serogroup IIc
LISTMON_SGIVb = Listeria monocytogenes - serogroup IVb
LISTMON_SGL = Listeria monocytogenes - serogroup L
LISTMON_SGUNK = Listeria monocytogenes - serogroup unknown
",,,,,,,,,,,,,,1970-01-01,,3,7
"LISTISO","WgsProtocol","Wgs protocol","Protocol used for sequencing, limited to the sequencing technology used (today Illumina or IonTorrent) and the read length.","REF","No","No","HYBRID = 1-2 short read files (any technology, <1000 bp) and one long read file (any technology, >1000 bp)
ILLUMINA = Illumina short read sequencing (<1000 bp)
IONTORRENT = IonTorrent
LONG = Long read sequencing (any technology, >1000 bp)
MGI = MGI short read sequencing (<1000 bp)
ONT = Oxford Nanopore long read sequencing (>1000 bp)
PACBIO = Pacific Biosciences long read sequencing (>1000 bp)
SHORT = Short read sequencing (any technology, <1000 bp)
",,,,,,,,,,,,,,1970-01-01,,4,1
"LISTISO","WgsAccession","Wgs accession identifier","European Nucleotide Archive (ENA) / Sequence Read Archive (SRA) run identifier, based on which the sequence read data can be retrieved. Starts with ERR or SRR, i.e. not the sample or experiment which is ERS/ERX or SRS/SRX.","TEXT","No","No",,,4000,,,,,,,,,,,,1970-01-01,,4,2
"LISTISO","WgsAssembler","Wgs assembler","The assembler used for sequencing, optionally including parameter settings.","REF","No","No","MAP_TO_LOCI1 = Mapping to individual loci, variant 1 for IonTorrent
SKESA = SKESA assembler
SPADES = SPAdes without read mapping and consensus calling
SPADES_READMAP = SPAdes either including or followed by read mapping and consensus calling
VELVET = Velvet without read mapping and consensus calling
VELVET_READMAP = Velvet using k-mer optimisation, and followed by read mapping and consensus calling
",,,,,,,,,,,,,,1970-01-01,,4,3
"LISTISO","SequenceType","Sequence type","MLST 7 gene sequence type.","NUM","No","No",,,,0,999999999,,0,,,,,,,,2026-03-17,,4,4
"LYMENEURO","Disease","Disease","The code of the disease that is being reported.","REF","No","No","LYMENEURO = Lyme neuroborreliosis
",,,,,,,,,,,,,,1970-01-01,,,
"LYMENEURO","ReportingCountry","Reporting country","The country reporting the record.","LOCATION","Yes","No","consult the location values in Location sheet",,,,,,,,,,,,"Yes","Country",1970-01-01,,,
"LYMENEURO","Status","Status","The Status value is used to provide the functionality for a record within EpiPulse Cases database. Default value: NEW/UPDATE. If set to DELETE, the record with the specified NationalRecordId is deleted (invalidated) from EpiPulse Cases database, if it exists. If set to NEW/UPDATE, the record is inserted into the database: If the same NationalRecordId already exists for the same data source and subject code, then the current submitted record updates (replace) the existing one.","REF","No","No","DELETE = Delete a previously reported record.
NEW/UPDATE = Update a previously reported record (default).
",,,,,,,,,,,,,,1970-01-01,,,
"LYMENEURO","SubjectCode","Subject code","SubjectCode is a reporting model for a disease/health topic - identifies the reporting structure and format of a record (case based or aggregate reporting).","REF","Yes","No","LYMENEURO = Lyme neuroborreliosis
",,,,,,,,,,,,,,1970-01-01,,,
"LYMENEURO","NationalRecordId","National record identifier","Unique identifier for each record within and across the specified surveillance system (data source) – selected and generated by the country reporting the record.","TEXT","Yes","No",,,80,,,,,,,,,,,,1970-01-01,,1,1
"LYMENEURO","DataSource","Data source","The data source (surveillance system) that the record originates from. The DataSource value must be a special reference value from EpiPulse Cases metadata.","DATASOURCE","Yes","No","consult the data source values in DataSource sheet",,,,,,,,,,,,,,1970-01-01,,1,2
"LYMENEURO","DateUsedForStatistics","Date used for statistics","The reference date used for standard reports that is compared to the reporting period. The date used for statistics can be any date that the reporting country finds applicable, e.g. date of notification, date of diagnosis or any other date.","DATE","Yes","No",,,,,,,,"No",,,"yyyy,yyyy-mm,yyyy-mm-dd,yyyy-Qq,yyyy-Www",,,,1970-01-01,,1,3
"LYMENEURO","Age","Age","Age of patient in years as reported in the national system at the time of disease onset.","NUM","No","No",,,,0,125,,0,,,,,,,,1970-01-01,,2,1
"LYMENEURO","AgeMonth","Age in months","Age of patient in months as reported in the national system for cases < 2 years of age at the time of disease onset.","NUM","No","No",,,,0,23,,0,,,,,,,,1970-01-01,,2,2
"LYMENEURO","Gender","Gender","Gender of the reported record.","REF","No","No","F = Female
M = Male
OTH = Other
",,,,,,,,,,,,,,1970-01-01,,2,3
"LYMENEURO","DateOfOnset","Date of onset of disease","Date of onset of disease. Leave empty for asymptomatic cases.","DATE","No","No",,,,,,,,"No",,,"yyyy,yyyy-mm,yyyy-mm-dd,yyyy-Qq,yyyy-Www","DateOfOnset,DateOfDiagnosis",,,1970-01-01,,3,1
"LYMENEURO","DateOfDiagnosis","Date of diagnosis","First date of clinical or lab diagnosis. In case the DateOfOnset is missing this date is used for analysis.","DATE","No","No",,,,,,,,"No",,,"yyyy,yyyy-mm,yyyy-mm-dd,yyyy-Qq,yyyy-Www","DateOfOnset,DateOfDiagnosis",,,1970-01-01,,3,2
"LYMENEURO","Outcome","Outcome of case","Death should be directly due to Lyme neuroborreliosis.","REF","No","No","A = Alive
D = Died
",,,,,,,,,,,,,,1970-01-01,,3,3
"LYMENEURO","ClinicalCriteriaStatus","Clinical criteria status","Presence of neurological symptoms according to European Federation of Neurological Societies (EFNS) suggested case definition, without other obvious reasons.","BOOL","No","No",,,,,,,,,,,,,,,1970-01-01,,3,4
"LYMENEURO","ClinicalCriteria","Clinical presentation (criteria)","Description of neurological symptoms according to European Federation of Neurological Societies (EFNS) suggested case definition.","REF","No","No","CNS = Symptoms with central nervous system manifestation
CNSPNS = Symptoms of both central and peripheral nervous system
PNS = Symptoms confined to peripheral nervous system
",,,,,,,,,,,,,,1970-01-01,,3,5
"LYMENEURO","PathogenDetectionMethod","Pathogen detection method","Pathogen detection method used to diagnose the case. More than one method can be reported.","REF","No","Yes","CULT = Culture
INTRA = Evidence of intrathecal production of specific antibodies
NUC = Nucleic acid amplification
PLEO = Pleocytosis
SERO = Serology
SEROCSF = Positive serology in CSF
",,,,,,,,,,,,,,1970-01-01,,3,6
"LYMENEURO","CaseClassification","Case classification","Case classification according to EU case definition.","REF","No","No","CONF = Confirmed
PROB = Probable
",,,,,,,,,,,,,,1970-01-01,,3,7
"LYMENEURO","Imported","Imported","Infection has occurred following exposure outside the reporting country during a time compatible with the incubation period of the infection.","BOOL","No","No",,,,,,,,,,,,,,,1970-01-01,,4,1
"LYMENEURO","PlaceOfResidence","Place of residence","Place of residence of patient at the time of disease onset. Select the most detailed NUTS level possible.","LOCATION","No","No","consult the location values in Location sheet",,,,,,,,,,,,"No","Country,NUTS1,NUTS2,NUTS3",1970-01-01,,4,2
"LYMENEURO","PlaceOfInfection","Place of infection","The probable place of infection should be provided at the lowest level possible, down to NUTS3 level. If the probable place of infection is not an EU/EEA country, then use GAUL nomenclature. Note this is a repeatable field.","LOCATION","No","Yes","consult the location values in Location sheet",,,,,,,,,,,,"No","Country,GAUL1,GAUL2,NUTS1,NUTS2,NUTS3",1970-01-01,,4,3
"MALA","Disease","Disease","The code of the disease that is being reported.","REF","No","No","MALA = Malaria
",,,,,,,,,,,,,,1970-01-01,,,
"MALA","ReportingCountry","Reporting country","The country reporting the record.","LOCATION","Yes","No","consult the location values in Location sheet",,,,,,,,,,,,"Yes","Country",1970-01-01,,,
"MALA","Status","Status","The Status value is used to provide the functionality for a record within EpiPulse Cases database. Default value: NEW/UPDATE. If set to DELETE, the record with the specified NationalRecordId is deleted (invalidated) from EpiPulse Cases database, if it exists. If set to NEW/UPDATE, the record is inserted into the database: If the same NationalRecordId already exists for the same data source and subject code, then the current submitted record updates (replace) the existing one.","REF","No","No","DELETE = Delete a previously reported record.
NEW/UPDATE = Update a previously reported record (default).
",,,,,,,,,,,,,,1970-01-01,,,
"MALA","SubjectCode","Subject code","SubjectCode is a reporting model for a disease/health topic - identifies the reporting structure and format of a record (case based or aggregate reporting).","REF","Yes","No","MALA = Malaria
",,,,,,,,,,,,,,1970-01-01,,,
"MALA","NationalRecordId","National record identifier","Unique identifier for each record within and across the specified surveillance system (data source) – selected and generated by the country reporting the record.","TEXT","Yes","No",,,80,,,,,,,,,,,,1970-01-01,,1,1
"MALA","DataSource","Data source","The data source (surveillance system) that the record originates from. The DataSource value must be a special reference value from EpiPulse Cases metadata.","DATASOURCE","Yes","No","consult the data source values in DataSource sheet",,,,,,,,,,,,,,1970-01-01,,1,2
"MALA","DateUsedForStatistics","Date used for statistics","The reference date used for standard reports that is compared to the reporting period. The date used for statistics can be any date that the reporting country finds applicable, e.g. date of notification, date of diagnosis or any other date.","DATE","Yes","No",,,,,,,,"No",,,"yyyy,yyyy-mm,yyyy-mm-dd,yyyy-Qq,yyyy-Www",,,,1970-01-01,,1,3
"MALA","Age","Age","Age of patient in years as reported in the national system at the time of disease onset.","NUM","No","No",,,,0,125,,0,,,,,,,,1970-01-01,,2,1
"MALA","Gender","Gender","Gender of the reported record.","REF","No","No","F = Female
M = Male
OTH = Other
",,,,,,,,,,,,,,1970-01-01,,2,2
"MALA","Occupation","Occupation","Information on the occupation of the infected person; for locally acquired cases.","REF","No","No","AIRW = Airport worker
HCW = Healthcare worker
OTH = Other occupation
",,,,,,,,,,,,,,1970-01-01,,2,3
"MALA","DateOfOnset","Date of onset of disease","Date of onset of disease. Leave empty for asymptomatic cases.","DATE","No","No",,,,,,,,"No",,,"yyyy-mm,yyyy-mm-dd,yyyy-Www","DateOfOnset,DateOfDiagnosis,DateOfNotification",,,1970-01-01,,3,1
"MALA","DateOfDiagnosis","Date of diagnosis","First date of clinical or lab diagnosis. In case the DateOfOnset is missing this date is used for analysis.","DATE","No","No",,,,,,,,"No",,,"yyyy-mm,yyyy-mm-dd","DateOfOnset,DateOfDiagnosis,DateOfNotification",,,1970-01-01,,3,2
"MALA","DateOfNotification","Date of notification","Date when the case report is first notified to public health authorities.","DATE","No","No",,,,,,,,"No",,,"yyyy-mm,yyyy-mm-dd","DateOfOnset,DateOfDiagnosis,DateOfNotification",,,1970-01-01,,3,3
"MALA","Hospitalisation","Hospitalisation","History of hospitalisation due to the disease or related complications. Hospitalisation defined as at least one overnight stay.","BOOL","No","No",,,,,,,,,,,,,,,1970-01-01,,3,4
"MALA","Outcome","Outcome of case","Information on whether the case is alive or deceased. The death should be due to the reported disease.","REF","No","No","A = Alive
D = Died
",,,,,,,,,,,,,,1970-01-01,,3,5
"MALA","ClinicalCriteriaStatus","Clinical criteria status","The criteria for a clinical picture of the disease are met.","BOOL","No","No",,,,,,,,,,,,,,,1970-01-01,,3,6
"MALA","ModeOfTransmission","Mode of transmission","Suspected main mode of transmission.","REF","No","No","HAI = Healthcare-associated
MOSQIMP = A case contracted by infected mosquitoes transported by aircraft from a disease-endemic country to a non-endemic country
MOSQINDIG = Mosquito-indigenous - A case contracted locally by mosquito-borne transmission with no evidence of importation and no direct link to transmission from an imported case
MOSQINTRO = Mosquito-introduced - A case contracted locally by mosquito-borne transmission with strong epidemiological evidence linking it directly to a known imported case (first-generation local transmission
MTCT = Mother-to-child transmission
OTH = Other
SOHO = Transmission through substances of human origin (transfusion, transplantation, reproductive cell recipient or offspring)
",,,,,,,,,,,,,,1970-01-01,,3,7
"MALA","Pathogen","Pathogen","Species of the virus involved.","REF","No","Yes","PLASCYNO = Plasmodium cynomolgi
PLASFALCI = Plasmodium falciparum
PLASKNOW = Plasmodium knowlesi
PLASMALA = Plasmodium malariae
PLASOVALE = Plasmodium ovale
PLASSPP = Plasmodium species, not specified
PLASVIVAX = Plasmodium vivax
",,,,,,,,,,,,,,1970-01-01,,3,8
"MALA","CaseClassification","Case classification","Case classification according to EU case definition.","REF","No","No","CONF = Confirmed
",,,,,,,,,,,,,,1970-01-01,,3,9
"MALA","Prophylaxis","Prophylaxis","For travel-related cases: indicates whether the traveller took full course of chemoprophylaxis.","BOOL","No","No",,,,,,,,,,,,,,,1970-01-01,,3,10
"MALA","Imported","Imported","Infection has occurred following exposure outside the reporting country during a time compatible with the incubation period of the infection.","BOOL","No","No",,,,,,,,,,,,,,,1970-01-01,,4,1
"MALA","PlaceOfResidence","Place of residence","Place of residence of patient at the time of disease onset. Select the most detailed NUTS level possible.","LOCATION","No","No","consult the location values in Location sheet",,,,,,,,,,,,"No","Country,NUTS1,NUTS2,NUTS3",1970-01-01,,4,2
"MALA","PlaceOfNotification","Place of notification","Place of the first notification of the case to a regional authority. Select the most detailed NUTS level possible.","LOCATION","No","No","consult the location values in Location sheet",,,,,,,,,,,,"Yes","Country,NUTS1,NUTS2,NUTS3",1970-01-01,,4,3
"MALA","PlaceOfInfection","Place of infection","The probable place of infection should be provided at the lowest level possible, down to NUTS3 level. If the probable place of infection is not an EU/EEA country, then use GAUL nomenclature. Note this is a repeatable field.","LOCATION","No","Yes","consult the location values in Location sheet",,,,,,,,,,,,"No","Country,GAUL1,GAUL2,NUTS1,NUTS2,NUTS3",1970-01-01,,4,4
"MALA","PurposeOfTravel","Purpose of travel","Purpose of travel for imported cases.","REF","No","No","BUSINESS = Business
ENDTRAV = Traveller/resident from endemic country
FAM = Visit family and friends
MIG = Migrant
MIL = Military
MISSION = Missionary, volunteer or aid worker
OTH = Other
STUD = Student
TOUR = Tourism
",,,,,,,,,,,,,,1970-01-01,,4,5
"MALAAGGR","Disease","Disease","The code of the disease that is being reported.","REF","No","No","MALA = Malaria
",,,,,,,,,,,,,,1970-01-01,,,
"MALAAGGR","ReportingCountry","Reporting country","The country reporting the record.","LOCATION","Yes","No","consult the location values in Location sheet",,,,,,,,,,,,"Yes","Country",1970-01-01,,,
"MALAAGGR","SubjectCode","Subject code","SubjectCode is a reporting model for a disease/health topic - identifies the reporting structure and format of a record (case based or aggregate reporting).","REF","Yes","No","MALAAGGR = Malaria aggregated
",,,,,,,,,,,,,,1970-01-01,,,
"MALAAGGR","DataSource","Data source","The data source (surveillance system) that the record originates from. The DataSource value must be a special reference value from EpiPulse Cases metadata.","DATASOURCE","Yes","No","consult the data source values in DataSource sheet",,,,,,,,,,,,,,1970-01-01,,1,1
"MALAAGGR","DateUsedForStatistics","Date used for statistics","The reference date used for standard reports that is compared to the reporting period. The date used for statistics can be any date that the reporting country finds applicable, e.g. date of notification, date of diagnosis or any other date.","DATE","Yes","No",,,,,,,,"No",,,"yyyy,yyyy-mm,yyyy-Qq",,,,1970-01-01,,1,2
"MALAAGGR","AgeGroup","Age group","Age group of the reported record.","REF","No","No","Age00 = 0 years old
Age01_04 = 1 - 4 years old
Age05_09 = 5 - 9 years old
Age10_14 = 10 - 14 years old
Age15_19 = 15 - 19 years old
Age20_24 = 20 - 24 years old
Age25_29 = 25 - 29 years old
Age30_34 = 30 - 34 years old
Age35_39 = 35 - 39 years old
Age40_44 = 40 - 44 years old
Age45_49 = 45 - 49 years old
Age50_54 = 50 - 54 years old
Age55_59 = 55 - 59 years old
Age60_64 = 60 - 64 years old
Age65+ = 65+ years old
",,,,,,,,,,,,,,1970-01-01,,1,3
"MALAAGGR","Gender","Gender","Gender of the reported record.","REF","No","No","F = Female
M = Male
OTH = Other
",,,,,,,,,,,,,,1970-01-01,,1,4
"MALAAGGR","CaseClassification","Case classification","Case classification according to EU case definition.","REF","No","No","CONF = Confirmed
",,,,,,,,,,,,,,1970-01-01,,1,5
"MALAAGGR","Imported","Imported","Infection has occurred following exposure outside the reporting country during a time compatible with the incubation period of the infection.","BOOL","No","No",,,,,,,,,,,,,,,1970-01-01,,1,6
"MALAAGGR","NumberOfCases","Number of cases","Total number of cases during the reported period for the specified disease.","NUM","Yes","No",,,,0,999999999,,0,,,,,,,,1970-01-01,,1,7
"MEAS","Disease","Disease","The code of the disease that is being reported.","REF","No","No","MEAS = Measles
",,,,,,,,,,,,,,1970-01-01,,,
"MEAS","ReportingCountry","ReportingCountry","The country reporting the record.","LOCATION","Yes","No","consult the location values in Location sheet",,,,,,,,,,,,"Yes","Country",1970-01-01,,,
"MEAS","Status","Status","The Status value is used to provide the functionality for a record within EpiPulse Cases database. Default value: NEW/UPDATE. If set to DELETE, the record with the specified NationalRecordId is deleted (invalidated) from EpiPulse Cases database, if it exists. If set to NEW/UPDATE, the record is inserted into the database: If the same NationalRecordId already exists for the same data source and subject code, then the current submitted record updates (replace) the existing one.","REF","No","No","DELETE = Delete a previously reported record.
NEW/UPDATE = Update a previously reported record (default).
",,,,,,,,,,,,,,1970-01-01,,,
"MEAS","SubjectCode","Subject code","SubjectCode is a reporting model for a disease/health topic - identifies the reporting structure and format of a record (case based or aggregate reporting).","REF","Yes","No","MEAS = Measles
",,,,,,,,,,,,,,1970-01-01,,,
"MEAS","NationalRecordId","National record identifier","Unique identifier for each record within and across the specified surveillance system (data source) – selected and generated by the country reporting the record.","TEXT","Yes","No",,,80,,,,,,,,,,,,1970-01-01,,1,1
"MEAS","DataSource","Data source","The data source (surveillance system) that the record originates from. The DataSource value must be a special reference value from EpiPulse Cases metadata.","DATASOURCE","Yes","No","consult the data source values in DataSource sheet",,,,,,,,,,,,,,1970-01-01,,1,2
"MEAS","DateUsedForStatistics","Date used for statistics","The reference date used for standard reports that is compared to the reporting period. The date used for statistics can be any date that the reporting country finds applicable, e.g. date of notification, date of diagnosis or any other date.","DATE","Yes","No",,,,,,,,"No",,,"yyyy,yyyy-mm,yyyy-mm-dd,yyyy-Qq,yyyy-Www",,,,1970-01-01,,1,3
"MEAS","Age","Age","Age of patient in years as reported in the national system at the time of disease onset.","NUM","No","No",,,,0,125,,0,,,,,,,,1970-01-01,,2,1
"MEAS","AgeMonth","Age in months","Age of patient in months as reported in the national system for cases < 2 years of age at the time of disease onset.","NUM","No","No",,,,0,23,,0,,,,,,,,1970-01-01,,2,2
"MEAS","Gender","Gender","Gender of the reported record.","REF","No","No","F = Female
M = Male
OTH = Other
",,,,,,,,,,,,,,1970-01-01,,2,3
"MEAS","CaseClassification","Case classification","Case classification according to EU case definition.","REF","Yes","No","CONF = Confirmed
DISCARDED = Discarded
POSS = Possible
PROB = Probable
",,,,,,,,,,,,,,1970-01-01,,3,1
"MEAS","DateOfOnset","Date of onset of disease","Date of onset of disease.","DATE","No","No",,,,,,,,"No",,,"yyyy,yyyy-mm,yyyy-mm-dd,yyyy-Qq",,,,1970-01-01,,3,2
"MEAS","DateOfInvestigation","Date of investigation","Date of start of epidemiological investigation of case by public health authorities.","DATE","No","No",,,,,,,,"No",,,"yyyy-mm-dd",,,,1970-01-01,,3,3
"MEAS","DateOfNotification","Date of notification","Date when the case report is first notified to public health authorities.","DATE","Yes","No",,,,,,,,"No",,,"yyyy,yyyy-mm,yyyy-mm-dd,yyyy-Qq,yyyy-Www",,,,1970-01-01,,3,4
"MEAS","Hospitalisation","Hospitalisation","History of hospitalisation due to the disease or related complications. Hospitalisation defined as at least one overnight stay.","BOOL","No","No",,,,,,,,,,,,,,,1970-01-01,,3,5
"MEAS","Outcome","Outcome of case","Information on whether the case is alive or deceased. The death should be due to the reported disease.","REF","No","No","A = Alive
D = Died
",,,,,,,,,,,,,,1970-01-01,,3,6
"MEAS","CauseOfDeath","Cause of death","If death related to the measles episode, short description of the event leading to death.","TEXT","No","No",,,,,,,,,,,,,,,1970-01-01,,3,7
"MEAS","ClinicalCriteriaStatus","Clinical criteria status","The clinical criteria (according to the EU case definition) are met.","BOOL","No","No",,,,,,,,,,,,,,,1970-01-01,,3,8
"MEAS","ComplicationDiagnosis","Complication diagnosis","Complications of measles. Can be repeated if several complications have occurred.","REF","No","Yes","ACENCE = Acute encephalitis
DIARR = Diarrhoea
NONE = None
OME = Otitis Media
OTH = Other
PNEU = Bacterial pneumonia
",,,,,,,,,,,,,,1970-01-01,,3,9
"MEAS","ClusterRelated","Cluster related","Is the case part of an outbreak/cluster?","BOOL","No","No",,,,,,,,,,,,,,,1970-01-01,,3,10
"MEAS","ClusterId","Cluster identification","Unique identifier of the cluster as provided by the country epidemiologist.","TEXT","No","No",,,80,,,,,,,,,,,,1970-01-01,,3,11
"MEAS","ClusterSetting","Cluster setting","Setting of the cluster (for epidemiologically-linked cases).","REF","No","Yes","CHILDCARE = Kindergarten or child care
FAM = Family
MIL = Military
NOS = Nosocomial (hospital)
OTH = Other
SCH = School
SPORT = Sports team
UNI = University
",,,,,,,,,,,,,,1970-01-01,,3,12
"MEAS","DateOfLastVaccination","Date of last vaccination","Date of administration of the last vaccination dose - indicates the date when the last dose of vaccine was given before disease onset (if exact date is not known, then provide month or year).","DATE","No","No",,,,,,,,"No",,,"yyyy,yyyy-mm,yyyy-mm-dd,yyyy-Qq",,,,1970-01-01,,3,13
"MEAS","VaccinationStatus","Vaccination status","Indicates if the case is vaccinated and number of vaccine doses received.","REF","No","No","10DOSE = 10 doses
1DOSE = 1 dose
2DOSE = 2 doses
3DOSE = 3 doses
4DOSE = 4 doses
5DOSE = 5 doses
6DOSE = 6 doses
7DOSE = 7 doses
8DOSE = 8 doses
9DOSE = 9 doses
NOTVACC = Not vaccinated
UNKDOSE = Vaccinated, dose unknown
",,,,,,,,,,,,,,1970-01-01,,3,14
"MEAS","ImportedStatus","Imported status","Imported case: a case occurring in an individual whose travel dates are consistent with infection acquired while in another country (7–23 days prior to rash onset for measles) as supported by epidemiological and/or virological evidence.
Import related case: a locally acquired infection that occurs as part of a chain of transmission originating from an imported case (as supported by epidemiological and/or virological evidence).
Not imported case: a case resulting from exposure/transmission within the country of residence and not linked to an imported case (based on epidemiological and/or virological evidence).
Unknown importation status case: a case with unknown source of infection (no epidemiological and/or virological evidence of being imported, import-related or locally acquired).","REF","No","No","IMP = Imported case
IMPREL = Import related case
IMPUNK = Unknown importation status
NOTIMP = Not imported (locally acquired) case
",,,,,,,,,,,,,,1970-01-01,,4,1
"MEAS","PlaceOfInfection","Place of infection","If ImportedStatus = 'IMP': The probable place of infection should be provided at the country level. One entry for each country visited during the incubation period of the disease. Note this is a repeatable field.","LOCATION","No","Yes","consult the location values in Location sheet",,,,,,,,,,,,"No","Country",1970-01-01,,4,2
"MEAS","PlaceOfNotification","Place of notification","Place of the first notification of the case to a regional authority. Select the most detailed NUTS level possible.","LOCATION","No","No","consult the location values in Location sheet",,,,,,,,,,,,"Yes","Country,NUTS1,NUTS2,NUTS3",1970-01-01,,4,3
"MEAS","PlaceOfResidence","Place of residence","Place of residence of patient at the time of disease onset. Select the most detailed NUTS level possible.","LOCATION","No","No","consult the location values in Location sheet",,,,,,,,,,,,"No","Country,NUTS1,NUTS2,NUTS3",1970-01-01,,4,4
"MEAS","DateOfSpecimen","Date of specimen","Date when first specimen was collected from patient regardless of test results.","DATE","No","No",,,,,,,,"No",,,"yyyy-mm-dd",,,,1970-01-01,,5,1
"MEAS","DateOfLabResult","Date of laboratory result","Date when laboratory results become available (first validated result to confirm or invalidate the case).","DATE","No","No",,,,,,,,"No",,,"yyyy-mm-dd",,,,1970-01-01,,5,2
"MEAS","SpecimenVirDetect","Type of specimen(s) collected","Type of specimen(s) collected.","REF","No","Yes","DRYBLOSP = Dry blood spot
EDTA = EDTA whole blood
NASALSWAB = Nasal swab
OTH = Other
SALOR = Saliva/oral fluid
SER = Serum
URINE = Urine
",,,,,,,,,,,,,,1970-01-01,,5,3
"MEAS","ResultVirDetect","Result of virus detection or isolation","Validated result of virus detection or isolation, by for example RT-PCR or culture.","REF","No","No","EQUI = Equivocal
NEG = Negative
NOTEST = Not tested
POS = Positive
",,,,,,,,,,,,,,1970-01-01,,5,4
"MEAS","Genotype","Genotype","Measles virus genotype.","REF","No","No","MEASV_A = Measles virus Genotype A
MEASV_B1 = Measles virus Genotype B1
MEASV_B2 = Measles virus Genotype B2
MEASV_B3 = Measles virus Genotype B3
MEASV_C1 = Measles virus Genotype C1
MEASV_C2 = Measles virus Genotype C2
MEASV_D1 = Measles virus Genotype D1
MEASV_D10 = Measles virus Genotype D10
MEASV_D11 = Measles virus Genotype D11
MEASV_D2 = Measles virus Genotype D2
MEASV_D3 = Measles virus Genotype D3
MEASV_D4 = Measles virus Genotype D4
MEASV_D5 = Measles virus Genotype D5
MEASV_D6 = Measles virus Genotype D6
MEASV_D7 = Measles virus Genotype D7
MEASV_D8 = Measles virus Genotype D8
MEASV_D9 = Measles virus Genotype D9
MEASV_E = Measles virus Genotype E
MEASV_F = Measles virus Genotype F
MEASV_G1 = Measles virus Genotype G1
MEASV_G2 = Measles virus Genotype G2
MEASV_G3 = Measles virus Genotype G3
MEASV_H1 = Measles virus Genotype H1
MEASV_H2 = Measles virus Genotype H2
",,,,,,,,,,,,,,1970-01-01,,5,5
"MEAS","SpecimenSero","Type of specimen(s) for serological analysis","Type of specimen(s) collected for serological analysis.","REF","No","Yes","DRYBLOSP = Dry blood spot
EDTA = EDTA whole blood
NASALSWAB = Nasal swab
OTH = Other
SALOR = Saliva/oral fluid
SER = Serum
URINE = Urine
",,,,,,,,,,,,,,1970-01-01,,5,6
"MEAS","ResultIgG","Result IgG","Result of serologic test for IgG (at least a fourfold rise in specific antibodies titre or seroconversion in paired serum samples).","REF","No","No","EQUI = Equivocal
NEG = Negative
NOTEST = Not tested
POS = Positive
",,,,,,,,,,,,,,1970-01-01,,5,7
"MEAS","ResultIgM","Result IgM","Result of serologic test for IgM.","REF","No","No","EQUI = Equivocal
NEG = Negative
NOTEST = Not tested
POS = Positive
",,,,,,,,,,,,,,1970-01-01,,5,8
"MEASAGGR","Disease","Disease","The code of the disease that is being reported.","REF","No","No","MEAS = Measles
",,,,,,,,,,,,,,1970-01-01,,,
"MEASAGGR","ReportingCountry","Reporting country","The country reporting the record.","LOCATION","Yes","No","consult the location values in Location sheet",,,,,,,,,,,,"Yes","Country",1970-01-01,,,
"MEASAGGR","SubjectCode","Subject code","SubjectCode is a reporting model for a disease/health topic - identifies the reporting structure and format of a record (case based or aggregate reporting).","REF","Yes","No","MEASAGGR = Measles aggregated
",,,,,,,,,,,,,,1970-01-01,,,
"MEASAGGR","DataSource","Data source","The data source (surveillance system) that the record originates from. The DataSource value must be a special reference value from EpiPulse Cases metadata.","DATASOURCE","Yes","No","consult the data source values in DataSource sheet",,,,,,,,,,,,,,1970-01-01,,1,1
"MEASAGGR","DateUsedForStatistics","Date used for statistics","The reference date used for standard reports that is compared to the reporting period. The date used for statistics can be any date that the reporting country finds applicable, e.g. date of notification, date of diagnosis or any other date.","DATE","Yes","No",,,,,,,,"No",,,"yyyy,yyyy-mm,yyyy-Qq",,,,1970-01-01,,1,2
"MEASAGGR","AgeGroup","Age group","Age group of the reported record.","REF","No","No","Age00 = 0 years old
Age01_04 = 1 - 4 years old
Age05_09 = 5 - 9 years old
Age10_14 = 10 - 14 years old
Age15_19 = 15 - 19 years old
Age20_24 = 20 - 24 years old
Age20_29 = 20 - 29 years old
Age25_29 = 25 - 29 years old
Age30+ = 30+ years old
Age30_34 = 30 - 34 years old
Age35_39 = 35 - 39 years old
Age40_44 = 40 - 44 years old
Age45_49 = 45 - 49 years old
Age50_54 = 50 - 54 years old
Age55_59 = 55 - 59 years old
Age60_64 = 60 - 64 years old
Age65+ = 65+ years old
",,,,,,,,,,,,,,1970-01-01,,1,3
"MEASAGGR","Gender","Gender","Gender of the reported record.","REF","No","No","F = Female
M = Male
OTH = Other
",,,,,,,,,,,,,,1970-01-01,,1,4
"MEASAGGR","CaseClassification","Case classification","Case classification according to EU case definition.","REF","No","No","CONF = Confirmed
DISCARDED = Discarded
POSS = Possible
PROB = Probable
",,,,,,,,,,,,,,1970-01-01,,1,5
"MEASAGGR","VaccinationStatus","Vaccination status","Indicates if the case is vaccinated and number of vaccine doses received.","REF","No","No","1DOSE = 1 dose
2DOSE = 2 doses
3DOSE = 3 doses
4DOSE = 4 doses
NOTVACC = Not vaccinated
UNKDOSE = Vaccinated, dose unknown
",,,,,,,,,,,,,,1970-01-01,,1,6
"MEASAGGR","NumberOfCases","Number of cases","Total number of cases during the reported period for the specified disease.","NUM","Yes","No",,,,0,999999999,,0,,,,,,,,1970-01-01,,1,7
"MENI","Disease","Disease","The code of the disease that is being reported.","REF","No","No","MENI = Invasive meningococcal disease
",,,,,,,,,,,,,,1970-01-01,,,
"MENI","ReportingCountry","ReportingCountry","The country reporting the record.","LOCATION","Yes","No","consult the location values in Location sheet",,,,,,,,,,,,"Yes","Country",1970-01-01,,,
"MENI","Status","Status","The Status value is used to provide the functionality for a record within EpiPulse Cases database. Default value: NEW/UPDATE. If set to DELETE, the record with the specified NationalRecordId is deleted (invalidated) from EpiPulse Cases database, if it exists. If set to NEW/UPDATE, the record is inserted into the database: If the same NationalRecordId already exists for the same data source and subject code, then the current submitted record updates (replace) the existing one.","REF","No","No","DELETE = Delete a previously reported record.
NEW/UPDATE = Update a previously reported record (default).
",,,,,,,,,,,,,,1970-01-01,,,
"MENI","SubjectCode","Subject code","SubjectCode is a reporting model for a disease/health topic - identifies the reporting structure and format of a record (case based or aggregate reporting).","REF","Yes","No","MENI = Meningococcal disease
",,,,,,,,,,,,,,1970-01-01,,,
"MENI","NationalRecordId","National record identifier","Unique identifier for each record within and across the specified surveillance system (data source) – selected and generated by the country reporting the record.","TEXT","Yes","No",,,80,,,,,,,,,,,,1970-01-01,,1,1
"MENI","DataSource","Data source","The data source (surveillance system) that the record originates from. The DataSource value must be a special reference value from EpiPulse Cases metadata.","DATASOURCE","Yes","No","consult the data source values in DataSource sheet",,,,,,,,,,,,,,1970-01-01,,1,2
"MENI","DateUsedForStatistics","Date used for statistics","The reference date used for standard reports that is compared to the reporting period. The date used for statistics can be any date that the reporting country finds applicable, e.g. date of notification, date of diagnosis or any other date.","DATE","Yes","No",,,,,,,,"No",,,"yyyy,yyyy-mm,yyyy-mm-dd,yyyy-Qq,yyyy-Www",,,,1970-01-01,,1,3
"MENI","Age","Age","Age of patient in years as reported in the national system at the time of disease onset.","NUM","No","No",,,,0,125,,0,,,,,,,,1970-01-01,,2,1
"MENI","AgeMonth","Age in months","Age of patient in months as reported in the national system for cases < 2 years of age at the time of disease onset.","NUM","No","No",,,,0,23,,0,,,,,,,,1970-01-01,,2,2
"MENI","Gender","Gender","Gender of the reported record.","REF","No","No","F = Female
M = Male
OTH = Other
",,,,,,,,,,,,,,1970-01-01,,2,3
"MENI","CaseClassification","Case classification","Case classification according to EU case definition.","REF","No","No","CONF = Confirmed
POSS = Possible
PROB = Probable
",,,,,,,,,,,,,,1970-01-01,,3,1
"MENI","DateOfOnset","Date of onset of disease","Date of onset of disease. Leave empty for asymptomatic cases.","DATE","No","No",,,,,,,,"No",,,"yyyy,yyyy-mm,yyyy-mm-dd,yyyy-Qq",,,,1970-01-01,,3,2
"MENI","DateOfDiagnosis","Date of diagnosis","First date of clinical or lab diagnosis. In case the DateOfOnset is missing this date is used for analysis.","DATE","No","No",,,,,,,,"No",,,"yyyy,yyyy-mm,yyyy-mm-dd,yyyy-Qq,yyyy-Www",,,,1970-01-01,,3,3
"MENI","DateOfNotification","Date of notification","Date when the case report is first notified to public health authorities.","DATE","No","No",,,,,,,,"No",,,"yyyy,yyyy-mm,yyyy-mm-dd,yyyy-Qq,yyyy-Www",,,,1970-01-01,,3,4
"MENI","Outcome","Outcome of case","Information on whether the case is alive or deceased. The death should be due to the reported disease.","REF","No","No","A = Alive
D = Died
",,,,,,,,,,,,,,1970-01-01,,3,5
"MENI","ClinicalCriteria","Clinical presentation (criteria) of the case","Clinical presentation of the disease according to EU case definition.","REF","No","No","MENI = Meningitis/Meningeal/Meningoencephalitic
MENISEPTI = Meningitis and septicaemia
OTH = Other
PNEU = Pneumonia
SEPTI = Septicaemia
",,,,,,,,,,,,,,1970-01-01,,3,6
"MENI","DateOfLastVaccination","Date of last vaccination","Date of administration of the last vaccination dose against the serogroup of meningococcus that was the cause of infection - indicates the date when the last dose of vaccine was given before disease onset (if exact date is not known, then provide month or year).","DATE","No","No",,,,,,,,"No",,,"yyyy,yyyy-mm,yyyy-mm-dd,yyyy-Qq",,,,1970-01-01,,3,7
"MENI","VaccinationStatus","Vaccination status","Indicates if the case is vaccinated against the serogroup of meningococcus that was the cause of infection and number of vaccine doses received.","REF","No","No","1DOSE = 1 dose
2DOSE = 2 doses
3DOSE = 3 doses
4DOSE = 4 doses
NOTVACC = Not vaccinated
UNKDOSE = Vaccinated, dose unknown
",,,,,,,,,,,,,,1970-01-01,,3,8
"MENI","ImportedStatus","Imported status","Imported case: a case occurring in an individual whose travel dates are consistent with infection acquired while in another country (as supported by epidemiological and/or virological evidence).
Import related case: a locally acquired infection that occurs as part of a chain of transmission originating from an imported case (as supported by epidemiological and/or virological evidence).
Not imported case: a case resulting from exposure/transmission within the country of residence and not linked to an imported case (based on epidemiological and/or virological evidence).
Unknown importation status case: a case with unknown source of infection (no epidemiological and/or virological evidence of being imported, import-related or locally acquired).","REF","No","No","IMP = Imported case
IMPREL = Import related case
IMPUNK = Unknown importation status
NOTIMP = Not imported (locally acquired) case
",,,,,,,,,,,,,,1970-01-01,,4,1
"MENI","PlaceOfInfection","Place of infection","If Imported = 1 (TRUE): The probable place of infection should be provided at the country level. One entry for each country visited during the incubation period of the disease. Note this is a repeatable field.","LOCATION","No","Yes","consult the location values in Location sheet",,,,,,,,,,,,"No","Country",1970-01-01,,4,2
"MENI","PlaceOfNotification","Place of notification","Place of the first notification of the case to a regional authority. Select the most detailed NUTS level possible.","LOCATION","No","No","consult the location values in Location sheet",,,,,,,,,,,,"Yes","Country,NUTS1,NUTS2,NUTS3",1970-01-01,,4,3
"MENI","PlaceOfResidence","Place of residence","Place of residence of patient at the time of disease onset. Select the most detailed NUTS level possible.","LOCATION","No","No","consult the location values in Location sheet",,,,,,,,,,,,"No","Country,NUTS1,NUTS2,NUTS3",1970-01-01,,4,4
"MENI","ReportedEMERTII","Reported EMERT II","Describe if the isolate related to the case was reported to EMERT II.","BOOL","No","No",,,,,,,,,,,,,,,1970-01-01,,5,1
"MENI","IsolateId","Isolate identifier","Unique identifier for each isolate within the data source/laboratory system related to the case. In option1 in the Reporting Protocol, this variable corresponds to the EMERT II identifier.","TEXT","No","Yes",,,80,,,,,,,,,,,,1970-01-01,,5,2
"MENI","MainPathogenDetectionMethod","Main pathogen detection method","Pathogen detection method used on the primary laboratory specimen with a positive result for case confirmation and further characterisation of the disease. More than one method can be reported.","REF","No","Yes","ANTIGEN = Antigen detection
CULT = Culture
GENOSEQ = Genotyping/Sequencing
MICRO = Microscopy
NUCLACID = Detection of nucleic acid
OTH = Other
",,,,,,,,,,,,,,1970-01-01,,5,3
"MENI","SecondPathogenDetectionMethod","Second pathogen detection method","Pathogen detection method used on the second type of laboratory specimen with a positive result (if taken) for diagnosis or further characterisation of the disease. More than one method can be reported.","REF","No","Yes","ANTIGEN = Antigen detection
CULT = Culture
GENOSEQ = Genotyping/Sequencing
MICRO = Microscopy
NUCLACID = Detection of nucleic acid
OTH = Other
",,,,,,,,,,,,,,1970-01-01,,5,4
"MENI","Serogroup","Serogroup","Serogroup will not be known if clinical diagnosis only used to identify disease.","REF","No","No","NEIMENI_29E = Neisseria meningitidis - serogroup 29E
NEIMENI_A = Neisseria meningitidis - serogroup A
NEIMENI_B = Neisseria meningitidis - serogroup B
NEIMENI_C = Neisseria meningitidis - serogroup C
NEIMENI_NGA = Neisseria meningitidis - not groupable
NEIMENI_OTH = Neisseria meningitidis - other serogroup
NEIMENI_W = Neisseria meningitidis - serogroup W
NEIMENI_X = Neisseria meningitidis - serogroup X
NEIMENI_Y = Neisseria meningitidis - serogroup Y
NEIMENI_Z = Neisseria meningitidis - serogroup Z
NEIMENI_Z/29E = Neisseria meningitidis - serogroup Z/29E
",,,,,,,,,,,,,,1970-01-01,,5,5
"MENI","ResultMLST","Multilocus sequence typing clonal complex of strain","Multilocus Sequence Typing clonal complex of strain. Values from http://neisseria.org/nm/typing/tessy/.","REF","No","Yes","consult the reference values for 
SubjectCode = MENI and Variable = ResultMLST",,,,,,,,,,,,,,1970-01-01,,5,6
"MENI","ResultPorA1","Genotype gene PorA variable region 1","Serotype Gene PorA variable region 1. Values from http://neisseria.org/nm/typing/tessy/.","REF","No","No","consult the reference values for 
SubjectCode = MENI and Variable = ResultPorA1",,,,,,,,,,,,,,1970-01-01,,5,7
"MENI","ResultPorA2","Genotype gene PorA variable region 2","Serotype Gene PorA variable region 2. Values from http://neisseria.org/nm/typing/tessy/.","REF","No","No","consult the reference values for 
SubjectCode = MENI and Variable = ResultPorA2",,,,,,,,,,,,,,1970-01-01,,5,8
"MENI","ResultFetVR","FetA VR","Serotype Gene FetA VR variable region. Values from http://neisseria.org/nm/typing/tessy/.","REF","No","No","consult the reference values for 
SubjectCode = MENI and Variable = ResultFetVR",,,,,,,,,,,,,,1970-01-01,,5,9
"MENI","MICSign_CIP","MIC sign for CIP","This field can indicate if a value of the MICValueAST_CIP test is ""less than"" (<); ""equal to or less than"" (<=); ""equal to"" (=); ""equal to or greater than""(>=); or ""greater than"" (>) the value indicated in the following field.","REF","No","No","< = Less than
<= = Less than or equal
= = Equal
> = Greater than
>= = Greater than or equal
",,,,,,,,,,,,,,1970-01-01,,6,1
"MENI","MICValueAST_CIP","MIC value for CIP","MIC (Value in mg/l). Use '.' as decimal delimiter, e.g. 0.25.","NUM","No","No",,,,0,99999,,4,,,,,,,,1970-01-01,,6,2
"MENI","SIR_CIP","Susceptibility to Ciprofloxacin","Susceptibility to Ciprofloxacin as the final interpretation based on one or more test results.","REF","No","No","I = Intermediate
R = Resistant
S = Susceptible
",,,,,,,,,,,,,,1970-01-01,,6,3
"MENI","MICSign_CTX_CFX","MIC sign for CTX_CFX","This field can indicate if a value of the MICValueAST_CTX_CFX test is ""less than""(<); ""equal to or less than""(<=); ""equal to""(=); ""equal to or greater than""(>=); or ""greater than""(>) the value indicated in the following field.","REF","No","No","< = Less than
<= = Less than or equal
= = Equal
> = Greater than
>= = Greater than or equal
",,,,,,,,,,,,,,1970-01-01,,6,4
"MENI","MICValueAST_CTX_CFX","MIC value for CTX_CFX","MIC (Value in mg/l). Use '.' as decimal delimiter, e.g. 0.25.","NUM","No","No",,,,0,99999,,4,,,,,,,,1970-01-01,,6,5
"MENI","SIR_CTX_CFX","Susceptibility to Cefotaxime or Ceftriaxone","Susceptibility to Cefotaxime or Ceftriaxone as the final interpretation based on one or more test results.","REF","No","No","I = Intermediate
R = Resistant
S = Susceptible
",,,,,,,,,,,,,,1970-01-01,,6,6
"MENI","MICSign_PEN","MIC sign for PEN","This field can indicate if a value of the MICValueAST_PEN test is ""less than"" (<); ""equal to or less than"" (<=); ""equal to"" (=); ""equal to or greater than""(>=); or ""greater than"" (>) the value indicated in the following field.","REF","No","No","< = Less than
<= = Less than or equal
= = Equal
> = Greater than
>= = Greater than or equal
",,,,,,,,,,,,,,1970-01-01,,6,7
"MENI","MICValueAST_PEN","MIC value for PEN","MIC (Value in mg/l). Use '.' as decimal delimiter, e.g. 0.25.","NUM","No","No",,,,0,99999,,4,,,,,,,,1970-01-01,,6,8
"MENI","SIR_PEN","Susceptibility to Penicillin","Susceptibility to Penicillin as the final interpretation based on one or more test results.","REF","No","No","I = Intermediate
R = Resistant
S = Susceptible
",,,,,,,,,,,,,,1970-01-01,,6,9
"MENI","MICSign_RIF","MIC sign for RIF","This field can indicate if a value of the MICValueAST_RIF test is ""less than"" (<); ""equal to or less than"" (<=); ""equal to"" (=); ""equal to or greater than""(>=); or ""greater than"" (>) the value indicated in the following field.","REF","No","No","< = Less than
<= = Less than or equal
= = Equal
> = Greater than
>= = Greater than or equal
",,,,,,,,,,,,,,1970-01-01,,6,10
"MENI","MICValueAST_RIF","MIC value for RIF","MIC (Value in mg/l). Use '.' as decimal delimiter, e.g. 0.25.","NUM","No","No",,,,0,99999,,4,,,,,,,,1970-01-01,,6,11
"MENI","SIR_RIF","Susceptibility to Rifampicin","Susceptibility to Rifampicin as the final interpretation based on one or more test results.","REF","No","No","I = Intermediate
R = Resistant
S = Susceptible
",,,,,,,,,,,,,,1970-01-01,,6,12
"MENIAGGR","Disease","Disease","The code of the disease that is being reported.","REF","No","No","MENI = Invasive meningococcal disease
",,,,,,,,,,,,,,1970-01-01,,,
"MENIAGGR","ReportingCountry","Reporting country","The country reporting the record.","LOCATION","Yes","No","consult the location values in Location sheet",,,,,,,,,,,,"Yes","Country",1970-01-01,,,
"MENIAGGR","SubjectCode","Subject code","SubjectCode is a reporting model for a disease/health topic - identifies the reporting structure and format of a record (case based or aggregate reporting).","REF","Yes","No","MENIAGGR = Meningococcal disease aggregated
",,,,,,,,,,,,,,1970-01-01,,,
"MENIAGGR","DataSource","Data source","The data source (surveillance system) that the record originates from. The DataSource value must be a special reference value from EpiPulse Cases metadata.","DATASOURCE","Yes","No","consult the data source values in DataSource sheet",,,,,,,,,,,,,,1970-01-01,,1,1
"MENIAGGR","DateUsedForStatistics","Date used for statistics","The reference date used for standard reports that is compared to the reporting period. The date used for statistics can be any date that the reporting country finds applicable, e.g. date of notification, date of diagnosis or any other date.","DATE","Yes","No",,,,,,,,"No",,,"yyyy,yyyy-mm,yyyy-Qq",,,,1970-01-01,,1,2
"MENIAGGR","AgeGroup","Age group","Age group of the reported record.","REF","No","No","Age00 = 0 years old
Age01_04 = 1 - 4 years old
Age05_09 = 5 - 9 years old
Age10_14 = 10 - 14 years old
Age15_19 = 15 - 19 years old
Age20_24 = 20 - 24 years old
Age25_29 = 25 - 29 years old
Age30_34 = 30 - 34 years old
Age35_39 = 35 - 39 years old
Age40_44 = 40 - 44 years old
Age45_49 = 45 - 49 years old
Age50_54 = 50 - 54 years old
Age55_59 = 55 - 59 years old
Age60_64 = 60 - 64 years old
Age65+ = 65+ years old
",,,,,,,,,,,,,,1970-01-01,,1,3
"MENIAGGR","Gender","Gender","Gender of the reported record.","REF","No","No","F = Female
M = Male
OTH = Other
",,,,,,,,,,,,,,1970-01-01,,1,4
"MENIAGGR","CaseClassification","Case classification","Case classification according to EU case definition.","REF","No","No","CONF = Confirmed
POSS = Possible
PROB = Probable
",,,,,,,,,,,,,,1970-01-01,,1,5
"MENIAGGR","VaccinationStatus","Vaccination status","Indicates if the case is vaccinated and number of vaccine doses received.","REF","No","No","1DOSE = 1 dose
2DOSE = 2 doses
3DOSE = 3 doses
4DOSE = 4 doses
NOTVACC = Not vaccinated
UNKDOSE = Vaccinated, dose unknown
",,,,,,,,,,,,,,1970-01-01,,1,6
"MENIAGGR","NumberOfCases","Number of cases","Total number of cases during the reported period for the specified disease.","NUM","Yes","No",,,,0,999999999,,0,,,,,,,,1970-01-01,,1,7
"MENIISO","Disease","Disease","The code of the disease that is being reported.","REF","No","No","MENI = Invasive meningococcal disease
",,,,,,,,,,,,,,1970-01-01,,,
"MENIISO","HealthTopic","Health topic","The code of the health topic that is being reported.","REF","No","No","ISO = Isolate data
",,,,,,,,,,,,,,1970-01-01,,,
"MENIISO","ReportingCountry","Reporting country","The country reporting the record.","LOCATION","Yes","No","consult the location values in Location sheet",,,,,,,,,,,,"Yes","Country",1970-01-01,,,
"MENIISO","Status","Status","The Status value is used to provide the functionality for a record within EpiPulse Cases database. Default value: NEW/UPDATE. If set to DELETE, the record with the specified NationalRecordId is deleted (invalidated) from EpiPulse Cases database, if it exists. If set to NEW/UPDATE, the record is inserted into the database: If the same NationalRecordId already exists for the same data source and subject code, then the current submitted record updates (replace) the existing one.","REF","No","No","DELETE = Delete a previously reported record.
NEW/UPDATE = Update a previously reported record (default).
",,,,,,,,,,,,,,1970-01-01,,,
"MENIISO","SubjectCode","Subject code","SubjectCode is a reporting model for a disease/health topic - identifies the reporting structure and format of a record (case based or aggregate reporting).","REF","Yes","No","MENIISO = Neisseria meningitidis isolate
",,,,,,,,,,,,,,1970-01-01,,,
"MENIISO","NationalRecordId","National record identifier","Unique identifier for each record within and across the specified surveillance system (data source) – selected and generated by the country reporting the record.","TEXT","Yes","No",,,80,,,,,,,,,,,,1970-01-01,,1,1
"MENIISO","DataSource","Data source","The data source (laboratory) that the record originates from.","DATASOURCE","Yes","No","consult the data source values in DataSource sheet",,,,,,,,,,,,,,1970-01-01,,1,2
"MENIISO","DateUsedForStatistics","Date used for statistics","The most epidemiologically relevant date for the isolate. Equal to the date of sampling if available. If not, equal to the date of receipt in the source lab, and if that is not available, the date of receipt in the reference lab.","DATE","Yes","No",,,,,,,,"No",2012-01-01,,"yyyy-mm-dd",,,,1970-01-01,,1,3
"MENIISO","CaseId","Case identifier","Unique identifier for each case within the data source / surveillance system related to the isolate, so that isolate records can be linked to case records. This should match the corresponding NationalRecordId of MENI case-based data in option 2, as per Reporting Protocol.","TEXT","No","No",,,80,,,,,,,,,,,,1970-01-01,,1,4
"MENIISO","ItemCode","Item code","Code of related EpiPulse item.","TEXT","No","No",,"^[0-9]{4}-[A-Z]{3}-[0-9]{5}$",14,,,,,,,,,,,,1970-01-01,,1,5
"MENIISO","DateOfSampling","Date of sampling","Date the sample from which the isolate was derived was taken.","DATE","No","No",,,,,,,,"No",2012-01-01,,"yyyy-mm-dd","DateOfSampling,DateOfReceiptSourceLab,DateOfReceiptReferenceLab",,,1970-01-01,,2,1
"MENIISO","DateOfReceiptSourceLab","Date of receipt source laboratory","Date of receipt in source laboratory, i.e. the laboratory the sample was first sent to.","DATE","No","No",,,,,,,,"No",2012-01-01,,"yyyy-mm-dd","DateOfSampling,DateOfReceiptSourceLab,DateOfReceiptReferenceLab",,,1970-01-01,,2,2
"MENIISO","DateOfReceiptReferenceLab","Date of receipt reference laboratory","Date of receipt in reference laboratory or typing laboratory with reference function.","DATE","Yes","No",,,,,,,,"No",2012-01-01,,"yyyy-mm-dd","DateOfSampling,DateOfReceiptSourceLab,DateOfReceiptReferenceLab",,,1970-01-01,,2,3
"MENIISO","WgsProtocol","Wgs protocol","Protocol used for sequencing, limited to the sequencing technology used (today Illumina or IonTorrent) and the read length.","REF","No","No","HYBRID = 1-2 short read files (any technology, <1000 bp) and one long read file (any technology, >1000 bp)
ILLUMINA = Illumina short read sequencing (<1000 bp)
IONTORRENT = IonTorrent
LONG = Long read sequencing (any technology, >1000 bp)
MGI = MGI short read sequencing (<1000 bp)
ONT = Oxford Nanopore long read sequencing (>1000 bp)
PACBIO = Pacific Biosciences long read sequencing (>1000 bp)
SHORT = Short read sequencing (any technology, <1000 bp)
",,,,,,,,,,,,,,1970-01-01,,3,1
"MENIISO","WgsAccession","Wgs accession identifier","European Nucleotide Archive (ENA) / Sequence Read Archive (SRA) run identifier, based on which the sequence read data can be retrieved. Starts with ERR or SRR, i.e. not the sample or experiment which is ERS/ERX or SRS/SRX.","TEXT","No","No",,,4000,,,,,,,,,,,,1970-01-01,,3,2
"MENIISO","WgsAssembler","Wgs assembler","The assembler used for sequencing, optionally including parameter settings.","REF","No","No","MAP_TO_LOCI1 = Mapping to individual loci, variant 1 for IonTorrent
SKESA = SKESA assembler
SPADES = SPAdes without read mapping and consensus calling
SPADES_READMAP = SPAdes either including or followed by read mapping and consensus calling
VELVET = Velvet without read mapping and consensus calling
VELVET_READMAP = Velvet using k-mer optimisation, and followed by read mapping and consensus calling
",,,,,,,,,,,,,,1970-01-01,,3,3
"MPOX","Disease","Disease","The code of the disease that is being reported.","REF","Yes","No","MPOX = MPOX
",,,,,,,,,,,,,,2022-03-01,,,
"MPOX","ReportingCountry","Reporting country","The country reporting the record.","LOCATION","Yes","No","consult the location values in Location sheet",,,,,,,,,,,,"Yes","Country",2022-03-01,,,
"MPOX","Status","Status","The Status value is used to provide the functionality for a record within EpiPulse Cases database. Default value: NEW/UPDATE. If set to DELETE, the record with the specified NationalRecordId is deleted (invalidated) from EpiPulse Cases database, if it exists. If set to NEW/UPDATE, the record is inserted into the database: If the same NationalRecordId already exists for the same data source and subject code, then the current submitted record updates (replace) the existing one.","REF","No","No","DELETE = Delete a previously reported record.
NEW/UPDATE = Update a previously reported record (default).
",,,,,,,,,,,,,,2022-03-01,,,
"MPOX","SubjectCode","Subject code","SubjectCode is a reporting model for a disease/health topic - identifies the reporting structure and format of a record (case based or aggregate reporting).","REF","Yes","No","MPOX = MPOX
",,,,,,,,,,,,,,2022-03-01,,,
"MPOX","NationalRecordId","National record identifier","Unique identifier for each record within and across the specified surveillance system (data source) – selected and generated by the country reporting the record.","TEXT","Yes","No",,,80,,,,,,,,,,,,2022-03-01,,1,1
"MPOX","DataSource","Data source","The data source (surveillance system) that the record originates from.","DATASOURCE","Yes","No","consult the data source values in DataSource sheet",,,,,,,,,,,,,,2022-03-01,,1,2
"MPOX","DateUsedForStatistics","Date used for statistics","Date when the case report is notified the first time to the place of notification.","DATE","Yes","No",,,,,,,,"No",2022-03-01,,"yyyy-mm-dd","DateOfOnset,DateOfDiagnosis,DateUsedForStatistics",,,2022-03-01,,1,3
"MPOX","Age","Age","Age of patient in years as reported in the national system at the time of disease onset.","NUM","No","No",,,,0,125,,0,,,,,,,,2022-03-01,,2,1
"MPOX","AgeMonth","Age in months","Age of patient in months at diagnosis for cases < 2 years of age at the time of diagnosis.","NUM","No","No",,,,0,23,,0,,,,,,,,2022-03-01,,2,2
"MPOX","Gender","Gender","Gender of the reported record.","REF","No","No","F = Female
M = Male
OTH = Other
",,,,,,,,,,,,,,2022-03-01,,2,3
"MPOX","GenderOther","Gender other","Gender not captured in the reference values for Gender variable as indicated by OTH response for Gender variable (e.g. transgender man or transgender woman).","TEXT","No","No",,,4000,,,,,,,,,,,,2022-03-01,,2,4
"MPOX","CaseClassification","Classification","Case classification according to the case definition used.","REF","Yes","No","CONF = Confirmed
PROB = Probable
",,,,,,,,,,,,,,2022-03-01,,2,5
"MPOX","CaseDefinition","Case definition","Case definition used for the classification of the case (see Annex 2 of the reporting protocol for the ECDC and WHO case definitions).","REF","No","No","ECDC = ECDC case definition
NAT = National
WHO = WHO case definition (prior to Interim Guidance from 25 August 2022)
WHO_Aug2022 = WHO case definition (Interim Guidance from 25 August 2022)
",,,,,,,,,,,,,,2022-03-01,,2,6
"MPOX","DateOfOnset","Date of onset of disease","Date of onset of symptoms. Not applicable in asymptomatic cases.","DATE","No","No",,,,,,,,"No",2022-03-01,,"yyyy-mm-dd","DateOfOnset,DateOfDiagnosis,DateUsedForStatistics",,,2022-03-01,,2,7
"MPOX","DateOfDiagnosis","Date of diagnosis","First date of clinical or laboratory diagnosis.","DATE","No","No",,,,,,,,"No",2022-03-01,,"yyyy-mm-dd","DateOfOnset,DateOfDiagnosis,DateUsedForStatistics",,,2022-03-01,,2,8
"MPOX","DateOfDeath","Date of death","Date of death.","DATE","No","No",,,,,,,,"No",2022-03-01,,"yyyy-mm-dd",,,,2022-03-01,,2,9
"MPOX","EpiLinked","Epidemiological link","Epidemiological link to a confirmed or probable case.","BOOL","No","No",,,,,,,,,,,,,,,2022-03-01,,2,10
"MPOX","PlaceOfNotification","Place of notification","Place of the first notification of the case to a regional authority. Select the most detailed NUTS level possible.","LOCATION","No","No","consult the location values in Location sheet",,,,,,,,,,,,"Yes","Country,GAUL1,GAUL2,NUTS1,NUTS2,NUTS3",2022-03-01,,2,11
"MPOX","ClinicalCriteria","Clinical criteria (symptoms)","Clinical symptoms including rash/fever/lymphadenopathy at any point during the illness.","REF","No","Yes","ASY = Asymptomatic
CHILLS = Chills or sweats
CONJ = Conjunctival presentation
COUGH = Dry or productive cough
DIARR = Diarrhoea
FATIGUE = Fatigue
FEVER = Fever above 38C or history of fever (temp not measured)
GENITAL = Anogenital dermatological skin/mucosal lesions
GENITEDEM = Genital soft-tissue edema/swelling
HEAD = Headache
LOCALLYMPH = Localised lymphadenopathy
LYMPH = Generalised lymphadenopathy
LYMPHLOCUNK = Lymphadenopathy where the location is not known
MUSC = Muscle pain (myalgia)
ORAL = Oral dermatological skin/mucosal lesions
OTH = Other
PROCT = Anogenital pain and /or bleeding
RASH = Skin/mucosal lesions excluding oral or anogenital areas
RASHLOCUNK = Skin/mucosal lesions where the location is not known
RESP = Respiratory symptoms
SORETHR = Sore throat
VOMIT = Nausea/vomiting
",,,,,,,,,,,,,,2022-03-01,,3,1
"MPOX","ClinicalCriteriaOther","Clinical criteria (symptoms) other","Clinical symptoms not captured in the reference values for ClinicalCriteria variable as indicated by OTH response for ClinicalCriteria variable.","TEXT","No","No",,,4000,,,,,,,,,,,,2022-03-01,,3,2
"MPOX","Outcome","Outcome of case","Information on whether the case is alive (still ill, recovered, cured) or deceased. If choose ""D"" (Died) - the death should be due to the reported disease. If patient died but for other or unknown reasons please choose the other options.","REF","No","No","A = Alive
D = Died
DIEDOTH = Died for other reasons
DIEDUNK = Cause of death unknown
",,,,,,,,,,,,,,2022-03-01,,3,3
"MPOX","HospitalisationStatus","Hospitalisation status","Information if case was admitted to hospital.","REF","No","No","N = No
YISOL = Yes for isolation purposes
YTREAT = Yes due to clinical need
YUNK = Yes for unknown reason
",,,,,,,,,,,,,,2022-03-01,,3,4
"MPOX","IntensiveCare","Intensive care","Information if case was admitted to an intensive care unit or high dependency unit (unit with capabilities for more intensive observation, treatment and nursing care than can be provided on a regular ward).","BOOL","No","No",,,,,,,,,,,,,,,2022-03-01,,3,5
"MPOX","ComplicationDiagnosis","Complication diagnosis","Complications related to the current MPOX event.","REF","No","Yes","ARDS = Acute respiratory distress syndrome
ENCEPH = Encephalitis
KERATITIS = Corneal infection
LRTI = Lower respiratory tract infection (e.g. pneumonia)
MENIENCEPH = Meningoencephalitis
MYOCARD = Myocarditis
NONE = None
OTH = Other
OTHBAC = Other secondary bacterial infection
RETROPHARYNXABSC = Retropharyngeal abscess
SEPSIS = Sepsis
SSTI = Skin and/or soft-tissue infection due to secondary bacterial infection
STILLBIRTH = Still birth as pregnancy outcome in a case
",,,,,,,,,,,,,,2022-03-01,,3,6
"MPOX","ComplicationDiagnosisOther","Complication diagnosis other","Other reported complications, not found in the list of possible values. Please separate using a semi-colon (;) if multiple.","TEXT","No","Yes",,,4000,,,,,,,,,,,,2022-03-01,,3,7
"MPOX","VaccinationStatus","Vaccination status on current MPOX event/outbreak","Indicates if the case is vaccinated and number of vaccine doses received related to the current MPOX event/outbreak.","REF","No","No","1DOSE = 1 dose
2DOSE = 2 doses
3DOSE = 3 doses
NOTVACC = Not vaccinated
UNKDOSE = Vaccinated, dose unknown
",,,,,,,,,,,,,,2022-03-01,,3,8
"MPOX","DateOfVaccinationDose1","Date of first dose smallpox/MPOX vaccination","Date of first smallpox/MPOX vaccination dose.","DATE","No","No",,,,,,,,"No",,,"yyyy-mm-dd,yyyy-Www",,,,2022-03-01,,3,9
"MPOX","VaccinationPurposeDose1","Context for first dose smallpox/MPOX vaccination","Information on the strategy context for vaccination with first smallpox/MPOX vaccination dose related to current MPOX event/outbreak.","REF","No","No","OTH = Other
POSTEXP = Vaccinated for post-exposure prophylaxis for current event
PREEXP = Vaccinated for pre-exposure prophylaxis for current event
",,,,,,,,,,,,,,2022-03-01,,3,10
"MPOX","DateOfVaccinationDose2","Date of second dose smallpox/MPOX vaccination","Date of second smallpox/MPOX vaccination dose.","DATE","No","No",,,,,,,,"No",,,"yyyy-mm-dd,yyyy-Www",,,,2022-03-01,,3,11
"MPOX","VaccinationPurposeDose2","Context for second dose smallpox/MPOX vaccination","Information on the strategy context for vaccination with second smallpox/MPOX vaccination dose related to current MPOX event/outbreak.","REF","No","No","OTH = Other
POSTEXP = Vaccinated for post-exposure prophylaxis for current event
PREEXP = Vaccinated for pre-exposure prophylaxis for current event
",,,,,,,,,,,,,,2022-03-01,,3,12
"MPOX","PreviousPoxVaccination","Previous smallpox vaccination","Information if case has been previously vaccinated with a smallpox vaccine unrelated to the current MPOX event/outbreak.","BOOL","No","No",,,,,,,,,,,,,,,2022-03-01,,3,13
"MPOX","PreviousMPOX","Previous MPOX infection","Information if case has been previously diagnosed with MPOX.","BOOL","No","No",,,,,,,,,,,,,,,2022-03-01,,3,14
"MPOX","DateOfPreviousMPOX","Previous MPOX infection date","Date of previous MPOX diagnosis. If date of diagnosis is unknown, date of symptom onset or date of notification can be used.","DATE","No","No",,,,,,,,"No",,,"yyyy,yyyy-mm,yyyy-mm-dd,yyyy-Www",,,,2022-03-01,,3,15
"MPOX","PreviousMPOXclade","Previous MPOX clade","Clade of the genomically characterised MPOX virus in a previous infection. Please reporting using the option that provides the most specific data for the case, ie, sub-clade if information is available or clade, if information on sub-clade is not available).","REF","No","No","I = Clade I (for cases where clade is known without subclade identification)
Ia = Clade Ia
Ib = Clade Ib
II = Clade II (for cases where clade is known without subclade identification)
IIa = Clade IIa
IIb = Clade IIb
",,,,,,,,,,,,,,2022-03-01,,3,16
"MPOX","HIVStatus","HIV status","HIV status of case.","REF","No","No","NEG = Negative
POS = Positive
",,,,,,,,,,,,,,2022-03-01,,3,17
"MPOX","PrEPHIV","Pre-exposure prophylaxis for HIV","Used pre-exposure prophylaxis for HIV any time in the past year from diagnosis of MPOX.","BOOL","No","No",,,,,,,,,,,,,,,2022-03-01,,3,18
"MPOX","PathogenDetectionMethod","Pathogen detection method (laboratory)","Pathogen detection method (laboratory) used for case confirmation.","REF","No","Yes","EM = Virus detection by electron microscopy
ISOV = Isolation of virus
MPOXPCR = Positive MPOX virus-specific PCR
ORTPOXPCR = Positive orthopox virus PCR
SEQ = Sequencing
SERO = Serology
",,,,,,,,,,,,,,2022-03-01,,4,1
"MPOX","Specimen","Specimen","Type of specimen used for diagnosis.","REF","No","Yes","CRUST = Lestion crust
CSF = Cerebrospinal fluid
GENITAL = Genital swab
OROPH = Oropharyngeal swab
OTH = Other
RECTAL = Rectal swab
SEM = Semen
SER = Serum
SWAB = Lesion swab
URINE = Urine
",,,,,,,,,,,,,,2022-03-01,,4,2
"MPOX","SpecimenOther","Specimen other","Specimen not captured in the reference values for Specimen variable as indicated by OTH response for Specimen variable.","TEXT","No","Yes",,,4000,,,,,,,,,,,,2022-03-01,,4,3
"MPOX","GenomicCharacterization","Genomic characterization","Information if genomic characterisation has been carried out.","BOOL","No","No",,,,,,,,,,,,,,,2022-03-01,,4,4
"MPOX","Clade","Clade","Clade of the genomically characterised MPOX virus.","REF","No","No","I = Clade I (for cases where clade is known without subclade identification)
Ia = Clade Ia
Ib = Clade Ib
II = Clade II (for cases where clade is known without subclade identification)
IIa = Clade IIa
IIb = Clade IIb
",,,,,,,,,,,,,,2022-03-01,,4,5
"MPOX","WgsAccession","Wgs accession identifier","European Nucleotide Archive (ENA) run identifier, based on which the sequence read data can be retrieved / Sequence Read Archive (SRA) run identifier, based on which the sequence read data can be retrieved. Starts with ERR or SRR, i.e. not the sample or experiment which ERS/ERX or SRS/SRX.","TEXT","No","No",,,4000,,,,,,,,,,,,2022-03-01,,4,6
"MPOX","TravelStatus","Travel status","Having been outside the country of notification during the incubation period of the reported disease.","REF","No","No","C = Contact of case that travelled
N = No
Y = Yes
",,,,,,,,,,,,,,2022-03-01,,5,1
"MPOX","TravelPlaces","Travel places","Regions (up to NUTS3 level) visited in the three weeks before onset of symptoms. Select the most detailed NUTS level possible. If the region visited is not in an EU/EEA country, then use GAUL nomenclature. Note this is a repeatable field.","LOCATION","No","Yes","consult the location values in Location sheet",,,,,,,,,,,,"No","Country,GAUL1,GAUL2,NUTS1,NUTS2,NUTS3",2022-03-01,,5,2
"MPOX","SexualBehaviour","Sexual behaviour","This variable captures sexual behaviour over the past 30 days.","REF","No","No","BISEXUAL = Bisexual
HETERO = Heterosexual, sex with members of the opposite sex
MSM = Men who have sex with men
OTH = Other
WSW = Women who have sex with women
",,,,,,,,,,,,,,2022-03-01,,5,3
"MPOX","ModeOfTransmission","Mode of transmission","Most likely mode of transmission.","REF","No","No","ANIMAL = Animal to human transmission
FOMITE = Contact with contaminated material (e.g bedding, clothing, objects
HAI = Healthcare-associated
LAB = Transmission in a laboratory due to occupational exposure
MTCT = Mother-to-child transmission
OTH = Other
PTP = Person-to-person (faecal-oral, excl. mother-to-child and sexual transmission)
SEX = Sexual transmission
TRANSFU = Transfusion recipient
",,,,,,,,,,,,,,2022-03-01,,5,4
"MPOX","ModeOfTransmissionOther","Mode of transmission other","Transmission mode not captured in the reference values for ModeOfTransmission variable as indicated by OTH response for ModeOfTransmission variable.","TEXT","No","No",,,4000,,,,,,,,,,,,2022-03-01,,5,5
"MPOX","HealthCareWorker","Health care worker","Information on whether the case is a healthcare worker or not.","BOOL","No","No",,,,,,,,,,,,,,,2022-03-01,,5,6
"MPOX","ImmunoCompromised","ImmunoCompromised","Information, if case is immunocompromised.","REF","No","No","N = No
YD = Yes, due to disease
YM = Yes, due to medication
YRU = Yes, reason unknown
",,,,,,,,,,,,,,2022-03-01,,5,7
"MPOX","SettingOfInfection","Setting of infection (exposure)","Location of exposure in the 21 days before disease onset.","REF","No","Yes","BAR = Bar/restaurant or other small event where there was no sexual contact
HCS = Health care setting
HOME = Private household
HOMEABROAD = Household in a country other than the reporting country
LARGE = Large event with no sexual contact (e.g., festival or sports event)
LARGECNT = Large event with sexual contact
OTH = Other
PARTY = Sexual contact at night club/private party/sauna or similar setting
PLANE = Airplane
SCH = School
WORK = Workplace
",,,,,,,,,,,,,,2022-03-01,,5,8
"MPOX","SettingOfInfectionOther","Setting of infection (exposure) other","Details on place of exposure if SettingOfInfection is ""OTH"" or any organised event.","TEXT","No","No",,,4000,,,,,,,,,,,,2022-03-01,,5,9
"MUMP","Disease","Disease","The code of the disease that is being reported.","REF","No","No","MUMP = Mumps
",,,,,,,,,,,,,,1970-01-01,,,
"MUMP","ReportingCountry","ReportingCountry","The country reporting the record.","LOCATION","Yes","No","consult the location values in Location sheet",,,,,,,,,,,,"Yes","Country",1970-01-01,,,
"MUMP","Status","Status","The Status value is used to provide the functionality for a record within EpiPulse Cases database. Default value: NEW/UPDATE. If set to DELETE, the record with the specified NationalRecordId is deleted (invalidated) from EpiPulse Cases database, if it exists. If set to NEW/UPDATE, the record is inserted into the database: If the same NationalRecordId already exists for the same data source and subject code, then the current submitted record updates (replace) the existing one.","REF","No","No","DELETE = Delete a previously reported record.
NEW/UPDATE = Update a previously reported record (default).
",,,,,,,,,,,,,,1970-01-01,,,
"MUMP","SubjectCode","Subject code","SubjectCode is a reporting model for a disease/health topic - identifies the reporting structure and format of a record (case based or aggregate reporting).","REF","Yes","No","MUMP = Mumps
",,,,,,,,,,,,,,1970-01-01,,,
"MUMP","NationalRecordId","National record identifier","Unique identifier for each record within and across the specified surveillance system (data source) – selected and generated by the country reporting the record.","TEXT","Yes","No",,,80,,,,,,,,,,,,1970-01-01,,1,1
"MUMP","DataSource","Data source","The data source (surveillance system) that the record originates from. The DataSource value must be a special reference value from EpiPulse Cases metadata.","DATASOURCE","Yes","No","consult the data source values in DataSource sheet",,,,,,,,,,,,,,1970-01-01,,1,2
"MUMP","DateUsedForStatistics","Date used for statistics","The reference date used for standard reports that is compared to the reporting period. The date used for statistics can be any date that the reporting country finds applicable, e.g. date of notification, date of diagnosis or any other date.","DATE","Yes","No",,,,,,,,"No",,,"yyyy,yyyy-mm,yyyy-mm-dd,yyyy-Qq,yyyy-Www",,,,1970-01-01,,1,3
"MUMP","Age","Age","Age of patient in years as reported in the national system at the time of disease onset.","NUM","No","No",,,,0,125,,0,,,,,,,,1970-01-01,,2,1
"MUMP","AgeMonth","Age in months","Age of patient in months as reported in the national system for cases < 2 years of age at the time of disease onset.","NUM","No","No",,,,0,23,,0,,,,,,,,1970-01-01,,2,2
"MUMP","Gender","Gender","Gender of the reported record.","REF","No","No","F = Female
M = Male
OTH = Other
",,,,,,,,,,,,,,1970-01-01,,2,3
"MUMP","PlaceOfResidence","Place of residence","Place of residence of patient at the time of disease onset. Select the most detailed NUTS level possible.","LOCATION","No","No","consult the location values in Location sheet",,,,,,,,,,,,"No","Country,NUTS1,NUTS2,NUTS3",1970-01-01,,2,4
"MUMP","PlaceOfNotification","Place of notification","Place of the first notification of the case to a regional authority. Select the most detailed NUTS level possible.","LOCATION","No","No","consult the location values in Location sheet",,,,,,,,,,,,"Yes","Country,NUTS1,NUTS2,NUTS3",1970-01-01,,2,5
"MUMP","CaseClassification","Case classification","Case classification according to EU case definition.","REF","Yes","No","CONF = Confirmed
POSS = Possible
PROB = Probable
",,,,,,,,,,,,,,1970-01-01,,3,1
"MUMP","DateOfOnset","Date of onset of disease","Date of onset of disease.","DATE","No","No",,,,,,,,"No",,,"yyyy,yyyy-mm,yyyy-mm-dd,yyyy-Qq",,,,1970-01-01,,3,2
"MUMP","DateOfNotification","Date of notification","Date when the case report is first notified to public health authorities.","DATE","Yes","No",,,,,,,,"No",,,"yyyy,yyyy-mm,yyyy-mm-dd,yyyy-Qq,yyyy-Www",,,,1970-01-01,,3,3
"MUMP","Hospitalisation","Hospitalisation","History of hospitalisation due to the disease or related complications. Hospitalisation defined as at least one overnight stay.","BOOL","No","No",,,,,,,,,,,,,,,1970-01-01,,3,4
"MUMP","Outcome","Outcome of case","Information on whether the case is alive or deceased. The death should be due to the reported disease.","REF","No","No","A = Alive
D = Died
",,,,,,,,,,,,,,1970-01-01,,3,5
"MUMP","ClinicalCriteria","Clinical presentation (criteria) of the case","Clinical presentation of the disease according to EU case definition.","REF","No","Yes","MENI = Meningitis/Meningeal/Meningoencephalitic
ORCH = Orchitis
OTH = Other
PAROT = Swelling of the parotid gland
",,,,,,,,,,,,,,1970-01-01,,3,6
"MUMP","ComplicationDiagnosis","Complication diagnosis","Complications of mumps. Can be repeated if several complications have occurred.","REF","No","Yes","ENCEPH = Encephalitis
MENI = Meningitis
NONE = None
ORCH = Orchitis
OTH = Other
PANC = Pancreatitis
",,,,,,,,,,,,,,1970-01-01,,3,7
"MUMP","Genotype","Genotype","Mumps virus genotype.","REF","No","No","MUMPV_A = Mumps virusGenotype A
MUMPV_B = Mumps virusGenotype B
MUMPV_C = Mumps virusGenotype C
MUMPV_D = Mumps virusGenotype D
MUMPV_F = Mumps virusGenotype F
MUMPV_G = Mumps virusGenotype G
MUMPV_H = Mumps virusGenotype H
MUMPV_I = Mumps virusGenotype I
MUMPV_J = Mumps virusGenotype J
MUMPV_K = Mumps virusGenotype K
MUMPV_L = Mumps virusGenotype L
MUMPV_N = Mumps virusGenotype N
",,,,,,,,,,,,,,1970-01-01,,3,8
"MUMP","ClusterRelated","Cluster related","Is the case part of an outbreak/cluster?","BOOL","No","No",,,,,,,,,,,,,,,1970-01-01,,3,9
"MUMP","ClusterId","Cluster identification","Unique identifier of the cluster as provided by the country epidemiologist.","TEXT","No","No",,,80,,,,,,,,,,,,1970-01-01,,3,10
"MUMP","ClusterSetting","Cluster setting","Setting of the cluster (for epidemiologically-linked cases).","REF","No","Yes","CHILDCARE = Kindergarten or child care
FAM = Family
MIL = Military
NOS = Nosocomial (hospital)
OTH = Other
SCH = School
SPORT = Sports team
UNI = University
",,,,,,,,,,,,,,1970-01-01,,3,11
"MUMP","DateOfLastVaccination","Date of last vaccination","Date of administration of the last vaccination dose - indicates the date when the last dose of vaccine was given before disease onset (if exact date is not known, then provide month or year).","DATE","No","No",,,,,,,,"No",,,"yyyy,yyyy-mm,yyyy-mm-dd,yyyy-Qq",,,,1970-01-01,,3,12
"MUMP","VaccinationStatus","Vaccination status","Indicates if the case is vaccinated and number of vaccine doses received.","REF","No","No","10DOSE = 10 doses
1DOSE = 1 dose
2DOSE = 2 doses
3DOSE = 3 doses
4DOSE = 4 doses
5DOSE = 5 doses
6DOSE = 6 doses
7DOSE = 7 doses
8DOSE = 8 doses
9DOSE = 9 doses
NOTVACC = Not vaccinated
UNKDOSE = Vaccinated, dose unknown
",,,,,,,,,,,,,,1970-01-01,,3,13
"MUMPAGGR","Disease","Disease","The code of the disease that is being reported.","REF","No","No","MUMP = Mumps
",,,,,,,,,,,,,,1970-01-01,,,
"MUMPAGGR","ReportingCountry","Reporting country","The country reporting the record.","LOCATION","Yes","No","consult the location values in Location sheet",,,,,,,,,,,,"Yes","Country",1970-01-01,,,
"MUMPAGGR","SubjectCode","Subject code","SubjectCode is a reporting model for a disease/health topic - identifies the reporting structure and format of a record (case based or aggregate reporting).","REF","Yes","No","MUMPAGGR = Mumps aggregated
",,,,,,,,,,,,,,1970-01-01,,,
"MUMPAGGR","DataSource","Data source","The data source (surveillance system) that the record originates from. The DataSource value must be a special reference value from EpiPulse Cases metadata.","DATASOURCE","Yes","No","consult the data source values in DataSource sheet",,,,,,,,,,,,,,1970-01-01,,1,1
"MUMPAGGR","DateUsedForStatistics","Date used for statistics","The reference date used for standard reports that is compared to the reporting period. The date used for statistics can be any date that the reporting country finds applicable, e.g. date of notification, date of diagnosis or any other date.","DATE","Yes","No",,,,,,,,"No",,,"yyyy,yyyy-mm,yyyy-Qq",,,,1970-01-01,,1,2
"MUMPAGGR","AgeGroup","Age group","Age group of the reported record.","REF","No","No","Age00 = 0 years old
Age01_04 = 1 - 4 years old
Age05_09 = 5 - 9 years old
Age10_14 = 10 - 14 years old
Age15_19 = 15 - 19 years old
Age20_24 = 20 - 24 years old
Age20_29 = 20 - 29 years old
Age25_29 = 25 - 29 years old
Age30+ = 30+ years old
Age30_34 = 30 - 34 years old
Age35_39 = 35 - 39 years old
Age40_44 = 40 - 44 years old
Age45_49 = 45 - 49 years old
Age50_54 = 50 - 54 years old
Age55_59 = 55 - 59 years old
Age60_64 = 60 - 64 years old
Age65+ = 65+ years old
",,,,,,,,,,,,,,1970-01-01,,1,3
"MUMPAGGR","Gender","Gender","Gender of the reported record.","REF","No","No","F = Female
M = Male
OTH = Other
",,,,,,,,,,,,,,1970-01-01,,1,4
"MUMPAGGR","CaseClassification","Case classification","Case classification according to EU case definition.","REF","No","No","CONF = Confirmed
POSS = Possible
PROB = Probable
",,,,,,,,,,,,,,1970-01-01,,1,5
"MUMPAGGR","VaccinationStatus","Vaccination status","Indicates if the case is vaccinated and number of vaccine doses received.","REF","No","No","1DOSE = 1 dose
2DOSE = 2 doses
3DOSE = 3 doses
4DOSE = 4 doses
NOTVACC = Not vaccinated
UNKDOSE = Vaccinated, dose unknown
",,,,,,,,,,,,,,1970-01-01,,1,6
"MUMPAGGR","NumberOfCases","Number of cases","Total number of cases during the reported period for the specified disease.","NUM","Yes","No",,,,0,999999999,,0,,,,,,,,1970-01-01,,1,7
"MYCOISO","HealthTopic","Health topic","The code of the health topic that is being reported.","REF","No","No","MYCOISO = Mycobacterium isolate
",,,,,,,,,,,,,,1970-01-01,,,
"MYCOISO","ReportingCountry","Reporting country","The country reporting the record.","LOCATION","Yes","No","consult the location values in Location sheet",,,,,,,,,,,,"Yes","Country",1970-01-01,,,
"MYCOISO","Status","Status","The Status value is used to provide the functionality for a record within EpiPulse Cases database. Default value: NEW/UPDATE. If set to DELETE, the record with the specified NationalRecordId is deleted (invalidated) from EpiPulse Cases database, if it exists. If set to NEW/UPDATE, the record is inserted into the database: If the same NationalRecordId already exists for the same data source and subject code, then the current submitted record updates (replace) the existing one.","REF","No","No","DELETE = Delete a previously reported record.
NEW/UPDATE = Update a previously reported record (default).
",,,,,,,,,,,,,,1970-01-01,,,
"MYCOISO","SubjectCode","Subject code","SubjectCode is a reporting model for a disease/health topic - identifies the reporting structure and format of a record (case based or aggregate reporting).","REF","Yes","No","MYCOISO = Mycobacterium isolate
",,,,,,,,,,,,,,1970-01-01,,,
"MYCOISO","NationalRecordId","National record identifier","Unique identifier for each record within and across the specified surveillance system (data source) – selected and generated by the country reporting the record.","TEXT","Yes","No",,,80,,,,,,,,,,,,1970-01-01,,1,1
"MYCOISO","DataSource","Data source","The data source (surveillance system) that the record originates from. The DataSource value must be a special reference value from EpiPulse Cases metadata.","DATASOURCE","Yes","No","consult the data source values in DataSource sheet",,,,,,,,,,,,,,1970-01-01,,1,2
"MYCOISO","DateUsedForStatistics","Date used for statistics","The reference date used for standard reports that is compared to the reporting period. The date used for statistics can be any date that the reporting country finds applicable, e.g. date of notification, date of diagnosis or any other date.","DATE","Yes","No",,,,,,,,"No",,,"yyyy-mm-dd",,,,1970-01-01,,1,3
"MYCOISO","CaseId","Case identifier","This variable enables the linking of a case record to the isolate record. Use the NationalRecordId of the case for this purpose.","TEXT","No","No",,,80,,,,,,,,,,,,1970-01-01,,1,4
"MYCOISO","Age","Age","Age of patient in years as reported in the national system at the time of disease onset.","NUM","No","No",,,,0,125,,0,,,,,,,,1970-01-01,,2,1
"MYCOISO","Gender","Gender","Gender of the reported record.","REF","No","No","F = Female
M = Male
OTH = Other
",,,,,,,,,,,,,,1970-01-01,,2,2
"MYCOISO","BornReportingCountry","Born in the country of report","If the origin of the patient cannot be recognized by the place of birth, then it should be recognized by the nationality.","BOOL","No","No",,,,,,,,,,,,,,,1970-01-01,,2,3
"MYCOISO","CountryOfBirth","Country of birth of patient","Identifies the country where the patient was born. Countries are defined by their current borders. For patients born in countries which do not exist any more, please use the code of the closest current country. Only report CountryOfBirth or CountryOfNationality, leave the other blank.","LOCATION","No","No","consult the location values in Location sheet",,,,,,,,,,,,"No","Country",1970-01-01,,2,4
"MYCOISO","NationalityReportingCountry","Citizen of the country of report","Origin of the patient (based on citizenship). Be aware that nationality equals to citizenship.","BOOL","No","No",,,,,,,,,,,,,,,1970-01-01,,2,5
"MYCOISO","CountryOfNationality","Country of nationality of patient","This variable identifies the country of nationality of the patient at the time of notification as it is stated in the passport.","LOCATION","No","No","consult the location values in Location sheet",,,,,,,,,,,,"No","Country",1970-01-01,,2,6
"MYCOISO","PlaceOfResidence","Place of residence","Place of residence of patient at the time of disease onset. Select the most detailed NUTS level possible.","LOCATION","No","No","consult the location values in Location sheet",,,,,,,,,,,,"No","NUTS1,NUTS2,NUTS3",1970-01-01,,2,7
"MYCOISO","ItemCode","Item code","Code of related EpiPulse item.","TEXT","No","No",,"^[0-9]{4}-[A-Z]{3}-[0-9]{5}$",14,,,,,,,,,,,,1970-01-01,,2,8
"MYCOISO","DateOfSampling","Date of sampling","Date the sample from which the isolate was derived was taken.","DATE","No","No",,,,,,,,"No",,,"yyyy-mm-dd","DateOfSampling,DateOfReceiptSourceLab,DateOfReceiptReferenceLab",,,1970-01-01,,3,1
"MYCOISO","DateOfReceiptSourceLab","Date of receipt source laboratory","Date of receipt in source laboratory, i.e. the laboratory the sample was first sent to.","DATE","No","No",,,,,,,,"No",,,"yyyy-mm-dd","DateOfSampling,DateOfReceiptSourceLab,DateOfReceiptReferenceLab",,,1970-01-01,,3,2
"MYCOISO","DateOfReceiptReferenceLab","Date of receipt reference laboratory","Date of receipt in reference laboratory or typing laboratory with reference function.","DATE","Yes","No",,,,,,,,"No",,,"yyyy-mm-dd","DateOfSampling,DateOfReceiptSourceLab,DateOfReceiptReferenceLab",,,1970-01-01,,3,3
"MYCOISO","SampleId","Sample identifier","Unique identifier for each sample within the lab system, allowing to link isolates derived from the same sample.","TEXT","No","No",,,1000,,,,,,,,,,,,1970-01-01,,3,4
"MYCOISO","SampleOrigin","Sample origin","Source that the isolate was obtained from: human, food, animal, environmental, etc.","REF","No","No","ANIMAL = Animal
HUMAN = Human
OTH = Other
",,,,,,,,,,,,,,1970-01-01,,3,5
"MYCOISO","Specimen","Specimen","The relevant specimen type used for diagnosis of the case.","REF","No","No","BAL = Broncho alveolar lavage
BLOOD = Blood
BONE = Bone marrow
CSF = Cerebrospinal fluid
GF = Gastric fluid
LUNGTISSUE = Lung tissue
OTH = Other
PLEURAL = Pleural effusion
SKIN = Skin
SPUTUM = Sputum including induced sputum
URINE = Urine
",,,,,,,,,,,,,,1970-01-01,,3,6
"MYCOISO","Pathogen","Pathogen","Species determination within M. tuberculosis complex.","REF","No","No","MAFRICA = Mycobacterium africanum
MBOVIS = Mycobacterium bovis (except M. bovis BCG)
MCAPRAE = Mycobacterium caprae
MTUBE = Mycobacterium tuberculosis
MTUBECOMPOTH = Mycobacterium tuberculosis complex, not specified
",,,,,,,,,,,,,,1970-01-01,,3,7
"MYCOISO","WgsProtocol","Wgs protocol","Protocol used for sequencing, limited to the sequencing technology used (today Illumina or IonTorrent) and the read length.","REF","No","No","HYBRID = 1-2 short read files (any technology, <1000 bp) and one long read file (any technology, >1000 bp)
ILLUMINA = Illumina short read sequencing (<1000 bp)
IONTORRENT = IonTorrent
LONG = Long read sequencing (any technology, >1000 bp)
MGI = MGI short read sequencing (<1000 bp)
ONT = Oxford Nanopore long read sequencing (>1000 bp)
PACBIO = Pacific Biosciences long read sequencing (>1000 bp)
SHORT = Short read sequencing (any technology, <1000 bp)
",,,,,,,,,,,,,,1970-01-01,,4,1
"MYCOISO","WgsAccession","Wgs accession identifier","European Nucleotide Archive (ENA) / Sequence Read Archive (SRA) run identifier, based on which the sequence read data can be retrieved. Starts with ERR or SRR, i.e. not the sample or experiment which is ERS/ERX or SRS/SRX.","TEXT","No","No",,,4000,,,,,,,,,,,,1970-01-01,,4,2
"MYCOISO","WgsAssembler","Wgs assembler","The assembler used for sequencing, optionally including parameter settings.","REF","No","No","MAP_TO_LOCI1 = Mapping to individual loci, variant 1 for IonTorrent
SKESA = SKESA assembler
SPADES = SPAdes without read mapping and consensus calling
SPADES_READMAP = SPAdes either including or followed by read mapping and consensus calling
VELVET = Velvet without read mapping and consensus calling
VELVET_READMAP = Velvet using k-mer optimisation, and followed by read mapping and consensus calling
",,,,,,,,,,,,,,1970-01-01,,4,3
"MYCOISO$AST","SubjectCode","Subject code","SubjectCode is a reporting model for a disease/health topic - identifies the reporting structure and format of a record (case based or aggregate reporting).","REF","Yes","No","MYCOISO$AST = Mycobacterium isolate – antimicrobial susceptibility test
",,,,,,,,,,,,,,1970-01-01,,,
"MYCOISO$AST","NationalRecordId","Antimicrobial susceptibility test (AST) record identifier","Unique identifier for each antimicrobial susceptibility test (AST) - selected and generated by the country reporting the record.","TEXT","Yes","No",,,80,,,,,,,,,,,,1970-01-01,,1,1
"MYCOISO$AST","ParentNationalRecordId","Parent national record identifier","The corresponding parent identifier for each record (should exists in the upper level). A record with no corresponding parent identifier will be ignored and it will not be added to EpiPulse Cases database.","TEXT","Yes","No",,,80,,,,,,,,,,,,1970-01-01,,1,2
"MYCOISO$AST","AntimicrobialAgent","Antimicrobial agent (antibiotic)","Antibiotic tested against.","REF","Yes","No","AMK = Amikacin
BDQ = Bedaquiline
CAP = Capreomycin
CIP = Ciprofloxacin
CLF = Clofazimine
DLM = Delamanid
ETH = Ethambutol
ETI = Ethionamide
GAT = Gatifloxacin
INH = Isoniazid
KAN = Kanamycin
LNZ = Linezolid
LVX = Levofloxacin
MFX = Moxifloxacin
OFX = Ofloxacin
PTM = Pretomanid
PZA = Pyrazinamide
RIF = Rifampin
STR = Streptomycin
",,,,,,,,,,,,,,1970-01-01,,1,3
"MYCOISO$AST","ASTInterpretation","Antimicrobial susceptibility test (AST) interpretation","Final interpretation based on EUCAST clinical breakpoints or through prediction of wild type/non-wild type from resistance genes and resistance-associated mutations.","REF","No","No","I = Intermediate
R = Resistant
S = Susceptible
",,,,,,,,,,,,,,1970-01-01,,1,4
"PERT","Disease","Disease","The code of the disease that is being reported.","REF","No","No","PERT = Pertussis
",,,,,,,,,,,,,,1970-01-01,,,
"PERT","ReportingCountry","ReportingCountry","The country reporting the record.","LOCATION","Yes","No","consult the location values in Location sheet",,,,,,,,,,,,"Yes","Country",1970-01-01,,,
"PERT","Status","Status","The Status value is used to provide the functionality for a record within EpiPulse Cases database. Default value: NEW/UPDATE. If set to DELETE, the record with the specified NationalRecordId is deleted (invalidated) from EpiPulse Cases database, if it exists. If set to NEW/UPDATE, the record is inserted into the database: If the same NationalRecordId already exists for the same data source and subject code, then the current submitted record updates (replace) the existing one.","REF","No","No","DELETE = Delete a previously reported record.
NEW/UPDATE = Update a previously reported record (default).
",,,,,,,,,,,,,,1970-01-01,,,
"PERT","SubjectCode","Subject code","SubjectCode is a reporting model for a disease/health topic - identifies the reporting structure and format of a record (case based or aggregate reporting).","REF","Yes","No","PERT = Pertussis
",,,,,,,,,,,,,,1970-01-01,,,
"PERT","NationalRecordId","National record identifier","Unique identifier for each record within and across the specified surveillance system (data source) – selected and generated by the country reporting the record.","TEXT","Yes","No",,,80,,,,,,,,,,,,1970-01-01,,1,1
"PERT","DataSource","Data source","The data source (surveillance system) that the record originates from. The DataSource value must be a special reference value from EpiPulse Cases metadata.","DATASOURCE","Yes","No","consult the data source values in DataSource sheet",,,,,,,,,,,,,,1970-01-01,,1,2
"PERT","DateUsedForStatistics","Date used for statistics","The reference date used for standard reports that is compared to the reporting period. The date used for statistics can be any date that the reporting country finds applicable, e.g. date of notification, date of diagnosis or any other date.","DATE","Yes","No",,,,,,,,"No",,,"yyyy,yyyy-mm,yyyy-mm-dd,yyyy-Qq,yyyy-Www",,,,1970-01-01,,1,3
"PERT","Age","Age","Age of patient in years as reported in the national system at the time of disease onset.","NUM","No","No",,,,0,125,,0,,,,,,,,1970-01-01,,2,1
"PERT","AgeMonth","Age in months","Age of patient in months as reported in the national system for cases < 2 years of age at the time of disease onset.","NUM","No","No",,,,0,23,,0,,,,,,,,1970-01-01,,2,2
"PERT","Gender","Gender","Gender of the reported record.","REF","No","No","F = Female
M = Male
OTH = Other
",,,,,,,,,,,,,,1970-01-01,,2,3
"PERT","PlaceOfResidence","Place of residence","Place of residence of patient at the time of disease onset. Select the most detailed NUTS level possible.","LOCATION","No","No","consult the location values in Location sheet",,,,,,,,,,,,"No","Country,NUTS1,NUTS2,NUTS3",1970-01-01,,2,4
"PERT","PlaceOfNotification","Place of notification","Place of the first notification of the case to a regional authority. Select the most detailed NUTS level possible.","LOCATION","No","No","consult the location values in Location sheet",,,,,,,,,,,,"Yes","Country,NUTS1,NUTS2,NUTS3",1970-01-01,,2,5
"PERT","CaseClassification","Case classification","Case classification according to EU case definition.","REF","Yes","No","CONF = Confirmed
POSS = Possible
PROB = Probable
",,,,,,,,,,,,,,1970-01-01,,3,1
"PERT","DateOfOnset","Date of onset of disease","Date of onset of disease.","DATE","No","No",,,,,,,,"No",,,"yyyy,yyyy-mm,yyyy-mm-dd,yyyy-Qq",,,,1970-01-01,,3,2
"PERT","DateOfNotification","Date of notification","Date when the case report is first notified to public health authorities.","DATE","Yes","No",,,,,,,,"No",,,"yyyy,yyyy-mm,yyyy-mm-dd,yyyy-Qq,yyyy-Www",,,,1970-01-01,,3,3
"PERT","Hospitalisation","Hospitalisation","History of hospitalisation due to the disease or related complications. Hospitalisation defined as at least one overnight stay.","BOOL","No","No",,,,,,,,,,,,,,,1970-01-01,,3,4
"PERT","Outcome","Outcome of case","Information on whether the case is alive or deceased. The death should be due to the reported disease.","REF","No","No","A = Alive
D = Died
",,,,,,,,,,,,,,1970-01-01,,3,5
"PERT","PathogenDetectionMethod","Pathogen detection method","Pathogen detection method used to diagnose the case. More than one method can be reported.","REF","No","Yes","CULT = Culture
ORALIgG = IgG in oral fluid
PCR = PCR confirmation
SERO = Serology
",,,,,,,,,,,,,,1970-01-01,,3,6
"PERT","DateOfLastVaccination","Date of last vaccination","Date of administration of the last vaccination dose - indicates the date when the last dose of vaccine was given before disease onset (if exact date is not known, then provide month or year).","DATE","No","No",,,,,,,,"No",,,"yyyy,yyyy-mm,yyyy-mm-dd,yyyy-Qq",,,,1970-01-01,,3,7
"PERT","VaccinationStatus","Vaccination status","Indicates if the case is vaccinated and number of vaccine doses received.","REF","No","No","10DOSE = 10 doses
1DOSE = 1 dose
2DOSE = 2 doses
3DOSE = 3 doses
4DOSE = 4 doses
5DOSE = 5 doses
6DOSE = 6 doses
7DOSE = 7 doses
8DOSE = 8 doses
9DOSE = 9 doses
NOTVACC = Not vaccinated
UNKDOSE = Vaccinated, dose unknown
",,,,,,,,,,,,,,1970-01-01,,3,8
"PERT","VaccinationStatusMaternal","Vaccination status of mother","Vaccination status of mother during pregnancy for cases < 2 years of age at the time of disease onset.","BOOL","No","No",,,,,,,,,,,,,,,1970-01-01,,3,9
"PERT","GestationalAgeAtVaccination","Gestational age at time of maternal vaccination","If mother vaccinated during pregnacy, at what gestational age (in weeks).","NUM","No","No",,,,0,42,,0,,,,,,,,1970-01-01,,3,10
"PERTAGGR","Disease","Disease","The code of the disease that is being reported.","REF","No","No","PERT = Pertussis
",,,,,,,,,,,,,,1970-01-01,,,
"PERTAGGR","ReportingCountry","Reporting country","The country reporting the record.","LOCATION","Yes","No","consult the location values in Location sheet",,,,,,,,,,,,"Yes","Country",1970-01-01,,,
"PERTAGGR","SubjectCode","Subject code","SubjectCode is a reporting model for a disease/health topic - identifies the reporting structure and format of a record (case based or aggregate reporting).","REF","Yes","No","PERTAGGR = Pertussis aggregated
",,,,,,,,,,,,,,1970-01-01,,,
"PERTAGGR","DataSource","Data source","The data source (surveillance system) that the record originates from. The DataSource value must be a special reference value from EpiPulse Cases metadata.","DATASOURCE","Yes","No","consult the data source values in DataSource sheet",,,,,,,,,,,,,,1970-01-01,,1,1
"PERTAGGR","DateUsedForStatistics","Date used for statistics","The reference date used for standard reports that is compared to the reporting period. The date used for statistics can be any date that the reporting country finds applicable, e.g. date of notification, date of diagnosis or any other date.","DATE","Yes","No",,,,,,,,"No",,,"yyyy,yyyy-mm,yyyy-Qq",,,,1970-01-01,,1,2
"PERTAGGR","AgeGroup","Age group","Age group of the reported record.","REF","No","No","Age00 = 0 years old
Age01_04 = 1 - 4 years old
Age05_09 = 5 - 9 years old
Age10_14 = 10 - 14 years old
Age15_19 = 15 - 19 years old
Age20_24 = 20 - 24 years old
Age20_29 = 20 - 29 years old
Age25_29 = 25 - 29 years old
Age30+ = 30+ years old
Age30_34 = 30 - 34 years old
Age35_39 = 35 - 39 years old
Age40_44 = 40 - 44 years old
Age45_49 = 45 - 49 years old
Age50_54 = 50 - 54 years old
Age55_59 = 55 - 59 years old
Age60_64 = 60 - 64 years old
Age65+ = 65+ years old
",,,,,,,,,,,,,,1970-01-01,,1,3
"PERTAGGR","Gender","Gender","Gender of the reported record.","REF","No","No","F = Female
M = Male
OTH = Other
",,,,,,,,,,,,,,1970-01-01,,1,4
"PERTAGGR","CaseClassification","Case classification","Case classification according to EU case definition.","REF","No","No","CONF = Confirmed
POSS = Possible
PROB = Probable
",,,,,,,,,,,,,,1970-01-01,,1,5
"PERTAGGR","VaccinationStatus","Vaccination status","Indicates if the case is vaccinated and number of vaccine doses received.","REF","No","No","1DOSE = 1 dose
2DOSE = 2 doses
3DOSE = 3 doses
4DOSE = 4 doses
5DOSE = 5 doses
6DOSE = 6 doses
NOTVACC = Not vaccinated
UNKDOSE = Vaccinated, dose unknown
",,,,,,,,,,,,,,1970-01-01,,1,6
"PERTAGGR","NumberOfCases","Number of cases","Total number of cases during the reported period for the specified disease.","NUM","Yes","No",,,,0,999999999,,0,,,,,,,,1970-01-01,,1,7
"PNEU","Disease","Disease","The code of the disease that is being reported.","REF","No","No","PNEU = Invasive pneumococcal disease
",,,,,,,,,,,,,,1970-01-01,,,
"PNEU","ReportingCountry","ReportingCountry","The country reporting the record.","LOCATION","Yes","No","consult the location values in Location sheet",,,,,,,,,,,,"Yes","Country",1970-01-01,,,
"PNEU","Status","Status","The Status value is used to provide the functionality for a record within EpiPulse Cases database. Default value: NEW/UPDATE. If set to DELETE, the record with the specified NationalRecordId is deleted (invalidated) from EpiPulse Cases database, if it exists. If set to NEW/UPDATE, the record is inserted into the database: If the same NationalRecordId already exists for the same data source and subject code, then the current submitted record updates (replace) the existing one.","REF","No","No","DELETE = Delete a previously reported record.
NEW/UPDATE = Update a previously reported record (default).
",,,,,,,,,,,,,,1970-01-01,,,
"PNEU","SubjectCode","Subject code","SubjectCode is a reporting model for a disease/health topic - identifies the reporting structure and format of a record (case based or aggregate reporting).","REF","Yes","No","PNEU = Pneumococcal infection
",,,,,,,,,,,,,,1970-01-01,,,
"PNEU","NationalRecordId","National record identifier","Unique identifier for each record within and across the specified surveillance system (data source) – selected and generated by the country reporting the record.","TEXT","Yes","No",,,80,,,,,,,,,,,,1970-01-01,,1,1
"PNEU","DataSource","Data source","The data source (surveillance system) that the record originates from. The DataSource value must be a special reference value from EpiPulse Cases metadata.","DATASOURCE","Yes","No","consult the data source values in DataSource sheet",,,,,,,,,,,,,,1970-01-01,,1,2
"PNEU","DateUsedForStatistics","Date used for statistics","The reference date used for standard reports that is compared to the reporting period. The date used for statistics can be any date that the reporting country finds applicable, e.g. date of notification, date of diagnosis or any other date.","DATE","Yes","No",,,,,,,,"No",,,"yyyy,yyyy-mm,yyyy-mm-dd,yyyy-Qq,yyyy-Www",,,,1970-01-01,,1,3
"PNEU","NRLData","Data from NRL","If 1 (TRUE) - data is based on data from National Reference laboratory, if 0 (FALSE) - data is based on clinical and non-reference-laboratory data.","BOOL","No","No",,,,,,,,,,,,,,,1970-01-01,,1,4
"PNEU","Age","Age","Age of patient in years as reported in the national system at the time of disease onset.","NUM","No","No",,,,0,125,,0,,,,,,,,1970-01-01,,2,1
"PNEU","AgeMonth","Age in months","Age of patient in months as reported in the national system for cases < 2 years of age at the time of disease onset.","NUM","No","No",,,,0,23,,0,,,,,,,,1970-01-01,,2,2
"PNEU","Gender","Gender","Gender of the reported record.","REF","No","No","F = Female
M = Male
OTH = Other
",,,,,,,,,,,,,,1970-01-01,,2,3
"PNEU","PlaceOfResidence","Place of residence","Place of residence of patient at the time of disease onset. Select the most detailed NUTS level possible.","LOCATION","No","No","consult the location values in Location sheet",,,,,,,,,,,,"No","Country,NUTS1,NUTS2,NUTS3",1970-01-01,,2,4
"PNEU","PlaceOfNotification","Place of notification","Place of the first notification of the case to a regional authority. Select the most detailed NUTS level possible.","LOCATION","No","No","consult the location values in Location sheet",,,,,,,,,,,,"Yes","Country,NUTS1,NUTS2,NUTS3",1970-01-01,,2,5
"PNEU","CaseClassification","Case classification","Case classification according to EU case definition.","REF","No","No","CONF = Confirmed
",,,,,,,,,,,,,,1970-01-01,,3,1
"PNEU","DateOfDiagnosis","Date of diagnosis","First date of clinical or lab diagnosis. In case the DateOfOnset is missing this date is used for analysis.","DATE","No","No",,,,,,,,"No",,,"yyyy,yyyy-mm,yyyy-mm-dd,yyyy-Qq,yyyy-Www",,,,1970-01-01,,3,2
"PNEU","DateOfNotification","Date of notification","Date when the case report is first notified to public health authorities.","DATE","No","No",,,,,,,,"No",,,"yyyy-mm-dd",,,,1970-01-01,,3,3
"PNEU","Outcome","Outcome of the case","Information on whether the case is alive or deceased. The death should be due to the reported disease.","REF","No","No","A = Alive
D = Died
",,,,,,,,,,,,,,1970-01-01,,3,4
"PNEU","ClinicalCriteria","Clinical presentation (criteria) of the case","Clinical presentation of the disease.","REF","No","No","BACTERPNEUMO = Bacteraemic pneumonia
MENI = Meningitis/Meningeal/Meningoencephalitic
MENISEPTI = Meningitis and septicaemia
OTH = Other
SEPTI = Septicaemia
",,,,,,,,,,,,,,1970-01-01,,3,5
"PNEU","PathogenDetectionMethod","Pathogen detection method for typing","Pathogen detection method used for serotyping. More than one method can be reported.","REF","No","Yes","COAGG = Coagglutination
GDIFF = Gel diffusion
MPCR = Multiplex PCR
OTH = Other
PTEST = Pneumotest
QUE = Quellung
SLAGG = Slide agglutination
",,,,,,,,,,,,,,1970-01-01,,3,6
"PNEU","Serotype","Serotype","Serotype of the pathogen which is the cause of the reported disease.","REF","No","No","consult the reference values for 
SubjectCode = PNEU and Variable = Serotype",,,,,,,,,,,,,,1970-01-01,,3,7
"PNEU","DateOfLastVaccination","Date of last vaccination","Date of administration of the last vaccination dose - indicates the date when the last dose of vaccine was given before disease onset (if exact date is not known, then provide month or year).","DATE","No","No",,,,,,,,"No",,,"yyyy,yyyy-mm,yyyy-mm-dd,yyyy-Qq",,,,1970-01-01,,4,1
"PNEU","Vaccine","Type of pneumococcal vaccine","Type of pneumococcal vaccine; if the last vaccine given in the series was different from the vaccine with which the series was initiated, indicate the last vaccine in the series.","REF","No","No","PCV10 = Pneumococcal conjugate vaccine 10
PCV13 = Pneumococcal conjugate vaccine 13
PCV15 = Pneumococcal conjugate vaccine 15
PCV20 = Pneumococcal conjugate vaccine 20
PCV3 = Pneumococcal conjugate vaccine 3
PCV7 = Pneumococcal conjugate vaccine 7
PPV23 = Pneumococcal polysaccharide vaccine
",,,,,,,,,,,,,,1970-01-01,,4,2
"PNEU","VaccinationStatus","Vaccination status","Indicates if the case is vaccinated and number of vaccine doses received.","REF","No","No","10DOSE = 10 doses
1DOSE = 1 dose
2DOSE = 2 doses
3DOSE = 3 doses
4DOSE = 4 doses
5DOSE = 5 doses
6DOSE = 6 doses
7DOSE = 7 doses
8DOSE = 8 doses
9DOSE = 9 doses
NOTVACC = Not vaccinated
UNKDOSE = Vaccinated, dose unknown
",,,,,,,,,,,,,,1970-01-01,,4,3
"PNEU","DosePCV1","PCV dose 1","First dose of vaccination with a PCV.","BOOL","No","No",,,,,,,,,,,,,,,1970-01-01,,4,4
"PNEU","DatePCV1","PCV date dose 1","Date of first dose of PCV.","DATE","No","No",,,,,,,,"No",,,"yyyy,yyyy-mm,yyyy-mm-dd,yyyy-Qq",,,,1970-01-01,,4,5
"PNEU","BrandPCV1","PCV brand dose 1","Type of PCV at first dose.","REF","No","No","PCV10 = Pneumococcal conjugate vaccine 10
PCV13 = Pneumococcal conjugate vaccine 13
PCV15 = Pneumococcal conjugate vaccine 15
PCV20 = Pneumococcal conjugate vaccine 20
PCV7 = Pneumococcal conjugate vaccine 7
",,,,,,,,,,,,,,1970-01-01,,4,6
"PNEU","DosePCV2","PCV dose 2","Second dose of vaccination with a PCV.","BOOL","No","No",,,,,,,,,,,,,,,1970-01-01,,4,7
"PNEU","DatePCV2","PCV date dose 2","Date of second dose of PCV.","DATE","No","No",,,,,,,,"No",,,"yyyy,yyyy-mm,yyyy-mm-dd,yyyy-Qq",,,,1970-01-01,,4,8
"PNEU","BrandPCV2","PCV brand dose 2","Type of PCV at second dose.","REF","No","No","PCV10 = Pneumococcal conjugate vaccine 10
PCV13 = Pneumococcal conjugate vaccine 13
PCV15 = Pneumococcal conjugate vaccine 15
PCV20 = Pneumococcal conjugate vaccine 20
PCV7 = Pneumococcal conjugate vaccine 7
",,,,,,,,,,,,,,1970-01-01,,4,9
"PNEU","DosePCV3","PCV dose 3","Third dose of vaccination with a PCV.","BOOL","No","No",,,,,,,,,,,,,,,1970-01-01,,4,10
"PNEU","DatePCV3","PCV date dose 3","Date of third dose of PCV.","DATE","No","No",,,,,,,,"No",,,"yyyy,yyyy-mm,yyyy-mm-dd,yyyy-Qq",,,,1970-01-01,,4,11
"PNEU","BrandPCV3","PCV brand dose 3","Type of PCV at third dose.","REF","No","No","PCV10 = Pneumococcal conjugate vaccine 10
PCV13 = Pneumococcal conjugate vaccine 13
PCV15 = Pneumococcal conjugate vaccine 15
PCV20 = Pneumococcal conjugate vaccine 20
PCV7 = Pneumococcal conjugate vaccine 7
",,,,,,,,,,,,,,1970-01-01,,4,12
"PNEU","DosePCV4","PCV dose 4","Fourth dose of vaccination with a PCV.","BOOL","No","No",,,,,,,,,,,,,,,1970-01-01,,4,13
"PNEU","DatePCV4","PCV date dose 4","Date of fourth dose of PCV.","DATE","No","No",,,,,,,,"No",,,"yyyy,yyyy-mm,yyyy-mm-dd,yyyy-Qq",,,,1970-01-01,,4,14
"PNEU","BrandPCV4","PCV brand dose 4","Type of PCV at fourth dose.","REF","No","No","PCV10 = Pneumococcal conjugate vaccine 10
PCV13 = Pneumococcal conjugate vaccine 13
PCV15 = Pneumococcal conjugate vaccine 15
PCV20 = Pneumococcal conjugate vaccine 20
PCV7 = Pneumococcal conjugate vaccine 7
",,,,,,,,,,,,,,1970-01-01,,4,15
"PNEU","PCVDoses","Total number of PCV doses","Total number of PCV doses received by case prior to onset.","NUM","No","No",,,,0,999999999,,0,,,,,,,,1970-01-01,,4,16
"PNEU","DosePPV","PPV vaccination","Vaccinated with PPV.","BOOL","No","No",,,,,,,,,,,,,,,1970-01-01,,4,17
"PNEU","DatePPV","PPV date","Date of PPV.","DATE","No","No",,,,,,,,"No",,,"yyyy,yyyy-mm,yyyy-mm-dd,yyyy-Qq",,,,1970-01-01,,4,18
"PNEU","PPVDoses","Total number of PPV doses","Total number of PPV doses received by case prior to onset.","NUM","No","No",,,,0,999999999,,0,,,,,,,,1970-01-01,,4,19
"PNEU","ASTMethod","Test method for susceptibility testing","Test method(s) used for MIC determination.","REF","No","No","AGARDIL = Agar dilution
AUTOM = Automated instrument method
BROTHDIL = Broth microdilution
GRAD = Antimicrobial gradient (E-test, etc)
OTH = Other
",,,,,,,,,,,,,,1970-01-01,,5,1
"PNEU","MICSign_CTX_CFX","MIC sign for CTX_CFX","This field can indicate if a value of the MICValueAST_CTX_CFX test is ""less than""(<); ""equal to or less than""(<=); ""equal to""(=); ""equal to or greater than""(>=); or ""greater than""(>) the value indicated in the following field.","REF","No","No","< = Less than
<= = Less than or equal
= = Equal
> = Greater than
>= = Greater than or equal
",,,,,,,,,,,,,,1970-01-01,,5,2
"PNEU","MICValueAST_CTX_CFX","MIC value for CTX_CFX","MIC (Value in mg/l). Use '.' as decimal delimiter, e.g. 0.25.","NUM","No","No",,,,0,99999,,4,,,,,,,,1970-01-01,,5,3
"PNEU","SIR_CTX_CFX","Susceptibility to Cefotaxime or Ceftriaxone","Susceptibility to Cefotaxime or Ceftriaxone as the final interpretation based on one or more test results.","REF","No","No","I = Intermediate
R = Resistant
S = Susceptible
",,,,,,,,,,,,,,1970-01-01,,5,4
"PNEU","MICSign_ERY","MIC sign for ERY","This field can indicate if a value of the MICValueAST_ERY test is ""less than"" (<); ""equal to or less than"" (<=); ""equal to"" (=); ""equal to or greater than""(>=); or ""greater than"" (>) the value indicated in the following field.","REF","No","No","< = Less than
<= = Less than or equal
= = Equal
> = Greater than
>= = Greater than or equal
",,,,,,,,,,,,,,1970-01-01,,5,5
"PNEU","MICValueAST_ERY","MIC value for ERY","MIC (Value in mg/l). Use '.' as decimal delimiter, e.g. 0.25.","NUM","No","No",,,,0,99999,,4,,,,,,,,1970-01-01,,5,6
"PNEU","SIR_ERY","Susceptibility to Erythromicin","Susceptibility to Erythromicin as the final interpretation based on one or more test results.","REF","No","No","I = Intermediate
R = Resistant
S = Susceptible
",,,,,,,,,,,,,,1970-01-01,,5,7
"PNEU","MICSign_PEN","MIC sign for PEN","This field can indicate if a value of the MICValueAST_PEN test is ""less than"" (<); ""equal to or less than"" (<=); ""equal to"" (=); ""equal to or greater than""(>=); or ""greater than"" (>) the value indicated in the following field.","REF","No","No","< = Less than
<= = Less than or equal
= = Equal
> = Greater than
>= = Greater than or equal
",,,,,,,,,,,,,,1970-01-01,,5,8
"PNEU","MICValueAST_PEN","MIC value for PEN","MIC (Value in mg/l). Use '.' as decimal delimiter, e.g. 0.25.","NUM","No","No",,,,0,99999,,4,,,,,,,,1970-01-01,,5,9
"PNEU","SIR_PEN","Susceptibility to Penicillin","Susceptibility to Penicillin as the final interpretation based on one or more test results.","REF","No","No","I = Intermediate
R = Resistant
S = Susceptible
",,,,,,,,,,,,,,1970-01-01,,5,10
"PNEUAGGR","Disease","Disease","The code of the disease that is being reported.","REF","No","No","PNEU = Invasive pneumococcal disease
",,,,,,,,,,,,,,1970-01-01,,,
"PNEUAGGR","ReportingCountry","Reporting country","The country reporting the record.","LOCATION","Yes","No","consult the location values in Location sheet",,,,,,,,,,,,"Yes","Country",1970-01-01,,,
"PNEUAGGR","SubjectCode","Subject code","SubjectCode is a reporting model for a disease/health topic - identifies the reporting structure and format of a record (case based or aggregate reporting).","REF","Yes","No","PNEUAGGR = Pneumococcal infection aggregated
",,,,,,,,,,,,,,1970-01-01,,,
"PNEUAGGR","DataSource","Data source","The data source (surveillance system) that the record originates from. The DataSource value must be a special reference value from EpiPulse Cases metadata.","DATASOURCE","Yes","No","consult the data source values in DataSource sheet",,,,,,,,,,,,,,1970-01-01,,1,1
"PNEUAGGR","DateUsedForStatistics","Date used for statistics","The reference date used for standard reports that is compared to the reporting period. The date used for statistics can be any date that the reporting country finds applicable, e.g. date of notification, date of diagnosis or any other date.","DATE","Yes","No",,,,,,,,"No",,,"yyyy,yyyy-mm,yyyy-Qq",,,,1970-01-01,,1,2
"PNEUAGGR","AgeGroup","Age group","Age group of the reported record.","REF","No","No","Age00 = 0 years old
Age01_04 = 1 - 4 years old
Age05_09 = 5 - 9 years old
Age10_14 = 10 - 14 years old
Age15_19 = 15 - 19 years old
Age20_24 = 20 - 24 years old
Age25_29 = 25 - 29 years old
Age30_34 = 30 - 34 years old
Age35_39 = 35 - 39 years old
Age40_44 = 40 - 44 years old
Age45_49 = 45 - 49 years old
Age50_54 = 50 - 54 years old
Age55_59 = 55 - 59 years old
Age60_64 = 60 - 64 years old
Age65+ = 65+ years old
",,,,,,,,,,,,,,1970-01-01,,1,3
"PNEUAGGR","Gender","Gender","Gender of the reported record.","REF","No","No","F = Female
M = Male
OTH = Other
",,,,,,,,,,,,,,1970-01-01,,1,4
"PNEUAGGR","CaseClassification","Case classification","Case classification according to EU case definition.","REF","No","No","CONF = Confirmed
",,,,,,,,,,,,,,1970-01-01,,1,5
"PNEUAGGR","VaccinationStatus","Vaccination status","Indicates if the case is vaccinated and number of vaccine doses received.","REF","No","No","1DOSE = 1 dose
2DOSE = 2 doses
3DOSE = 3 doses
4DOSE = 4 doses
NOTVACC = Not vaccinated
UNKDOSE = Vaccinated, dose unknown
",,,,,,,,,,,,,,1970-01-01,,1,6
"PNEUAGGR","NumberOfCases","Number of cases","Total number of cases during the reported period for the specified disease.","NUM","Yes","No",,,,0,999999999,,0,,,,,,,,1970-01-01,,1,7
"POLI","Disease","Disease","The code of the disease that is being reported.","REF","No","No","POLI = Poliomyelitis
",,,,,,,,,,,,,,1970-01-01,,,
"POLI","ReportingCountry","ReportingCountry","The country reporting the record.","LOCATION","Yes","No","consult the location values in Location sheet",,,,,,,,,,,,"Yes","Country",1970-01-01,,,
"POLI","Status","Status","The Status value is used to provide the functionality for a record within EpiPulse Cases database. Default value: NEW/UPDATE. If set to DELETE, the record with the specified NationalRecordId is deleted (invalidated) from EpiPulse Cases database, if it exists. If set to NEW/UPDATE, the record is inserted into the database: If the same NationalRecordId already exists for the same data source and subject code, then the current submitted record updates (replace) the existing one.","REF","No","No","DELETE = Delete a previously reported record.
NEW/UPDATE = Update a previously reported record (default).
",,,,,,,,,,,,,,1970-01-01,,,
"POLI","SubjectCode","Subject code","SubjectCode is a reporting model for a disease/health topic - identifies the reporting structure and format of a record (case based or aggregate reporting).","REF","Yes","No","POLI = Poliomyelitis
",,,,,,,,,,,,,,1970-01-01,,,
"POLI","NationalRecordId","National record identifier","Unique identifier for each record within and across the specified surveillance system (data source) – selected and generated by the country reporting the record.","TEXT","Yes","No",,,80,,,,,,,,,,,,1970-01-01,,1,1
"POLI","DataSource","Data source","The data source (surveillance system) that the record originates from. The DataSource value must be a special reference value from EpiPulse Cases metadata.","DATASOURCE","Yes","No","consult the data source values in DataSource sheet",,,,,,,,,,,,,,1970-01-01,,1,2
"POLI","DateUsedForStatistics","Date used for statistics","The reference date used for standard reports that is compared to the reporting period. The date used for statistics can be any date that the reporting country finds applicable, e.g. date of notification, date of diagnosis or any other date.","DATE","Yes","No",,,,,,,,"No",,,"yyyy,yyyy-mm,yyyy-mm-dd,yyyy-Qq,yyyy-Www",,,,1970-01-01,,1,3
"POLI","Age","Age","Age of patient in years as reported in the national system at the time of disease onset.","NUM","No","No",,,,0,125,,0,,,,,,,,1970-01-01,,2,1
"POLI","Gender","Gender","Gender of the reported record.","REF","No","No","F = Female
M = Male
OTH = Other
",,,,,,,,,,,,,,1970-01-01,,2,2
"POLI","PlaceOfResidence","Place of residence","Place of residence of patient at the time of disease onset. Select the most detailed NUTS level possible.","LOCATION","No","No","consult the location values in Location sheet",,,,,,,,,,,,"No","Country,NUTS1,NUTS2,NUTS3",1970-01-01,,2,3
"POLI","PlaceOfNotification","Place of notification","Place of the first notification of the case to a regional authority. Select the most detailed NUTS level possible.","LOCATION","No","No","consult the location values in Location sheet",,,,,,,,,,,,"Yes","Country,NUTS1,NUTS2,NUTS3",1970-01-01,,2,4
"POLI","CaseClassification","Case classification","Case classification according to EU case definition.","REF","No","No","CONF = Confirmed
POSS = Possible
PROB = Probable
",,,,,,,,,,,,,,1970-01-01,,3,1
"POLI","DateOfOnset","Date of onset of disease","Date of onset of disease. Leave empty for asymptomatic cases.","DATE","No","No",,,,,,,,"No",,,"yyyy-mm-dd",,,,1970-01-01,,3,2
"POLI","DateOfDiagnosis","Date of diagnosis","First date of clinical or lab diagnosis. In case the DateOfOnset is missing this date is used for analysis.","DATE","No","No",,,,,,,,"No",,,"yyyy-mm-dd",,,,1970-01-01,,3,3
"POLI","DateOfNotification","Date of notification","Date when the case report is first notified to public health authorities.","DATE","No","No",,,,,,,,"No",,,"yyyy-mm-dd",,,,1970-01-01,,3,4
"POLI","Outcome","Outcome of case","Information on whether the case is alive or deceased. The death should be due to the reported disease.","REF","No","No","A = Alive
D = Died
",,,,,,,,,,,,,,1970-01-01,,3,5
"POLI","DateOfLastVaccination","Date of last vaccination","Date of administration of the last vaccination dose - indicates the date when the last dose of vaccine was given before disease onset (if exact date is not known, then provide month or year).","DATE","No","No",,,,,,,,"No",,,"yyyy,yyyy-mm,yyyy-mm-dd,yyyy-Qq",,,,1970-01-01,,3,6
"POLI","VaccinationStatus","Vaccination status","Indicates if the case is vaccinated and number of vaccine doses received.","REF","No","No","10DOSE = 10 doses
1DOSE = 1 dose
2DOSE = 2 doses
3DOSE = 3 doses
4DOSE = 4 doses
5DOSE = 5 doses
6DOSE = 6 doses
7DOSE = 7 doses
8DOSE = 8 doses
9DOSE = 9 doses
NOTVACC = Not vaccinated
UNKDOSE = Vaccinated, dose unknown
",,,,,,,,,,,,,,1970-01-01,,3,7
"POLIAGGR","Disease","Disease","The code of the disease that is being reported.","REF","No","No","POLI = Poliomyelitis
",,,,,,,,,,,,,,1970-01-01,,,
"POLIAGGR","ReportingCountry","Reporting country","The country reporting the record.","LOCATION","Yes","No","consult the location values in Location sheet",,,,,,,,,,,,"Yes","Country",1970-01-01,,,
"POLIAGGR","SubjectCode","Subject code","SubjectCode is a reporting model for a disease/health topic - identifies the reporting structure and format of a record (case based or aggregate reporting).","REF","Yes","No","POLIAGGR = Poliomyelitis aggregated
",,,,,,,,,,,,,,1970-01-01,,,
"POLIAGGR","DataSource","Data source","The data source (surveillance system) that the record originates from. The DataSource value must be a special reference value from EpiPulse Cases metadata.","DATASOURCE","Yes","No","consult the data source values in DataSource sheet",,,,,,,,,,,,,,1970-01-01,,1,1
"POLIAGGR","DateUsedForStatistics","Date used for statistics","The reference date used for standard reports that is compared to the reporting period. The date used for statistics can be any date that the reporting country finds applicable, e.g. date of notification, date of diagnosis or any other date.","DATE","Yes","No",,,,,,,,"No",,,"yyyy,yyyy-mm,yyyy-Qq",,,,1970-01-01,,1,2
"POLIAGGR","AgeGroup","Age group","Age group of the reported record.","REF","No","No","Age00 = 0 years old
Age01_04 = 1 - 4 years old
Age05_09 = 5 - 9 years old
Age10_14 = 10 - 14 years old
Age15_19 = 15 - 19 years old
Age20_24 = 20 - 24 years old
Age25_29 = 25 - 29 years old
Age30_34 = 30 - 34 years old
Age35_39 = 35 - 39 years old
Age40_44 = 40 - 44 years old
Age45_49 = 45 - 49 years old
Age50_54 = 50 - 54 years old
Age55_59 = 55 - 59 years old
Age60_64 = 60 - 64 years old
Age65+ = 65+ years old
",,,,,,,,,,,,,,1970-01-01,,1,3
"POLIAGGR","Gender","Gender","Gender of the reported record.","REF","No","No","F = Female
M = Male
OTH = Other
",,,,,,,,,,,,,,1970-01-01,,1,4
"POLIAGGR","CaseClassification","Case classification","Case classification according to EU case definition.","REF","No","No","CONF = Confirmed
POSS = Possible
PROB = Probable
",,,,,,,,,,,,,,1970-01-01,,1,5
"POLIAGGR","VaccinationStatus","Vaccination status","Indicates if the case is vaccinated and number of vaccine doses received.","REF","No","No","1DOSE = 1 dose
2DOSE = 2 doses
3DOSE = 3 doses
4DOSE = 4 doses
NOTVACC = Not vaccinated
UNKDOSE = Vaccinated, dose unknown
",,,,,,,,,,,,,,1970-01-01,,1,6
"POLIAGGR","NumberOfCases","Number of cases","Total number of cases during the reported period for the specified disease.","NUM","Yes","No",,,,0,999999999,,0,,,,,,,,1970-01-01,,1,7
"RESPIAGGR","HealthTopic","Health topic","The code of the health topic that is being reported.","REF","No","No","RESPI = Respiratory viruses
",,,,,,,,,,,,,,1970-01-01,,,
"RESPIAGGR","ReportingCountry","Reporting country","The country reporting the record.","LOCATION","Yes","No","consult the location values in Location sheet",,,,,,,,,,,,"Yes","Country",1970-01-01,,,
"RESPIAGGR","Status","Status","The Status value is used to provide the functionality for a record within EpiPulse Cases database. Default value: NEW/UPDATE. If set to DELETE, the record with the specified NationalRecordId is deleted (invalidated) from EpiPulse Cases database, if it exists. If set to NEW/UPDATE, the record is inserted into the database: If the same NationalRecordId already exists for the same data source and subject code, then the current submitted record updates (replace) the existing one.","REF","No","No","DELETE = Delete a previously reported record.
NEW/UPDATE = Update a previously reported record (default).
",,,,,,,,,,,,,,1970-01-01,,,
"RESPIAGGR","SubjectCode","Subject code","SubjectCode is a reporting model for a disease/health topic - identifies the reporting structure and format of a record (case based or aggregate reporting).","REF","Yes","No","RESPIAGGR = Respiratory virus aggregated
",,,,,,,,,,,,,,1970-01-01,,,
"RESPIAGGR","NationalRecordId","National record identifier","The record identifier is provided by the reporting country. It must be unique within the national respiratory virus disease surveillance system and anonymous. For aggregate datasets, countries may choose to concatenate multiple variables to create a unique identifier (e.g. ReportingCountry-DateUsedForStatistics-SurveillanceType-ClinicalSyndrome-Pathogen-PathogenOther-InfluenzaTypeSubtype-RSVType-Indicator).","TEXT","Yes","No",,,80,,,,,,,,,,,,1970-01-01,,1,1
"RESPIAGGR","DataSource","Data source","The data source (surveillance system) that the record originates from. The DataSource value must be a special reference value from EpiPulse Cases metadata.","DATASOURCE","Yes","No","consult the data source values in DataSource sheet",,,,,,,,,,,,,,1970-01-01,,1,2
"RESPIAGGR","DateUsedForStatistics","Date used for statistics","The week assigned to the reported data. This should correspond to the date used by the national surveillance institute or organisation in its reports and official statistics, to ensure coherence between national and supranational outputs. The reference date used for statistics may differ between countries. For RESPIAGGR, the preferred reference date is the date of specimen collection.","DATE","Yes","No",,,,,,,,"No",,,"yyyy-Www",,,,1970-01-01,,1,3
"RESPIAGGR","Pathogen","Pathogen","Specify the pathogen associated with the indicator. If selecting OTH, please specify which pathogen in the PathogenOther variable.","REF","Yes","No","INFL = Influenza virus, not specified
MERSCOV = Middle East respiratory syndrome–related coronavirus (MERS-CoV)
OTH = Other pathogen, not specified
RSV = Respiratory Syncytial Virus
SARSCOV2 = Severe Acute Respiratory Syndrome Coronavirus-2 (SARS-CoV-2)
",,,,,,,,,,,,,,1970-01-01,,2,1
"RESPIAGGR","PathogenOther","Pathogen other","Specify any pathogen that was not captured in the Pathogen variable. Reporting of additional pathogens is optional and these data are currently not used in weekly outputs.","REF","No","No","consult the reference values for 
SubjectCode = RESPIAGGR and Variable = PathogenOther",,,,,,,,,,,,,,1970-01-01,,2,2
"RESPIAGGR","InfluenzaTypeSubtype","Influenza type and subtype","Influenza type and subtype should be reported when INFL (Influenza) is reported for the Pathogen variable. Note: When reporting TESTS, please leave this field blank.","REF","No","No","AH1N1pdm09 = A(H1N1)pdm09
AH1pdm09 = A(H1)pdm09
AH3 = A(H3)
AH3N2 = A(H3N2)
AUNK = A unknown
BNoLineage = B lineage not determined
BVic = B/Vic
BYam = B/Yam
INFL_UNK = Influenza untyped
",,,,,,,,,,,,,,1970-01-01,,2,3
"RESPIAGGR","RSVType","RSV type","Report RSV type when RSV is reported for the variable Pathogen. Note: When reporting TESTS, please leave this field blank.","REF","No","No","RSV_A = RSV Type A
RSV_B = RSV Type B
RSV_UNK = RSV unknown type
",,,,,,,,,,,,,,1970-01-01,,2,4
"RESPIAGGR","SurveillanceType","Surveillance type","Indicate whether you are reporting virological data from: (i) Surveillance that relies on a syndromic case definition (such as ILI, ARI, SARI or electronic health record (EHR) based case definitions); or (ii) Pathogen-specific laboratory-based surveillance (e.g. for influenza, RSV, SARS-CoV-2) or EHR diagnostic codes that reflect pathogen-specific diagnoses (e.g., cases not included in the EHR-based case definition). Surveillance that relies on a syndromic case definition (ILI/ARI/SARI) was previously coded as sentinel (STL) in TESSy, reflecting how many of these systems were historically designed and implemented. Pathogen-specific laboratory-based surveillance was previously coded as nonsentinel (NONSTL). Please note that both (i) and (ii) can be sentinel or universal depending on the system design.","REF","Yes","No","PATH = Virological data from pathogen-specific laboratory-based surveillance
SYND = Virological data from surveillance that relies on a syndromic case definition (ILI/ARI/SARI)
",,,,,,,,,,,,,,1970-01-01,,2,5
"RESPIAGGR","ClinicalSyndrome","Clinical syndrome","Specify the clinical syndrome of the tested patients and corresponding detections. If an electronic health record (EHR)-based case definition is applied, please select the clinical syndrome that it represents. If you cannot differentiate tests and detections by clinical syndrome, you can leave this field blank.","REF","No","No","ARI = Acute respiratory infection
ILI = Influenza-like illness
",,,,,,,,,,,,,,1970-01-01,,2,6
"RESPIAGGR","Indicator","Indicator","Select the indicator to report. Where SurveillanceType = SYND ensure to report both DETECTIONS and TESTS per pathogen.","REF","Yes","No","DETECTIONS = Number of detections
TESTS = Number of tests
",,,,,,,,,,,,,,1970-01-01,,2,7
"RESPIAGGR","Age00_04","Age group 0–4 years","Number of patients in the age group 0–4 years corresponding to the reported indicator (newly reported for the week of reporting).","NUM","No","No",,,,0,,,0,,,,,,,,1970-01-01,,2,8
"RESPIAGGR","Age05_14","Age group 5–14 years","Number of patients in the age group 5–14 years corresponding to the reported indicator (newly reported for the week of reporting).","NUM","No","No",,,,0,,,0,,,,,,,,1970-01-01,,2,9
"RESPIAGGR","Age15_29","Age group 15–29 years","Number of patients in the age group 15–29 years corresponding to the reported indicator (newly reported for the week of reporting).","NUM","No","No",,,,0,,,0,,,,,,,,1970-01-01,,2,10
"RESPIAGGR","Age15_64","Age group 15–64 years","Number of patients in the age group 15–64 years corresponding to the reported indicator (newly reported for the week of reporting).  Please only use this reporting type if data are not reported separately for the age groups 15–29 and 30–64 years.","NUM","No","No",,,,0,,,0,,,,,,,,1970-01-01,,2,11
"RESPIAGGR","Age30_64","Age group 30–64 years","Number of patients in the age group 30–64 years corresponding to the reported indicator (newly reported for the week of reporting).","NUM","No","No",,,,0,,,0,,,,,,,,1970-01-01,,2,12
"RESPIAGGR","Age65plus","Age group 65+ years","Number of patients in the age group 65+ years corresponding to the reported indicator (newly reported for the week of reporting). Please only use this reporting type if data are not reported separately for the age groups 65–79 and 80+ years.","NUM","No","No",,,,0,,,0,,,,,,,,1970-01-01,,2,13
"RESPIAGGR","Age65_79","Age group 65–79 years","Number of patients in the age group 65–79 years corresponding to the reported indicator (newly reported for the week of reporting).","NUM","No","No",,,,0,,,0,,,,,,,,1970-01-01,,2,14
"RESPIAGGR","Age80plus","Age group 80+ years","Number of patients in the age group 80+ years corresponding to the reported indicator (newly reported for the week of reporting).","NUM","No","No",,,,0,,,0,,,,,,,,1970-01-01,,2,15
"RESPIAGGR","AgeUnk","Age unknown","Number of patients with an unknown age corresponding to the reported indicator (newly reported for week of reporting).","NUM","No","No",,,,0,,,0,,,,,,,,1970-01-01,,2,16
"RESPICASE","HealthTopic","Health topic","The code of the health topic that is being reported.","REF","No","No","RESPI = Respiratory viruses
",,,,,,,,,,,,,,1970-01-01,,,
"RESPICASE","ReportingCountry","Reporting country","The country reporting the record.","LOCATION","Yes","No","consult the location values in Location sheet",,,,,,,,,,,,"Yes","Country",1970-01-01,,,
"RESPICASE","Status","Status","The Status value is used to provide the functionality for a record within EpiPulse Cases database. Default value: NEW/UPDATE. If set to DELETE, the record with the specified NationalRecordId is deleted (invalidated) from EpiPulse Cases database, if it exists. If set to NEW/UPDATE, the record is inserted into the database: If the same NationalRecordId already exists for the same data source and subject code, then the current submitted record updates (replace) the existing one.","REF","No","No","DELETE = Delete a previously reported record.
NEW/UPDATE = Update a previously reported record (default).
",,,,,,,,,,,,,,1970-01-01,,,
"RESPICASE","SubjectCode","Subject code","SubjectCode is a reporting model for a disease/health topic - identifies the reporting structure and format of a record (case based or aggregate reporting).","REF","Yes","No","RESPICASE = Case-based data for patients with severe disease capturing both syndromic and virological data
",,,,,,,,,,,,,,1970-01-01,,,
"RESPICASE","NationalRecordId","National record identifier","The record identifier is provided by the reporting country. It must be unique within the national respiratory virus disease surveillance system and anonymous.","TEXT","Yes","No",,,80,,,,,,,,,,,,1970-01-01,,1,1
"RESPICASE","DataSource","Data source","The data source (surveillance system) that the record originates from. The DataSource value must be a special reference value from EpiPulse Cases metadata.","DATASOURCE","Yes","No","consult the data source values in DataSource sheet",,,,,,,,,,,,,,1970-01-01,,1,2
"RESPICASE","DateUsedForStatistics","Date used for statistics","The date assigned to the reported data (the exact date is preferred). This should correspond to the date used by the national surveillance institute or organisation in its reports and official statistics, to ensure coherence between national and supranational outputs. The reference date used for statistics may differ between countries. For RESPICASE, the date of admission to hospital is preferred. If admitted due to cause other than a respiratory infection or date of admission is unknown, date of specimen collection or diagnosis of respiratory infection can be used.","DATE","Yes","No",,,,,,,,"No",,,"yyyy-mm-dd,yyyy-Www",,,,1970-01-01,,1,3
"RESPICASE","Age","Age","Age of patient in years at the time of hospital admission, as reported in the national system. For patients under two years old, please provide the age in months using the variable AgeMonth (0–23 months).","NUM","No","No",,,,0,125,,0,,,,,,,,1970-01-01,,2,1
"RESPICASE","AgeMonth","Age in months","Age of the patient in months for cases under two years old at the time of hospital admission. For patients two years old and above, AgeMonth should be left blank.","NUM","No","No",,,,0,23,,0,,,,,,,,1970-01-01,,2,2
"RESPICASE","Sex","Sex","The sex of the reported case. Use OTH for individuals who do not identify strictly as male or female, including non-binary, intersex, or those who prefer to self-describe.","REF","No","No","F = Female
M = Male
OTH = Other
",,,,,,,,,,,,,,1970-01-01,,2,3
"RESPICASE","HealthCareWorker","Health care worker","Indicate whether the case occurred in a healthcare worker. For this reporting protocol, a healthcare worker is defined as any person working (paid or on a regular voluntary basis) in a healthcare setting who has contact with any type of patient. This includes but is not limited to: doctors; nurses; therapists; technicians; emergency medical personnel; medical and nursing students with patient contact; porters; and cleaners. Staff or volunteers working in nursing or residential care homes for older adults are also classified as healthcare workers.","BOOL","No","No",,,,,,,,,,,,,,,1970-01-01,,2,4
"RESPICASE","SurveillanceType","Surveillance type","Indicate whether you are reporting virological data from: (i) Surveillance that relies on a syndromic case definition (such as ILI, ARI, SARI or electronic health record (EHR) based case definitions); or (ii) Pathogen-specific laboratory-based surveillance (e.g. for influenza, RSV, SARS-CoV-2) or EHR diagnostic codes that reflect pathogen-specific diagnoses (e.g., cases not included in the EHR-based case definition). Surveillance that relies on a syndromic case definition (ILI/ARI/SARI) was previously coded as sentinel (STL) in TESSy, reflecting how many of these systems were historically designed and implemented. Pathogen-specific laboratory-based surveillance was previously coded as nonsentinel (NONSTL). Please note that both (i) and (ii) can be sentinel or universal depending on the system design.","REF","Yes","No","PATH = Virological data from pathogen-specific laboratory-based surveillance
SYND = Virological data from surveillance that relies on a syndromic case definition (ILI/ARI/SARI)
",,,,,,,,,,,,,,1970-01-01,,2,5
"RESPICASE","DateOfSpecimen","Date of specimen collection","The date of the first specimen collection for the current episode.","DATE","No","No",,,,,,,,"No",,,"yyyy-mm-dd",,,,1970-01-01,,2,6
"RESPICASE","TestInfluenza","Test results influenza","Indicate the influenza test result for the patient during the current episode. This variable is boolean: 0 = Tested, influenza not detected (including unknown results), 1 = Tested, influenza detected. If left empty it will be interpreted as not tested for influenza.","BOOL","No","No",,,,,,,,,,,,,,,1970-01-01,,2,7
"RESPICASE","TestRSV","Test results RSV","Indicate the RSV test result for the patient during the current episode. This variable is boolean: 0 = Tested, RSV not detected (including unknown results), 1 = Tested, RSV detected. If left empty it will be interpreted as not tested for RSV.","BOOL","No","No",,,,,,,,,,,,,,,1970-01-01,,2,8
"RESPICASE","TestSARSCOV2","Test results SARSCoV2","Indicate the SARS-CoV-2 test result for the patient during the current episode. This variable is boolean: 0 = Tested, SARS-CoV-2 not detected (including unknown results), 1 = Tested, SARS-CoV-2 detected. If left empty it will be interpreted as not tested for SARS-CoV-2.","BOOL","No","No",,,,,,,,,,,,,,,1970-01-01,,2,9
"RESPICASE","PathogenOther","Pathogen Other","Specify any pathogen other than influenza, RSV or SARSCoV2. This variable is repeatable. Reporting of additional pathogens is optional and these data are currently not used in weekly outputs.","REF","No","Yes","consult the reference values for 
SubjectCode = RESPICASE and Variable = PathogenOther",,,,,,,,,,,,,,1970-01-01,,2,10
"RESPICASE","InfluenzaTypeSubtype","Influenza type and subtype","If influenza was detected, provide the influenza type and subtype detected for the reported case. Multiple types or subtypes can be reported for this variable (repeatable variable) for reporting cases of co-infection.","REF","No","Yes","AH1N1pdm09 = A(H1N1)pdm09
AH1pdm09 = A(H1)pdm09
AH3 = A(H3)
AH3N2 = A(H3N2)
AUNK = A unknown
BNoLineage = B lineage not determined
BVic = B/Vic
BYam = B/Yam
INFL_UNK = Influenza untyped
",,,,,,,,,,,,,,1970-01-01,,2,11
"RESPICASE","RSVType","RSV Type","If RSV was detected, provide the RSV type detected for the reported case. Multiple types can be reported for this variable (repeatable variable) for reporting cases of co-infection, submit separate entries for each detected type.","REF","No","Yes","RSV_A = RSV Type A
RSV_B = RSV Type B
RSV_UNK = RSV unknown type
",,,,,,,,,,,,,,1970-01-01,,2,12
"RESPICASE","WgsAccession","WGS accession identifier","Provide the sequence identifier, which is used to retrieve sequence data (sequencing reads, genome assemblies, or gene sequences) from external databases such as GISAID, ENA, SRA, or GenBank. Report accession numbers as follows: GISAID isolate ID (e.g. EPI_ISL_402123), GenBank nucleotide sequence ID (e.g. MK334047) or ENA/SRA Run ID starting with ERR or SRR. Do not use sample or experiment IDs (ERS, ERX, SRS, SRX). If multiple pathogens or strains are present, list accession IDs separated by a semicolon (;).","TEXT","No","No",,,4000,,,,,,,,,,,,1970-01-01,,2,13
"RESPICASE","DateOfOnset","Date of onset of disease","Date of onset of disease (exact date only).","DATE","No","No",,,,,,,,"No",,,"yyyy-mm-dd",,,,1970-01-01,,2,14
"RESPICASE","ClinicalCriteria","Clinical criteria (symptoms)","Symptoms present at the time of hospital admission. This variable is repeatable.","REF","No","Yes","AGEUS = Ageusia/Dysgeusia
ANOS = Anosmia
APNOEA = Apnoea
COUGH = Dry or productive cough
DIARR = Diarrhoea
FEVER = Fever above 38C or history of fever (temp not measured)
GENERALDETER = General deterioration
HEAD = Headache
PAINMUSC = Pain - muscular
RUNOS = Runny nose
SBREATH = Shortness of breath
SEPSIS = Sepsis
SORETHR = Sore throat
VOMIT = Nausea/vomiting
",,,,,,,,,,,,,,1970-01-01,,3,1
"RESPICASE","ClinicalCriteriaOther","Clinical criteria (symptoms) other","Additional symptoms that were not captured in the ClinicalCriteria variable.","TEXT","No","No",,,4000,,,,,,,,,,,,1970-01-01,,3,2
"RESPICASE","CasePrecondition","Case precondition","Underlying medical conditions or pre-existing health factors. This variable is repeatable if multiple preconditions apply.","REF","No","Yes","DIAB = Diabetes
HEART = Chronic heart disease
HYPERT = Hypertension
IMMUNODEF = Immunodeficient
KIDNEY = Kidney-related condition, renal disease
LIVER = Liver-related condition, liver disease
LUNG = Chronic lung disease
NEURO = Neurological disorder
OBESITY = Obesity
PREG = Pregnancy
PREGPOST = Post-partum (<6 weeks)
PREM = Prematurity of infant (report only for cases aged < 2 years)
SMOKE = Current smoking
TB = Tuberculosis
",,,,,,,,,,,,,,1970-01-01,,3,3
"RESPICASE","CasePreconditionOther","Case precondition other","Additional preconditions that were not captured in the CasePrecondition variable.","TEXT","No","No",,,4000,,,,,,,,,,,,1970-01-01,,3,4
"RESPICASE","ComplicationDiagnosis","Complication diagnosis","Complications associated with the illness. This variable is repeatable for cases experiencing multiple complications.","REF","No","Yes","AKI = Acute renal injury
ARDS = Acute respiratory distress syndrome
BRONCH = Bronchiolitis
ENCEPH = Encephalitis
HEARTFAIL = Heart failure
MULTIFAIL = Multi-organ failure
MYOCARD = Myocarditis
PNEU = Pneumonia
SEPSIS = Sepsis
STILLBIRTH = Still birth as pregnancy outcome in a case
",,,,,,,,,,,,,,1970-01-01,,3,5
"RESPICASE","ComplicationDiagnosisOther","Complication diagnosis other","Additional complications that were not captured in the ComplicationDiagnosis variable.","TEXT","No","No",,,4000,,,,,,,,,,,,1970-01-01,,3,6
"RESPICASE","DateOfHospitalisation","Date of hospitalisation","Date of hospitalisation (exact date only).","DATE","No","No",,,,,,,,"No",,,"yyyy-mm-dd","DateOfHospitalisation,DateOfDischarge",,,1970-01-01,,3,7
"RESPICASE","IntensiveCare","Intensive care","Indicate whether the case required care in an intensive care unit (ICU) or a high dependency unit (HDU), defined as a unit with capabilities for more intensive observation, treatment and nursing care than can be provided by a regular ward.","BOOL","No","No",,,,,,,,,,,,,,,1970-01-01,,3,8
"RESPICASE","DateOfICUHDU","Date of ICU or HDU","Date of admission to an intensive care unit (ICU) or high dependency unit (HDU) (exact date only).","DATE","No","No",,,,,,,,"No",,,"yyyy-mm-dd",,,,1970-01-01,,3,9
"RESPICASE","RespiratorySupport","Invasive respiratory support","Indicate which form of invasive respiratory support the patient received during the clinical episode. If a patient recieved both VENT and ECMO, please indicate ECMO.","REF","No","No","ECMO = Extracorporeal membrane oxygenation
VENT = Invasive mechanical ventilation
",,,,,,,,,,,,,,1970-01-01,,3,10
"RESPICASE","DateOfDischarge","Date of discharge","Date the patient was discharged from hospital (exact date only). Indicate this date for any kind of discharge (i.e. discharged alive or dead). If transferred to another hospital and follow-up information is available from the receiving hospital, please provide the actual date of discharge following the episode. If the date of discharge is unknown, this field should be left blank.","DATE","No","No",,,,,,,,"No",,,"yyyy-mm-dd","DateOfHospitalisation,DateOfDischarge",,,1970-01-01,,3,11
"RESPICASE","DateOfDeath","Date of death","Date of death (exact date only).","DATE","No","No",,,,,,,,"No",,,"yyyy-mm-dd",,,,1970-01-01,,3,12
"RESPICASE","Outcome","Outcome","Indicate the clinical outcome of the case. This information should be recorded as accurately as possible. If the patient is still ill at the time of reporting, please code the outcome as STILLTREATMENT. Update this status once the final outcome is known. This includes patients that were transferred if follow-up information is available from the receiving hospital. If the outcome is unknown (e.g. if a patient was transferred to another hospital with unknown outcome), this field should be left blank.","REF","No","No","A = Alive, recovered, cured, discharged from hospital
D = Died
STILLTREATMENT = Still on medical treatment related to viral respiratory infection (not recovered)
",,,,,,,,,,,,,,1970-01-01,,3,13
"RESPICASE","EHRDiagnosticCode","EHR diagnostic code","Indicate the EHR diagnostic codes that apply to the patient, including those that are used to define the respiratory diagnosis to meet a case definition or that relate to underlying health conditions relevant to the medical condition that prompted the admission. Report the code system and code version first, followed by the diagnostic code and whether it is primary (P) or secondary (S, i.e. not primary) (e.g., ICD10:v2019:J45.9: P). Only one code should be primary, capturing the principal medical condition that prompted the admission. All others should be marked as secondary. If Code System Version is not applicable, please leave this field blank. For multiple codes, please ensure each code adheres to this formatting and separate codes with a semi-colon "";"" within the same character string.","TEXT","No","No",,,4000,,,,,,,,,,,,1970-01-01,,3,14
"RESPICASE","DrugUsedProphylaxis","Drug used for prophylaxis","Antiviral drugs administered as prophylaxis in the 14 days prior to illness onset. This variable is repeatable if multiple drugs were used.","REF","No","Yes","J05AB16 = Remdesivir
J05AC02 = Rimantadine
J05AH01 = Zanamivir
J05AH02 = Oseltamivir
J05AX25 = Baloxavir marboxil
J06BD03 = Tixagevimab and cilgavimab
J06BD07 = Casirivimab and imdevimab
N04BB01 = Amantadine
OTH = Other
",,,,,,,,,,,,,,1970-01-01,,4,1
"RESPICASE","DrugUsedTreatment","Drug used for treatment","Antiviral drugs administered for treatment during the illness. This variable is repeatable if multiple drugs were used.","REF","No","Yes","J05AB16 = Remdesivir
J05AB18 = Molnupiravir
J05AC02 = Rimantadine
J05AE30 = Nirmatrelvir and ritonavir
J05AH01 = Zanamivir
J05AH02 = Oseltamivir
J05AX25 = Baloxavir marboxil
J06BD01 = Palivizumab
J06BD03 = Tixagevimab and cilgavimab
J06BD05 = Sotrovimab
J06BD06 = Regdanvimab
J06BD07 = Casirivimab and imdevimab
J06BD08 = Nirsevimab
J06BD09 = Sipavibart
N04BB01 = Amantadine
OTH = Other
",,,,,,,,,,,,,,1970-01-01,,4,2
"RESPICASE","InfluenzaVaccination","Influenza vaccination status","Indicate whether the patient received an influenza vaccination during the most recent influenza season.","BOOL","No","No",,,,,,,,,,,,,,,1970-01-01,,5,1
"RESPICASE","DateOfInfluenzaVaccination","Influenza vaccination date","Date of the most recent influenza vaccination (exact date only). If the exact date is unknown but the month is known, please enter the 15th of that month as an approximate date.","DATE","No","No",,,,,,,,"No",,,"yyyy-mm-dd",,,,1970-01-01,,5,2
"RESPICASE","COVID19Vaccination","COVID19 vaccination status","Indicate whether the patient received a SARS-CoV-2 vaccination within the 12 months prior to admission.","BOOL","No","No",,,,,,,,,,,,,,,1970-01-01,,5,3
"RESPICASE","DateOfCOVID19Vaccination","COVID19 vaccination date","Date of the most recent SARS-CoV-2 vaccination (exact date only). If the exact date is unknown but the month is known, please enter the 15th of that month as an approximate date.","DATE","No","No",,,,,,,,"No",,,"yyyy-mm-dd",,,,1970-01-01,,5,4
"RESPICASE","RSVImmunisation","RSV immunisation status","Indicate whether the patient received immunisation against RSV within the recommended timeframe (the recommended timeframe is defined according to the type of RSV immunisation).","BOOL","No","No",,,,,,,,,,,,,,,1970-01-01,,5,5
"RESPICASE","RSVImmunisationType","RSV immunisation type","Type of RSV immunisation received.","REF","No","No","MAB = Monoclonal antibody
VACC = Vaccine
",,,,,,,,,,,,,,1970-01-01,,5,6
"RESPICASE","DateOfRSVImmunisation","RSV immunisation date","Date of the most recent RSV immunisation (exact date only). If the exact date is unknown but the month is known, please enter the 15th of that month as an approximate date.","DATE","No","No",,,,,,,,"No",,,"yyyy-mm-dd",,,,1970-01-01,,5,7
"RESPICASE","RSVMotherVaccination","RSV mother vaccination status","Vaccination status of the birth mother during current pregnancy, administered within the recommended time window. This variable should be reported only for cases <2 years of age at the time of disease onset.","BOOL","No","No",,,,,,,,,,,,,,,1970-01-01,,5,8
"RESPICLINPC","HealthTopic","Health topic","The code of the health topic that is being reported.","REF","No","No","RESPI = Respiratory viruses
",,,,,,,,,,,,,,1970-01-01,,,
"RESPICLINPC","ReportingCountry","Reporting country","The country reporting the record.","LOCATION","Yes","No","consult the location values in Location sheet",,,,,,,,,,,,"Yes","Country",1970-01-01,,,
"RESPICLINPC","Status","Status","The Status value is used to provide the functionality for a record within EpiPulse Cases database. Default value: NEW/UPDATE. If set to DELETE, the record with the specified NationalRecordId is deleted (invalidated) from EpiPulse Cases database, if it exists. If set to NEW/UPDATE, the record is inserted into the database: If the same NationalRecordId already exists for the same data source and subject code, then the current submitted record updates (replace) the existing one.","REF","No","No","DELETE = Delete a previously reported record.
NEW/UPDATE = Update a previously reported record (default).
",,,,,,,,,,,,,,1970-01-01,,,
"RESPICLINPC","SubjectCode","Subject code","SubjectCode is a reporting model for a disease/health topic - identifies the reporting structure and format of a record (case based or aggregate reporting).","REF","Yes","No","RESPICLINPC = Primary care consultation data (ILI/ARI syndromic)
",,,,,,,,,,,,,,1970-01-01,,,
"RESPICLINPC","NationalRecordId","National record identifier","The record identifier is provided by the reporting country. It must be unique within the national respiratory virus disease surveillance system and anonymous. For aggregate datasets, countries may choose to concatenate multiple variables to create a unique identifier (e.g. ReportingCountry-DateUsedForStatistics-ClinicalSyndrome-Indicator).","TEXT","Yes","No",,,80,,,,,,,,,,,,1970-01-01,,1,1
"RESPICLINPC","DataSource","Data source","The data source (surveillance system) that the record originates from. The DataSource value must be a special reference value from EpiPulse Cases metadata.","DATASOURCE","Yes","No","consult the data source values in DataSource sheet",,,,,,,,,,,,,,1970-01-01,,1,2
"RESPICLINPC","DateUsedForStatistics","Date used for statistics","The week assigned to the reported data. This should correspond to the date used by the national surveillance institute or organisation in its reports and official statistics, to ensure coherence between national and supranational outputs. The reference date used for statistics may differ between countries. For RESPICLINPC, it is preferably the date the case was medically attended.","DATE","Yes","No",,,,,,,,"No",,,"yyyy-Www",,,,1970-01-01,,1,3
"RESPICLINPC","ClinicalSyndrome","Clinical syndrome","Specify the clinical syndrome captured by the system. If an electronic health record (EHR) based case definition is applied, please describe which clinical syndrome it corresponds to.","REF","Yes","No","ARI = Acute respiratory infection
ILI = Influenza-like illness
",,,,,,,,,,,,,,1970-01-01,,2,1
"RESPICLINPC","Indicator","Indicator","Select the indicator to report. You may report all-cause consultations, catchment population, or both.","REF","Yes","No","CASES = Cases
DENOMCONSULT = All-cause consultations
DENOMPOP = Catchment population
",,,,,,,,,,,,,,1970-01-01,,2,2
"RESPICLINPC","Age00_04","Age group 0–4 years","Number of patients in the age group 0–4 years corresponding to the reported indicator (newly reported for the week of reporting).","NUM","No","No",,,,0,,,0,,,,,,,,1970-01-01,,2,3
"RESPICLINPC","Age05_14","Age group 5–14 years","Number of patients in the age group 5–14 years corresponding to the reported indicator (newly reported for the week of reporting).","NUM","No","No",,,,0,,,0,,,,,,,,1970-01-01,,2,4
"RESPICLINPC","Age15_64","Age group 15–64 years","Number of patients in the age group 15–64 years corresponding to the reported indicator (newly reported for the week of reporting).","NUM","No","No",,,,0,,,0,,,,,,,,1970-01-01,,2,5
"RESPICLINPC","Age65plus","Age group 65+ years","Number of patients in the age group 65+ years corresponding to the reported indicator (newly reported for the week of reporting).","NUM","No","No",,,,0,,,0,,,,,,,,1970-01-01,,2,6
"RESPICLINPC","AgeUnk","Age unknown","Number of patients with an unknown age corresponding to the reported indicator (newly reported for week of reporting).","NUM","No","No",,,,0,,,0,,,,,,,,1970-01-01,,2,7
"RESPICLINSC","HealthTopic","Health topic","The code of the health topic that is being reported.","REF","No","No","RESPI = Respiratory viruses
",,,,,,,,,,,,,,1970-01-01,,,
"RESPICLINSC","ReportingCountry","Reporting country","The country reporting the record.","LOCATION","Yes","No","consult the location values in Location sheet",,,,,,,,,,,,"Yes","Country",1970-01-01,,,
"RESPICLINSC","Status","Status","The Status value is used to provide the functionality for a record within EpiPulse Cases database. Default value: NEW/UPDATE. If set to DELETE, the record with the specified NationalRecordId is deleted (invalidated) from EpiPulse Cases database, if it exists. If set to NEW/UPDATE, the record is inserted into the database: If the same NationalRecordId already exists for the same data source and subject code, then the current submitted record updates (replace) the existing one.","REF","No","No","DELETE = Delete a previously reported record.
NEW/UPDATE = Update a previously reported record (default).
",,,,,,,,,,,,,,1970-01-01,,,
"RESPICLINSC","SubjectCode","Subject code","SubjectCode is a reporting model for a disease/health topic - identifies the reporting structure and format of a record (case based or aggregate reporting).","REF","Yes","No","RESPICLINSC = Secondary care consultation data (SARI syndromic)
",,,,,,,,,,,,,,1970-01-01,,,
"RESPICLINSC","NationalRecordId","National record identifier","The record identifier is provided by the reporting country. It must be unique within the national respiratory virus disease surveillance system and anonymous. For aggregate datasets, countries may choose to concatenate multiple variables to create a unique identifier (e.g. ReportingCountry-DateUsedForStatistics-ClinicalSyndrome-Indicator).","TEXT","Yes","No",,,80,,,,,,,,,,,,1970-01-01,,1,1
"RESPICLINSC","DataSource","Data source","The data source (surveillance system) that the record originates from. The DataSource value must be a special reference value from EpiPulse Cases metadata.","DATASOURCE","Yes","No","consult the data source values in DataSource sheet",,,,,,,,,,,,,,1970-01-01,,1,2
"RESPICLINSC","DateUsedForStatistics","Date used for statistics","The week assigned to the reported data. This should correspond to the date used by the national surveillance institute or organisation in its reports and official statistics, to ensure coherence between national and supranational outputs. The reference date used for statistics may differ between countries. For RESPICLINSC, the date should ideally be based on the date of admission to hospital or ICU, or the date of death.","DATE","Yes","No",,,,,,,,"No",,,"yyyy-Www",,,,1970-01-01,,1,3
"RESPICLINSC","Indicator","Indicator","Select the indicator to report. Please note that more than one category can apply at the same time. This means you may need to report multiple categories for the same case (i.e. a case may be reported as hospitalised, in ICU, and deceased). If your surveillance system is ICU based, please do not report hospitalisations. You may report all-cause hospital admissions, catchment population, or both.","REF","Yes","No","DEATHS = Cases who have died
DENOMADMIT = All-cause hospital admissions 
DENOMPOP = Catchment population
HOSAD = Hospitalised cases
ICUAD = Cases admitted to ICU
",,,,,,,,,,,,,,1970-01-01,,2,1
"RESPICLINSC","Age00_04","Age group 0–4 years","Number of patients in the age group 0–4 years corresponding to the reported indicator (newly reported for the week of reporting).","NUM","No","No",,,,0,,,0,,,,,,,,1970-01-01,,2,2
"RESPICLINSC","Age05_14","Age group 5–14 years","Number of patients in the age group 5–14 years corresponding to the reported indicator (newly reported for the week of reporting).","NUM","No","No",,,,0,,,0,,,,,,,,1970-01-01,,2,3
"RESPICLINSC","Age15_29","Age group 15–29 years","Number of patients in the age group 15–29 years corresponding to the reported indicator (newly reported for the week of reporting).","NUM","No","No",,,,0,,,0,,,,,,,,1970-01-01,,2,4
"RESPICLINSC","Age15_64","Age group 15–64 years","Number of patients in the age group 15–64 years corresponding to the reported indicator (newly reported for the week of reporting).  Please only use this reporting type if data are not reported separately for the age groups 15–29 and 30–64 years.","NUM","No","No",,,,0,,,0,,,,,,,,1970-01-01,,2,5
"RESPICLINSC","Age30_64","Age group 30–64 years","Number of patients in the age group 30–64 years corresponding to the reported indicator (newly reported for the week of reporting).","NUM","No","No",,,,0,,,0,,,,,,,,1970-01-01,,2,6
"RESPICLINSC","Age65plus","Age group 65+ years","Number of patients in the age group 65+ years corresponding to the reported indicator (newly reported for the week of reporting). Please only use this reporting type if data are not reported separately for the age groups 65–79 and 80+ years.","NUM","No","No",,,,0,,,0,,,,,,,,1970-01-01,,2,7
"RESPICLINSC","Age65_79","Age group 65–79 years","Number of patients in the age group 65–79 years corresponding to the reported indicator (newly reported for the week of reporting).","NUM","No","No",,,,0,,,0,,,,,,,,1970-01-01,,2,8
"RESPICLINSC","Age80plus","Age group 80+ years","Number of patients in the age group 80+ years corresponding to the reported indicator (newly reported for the week of reporting).","NUM","No","No",,,,0,,,0,,,,,,,,1970-01-01,,2,9
"RESPICLINSC","AgeUnk","Age unknown","Number of patients with an unknown age corresponding to the reported indicator (newly reported for week of reporting).","NUM","No","No",,,,0,,,0,,,,,,,,1970-01-01,,2,10
"RESPIQUAL","HealthTopic","Health topic","The code of the health topic that is being reported.","REF","No","No","RESPI = Respiratory viruses
",,,,,,,,,,,,,,1970-01-01,,,
"RESPIQUAL","ReportingCountry","Reporting country","The country reporting the record.","LOCATION","Yes","No","consult the location values in Location sheet",,,,,,,,,,,,"Yes","Country",1970-01-01,,,
"RESPIQUAL","Status","Status","The Status value is used to provide the functionality for a record within EpiPulse Cases database. Default value: NEW/UPDATE. If set to DELETE, the record with the specified NationalRecordId is deleted (invalidated) from EpiPulse Cases database, if it exists. If set to NEW/UPDATE, the record is inserted into the database: If the same NationalRecordId already exists for the same data source and subject code, then the current submitted record updates (replace) the existing one.","REF","No","No","DELETE = Delete a previously reported record.
NEW/UPDATE = Update a previously reported record (default).
",,,,,,,,,,,,,,1970-01-01,,,
"RESPIQUAL","SubjectCode","Subject code","SubjectCode is a reporting model for a disease/health topic - identifies the reporting structure and format of a record (case based or aggregate reporting).","REF","Yes","No","RESPIQUAL = Respiratory virus - qualitative indicators
",,,,,,,,,,,,,,1970-01-01,,,
"RESPIQUAL","NationalRecordId","National record identifier","Unique identifier for each record within and across the specified surveillance system (data source) – selected and generated by the country reporting the record.","TEXT","Yes","No",,,80,,,,,,,,,,,,1970-01-01,,1,1
"RESPIQUAL","DataSource","Data source","The data source (surveillance system) that the record originates from. The DataSource value must be a special reference value from EpiPulse Cases metadata.","DATASOURCE","Yes","No","consult the data source values in DataSource sheet",,,,,,,,,,,,,,1970-01-01,,1,2
"RESPIQUAL","DateUsedForStatistics","Date used for statistics","The reference week (yyyy-Www) for the reported qualitative indicator.","DATE","Yes","No",,,,,,,,"No",,,"yyyy-Www",,,,1970-01-01,,1,3
"RESPIQUAL","PathogenSyndrome","Pathogen or syndrome","Pathogen or syndrome that applies.","REF","Yes","No","INFL = Influenza
RSV = Respiratory syncytial virus
SARSCOV2 = Severe acute respiratory syndrome coronavirus-2 (SARS-CoV-2)
SYND = Syndromic
",,,,,,,,,,,,,,1970-01-01,,2,1
"RESPIQUAL","SurveillanceType","Surveillance type","Type of surveillance system.","REF","Yes","No","OTH = Other
PISA = PISA
",,,,,,,,,,,,,,1970-01-01,,2,2
"RESPIQUAL","QualitativeIndicator","Qualitative indicator","Please select the qualitative indicator that you would like to report. The reporting protocol includes considerations for each qualitative indicator.","REF","Yes","No","IMPACT = Impact on healthcare capacity
MORB = Morbidity and mortality
SERIOUS = Seriousness of disease
TRANS = Transmissibility
",,,,,,,,,,,,,,1970-01-01,,2,3
"RESPIQUAL","QualitativeValue","Qualitative value","Please select the value corresponding to the selected combination of pathogen/sydrome, surveillance type and qualititive indicator.","REF","Yes","No","1 = No activity or below epidemic threshold
2 = Low
3 = Moderate
4 = High
5 = Extraordinary
",,,,,,,,,,,,,,1970-01-01,,2,4
"RESPIQUAL","Confidence","Confidence","Level of confidence for the qualitative value reported for the selected combination of pathogen/sydrome, surveillance type and qualititive indicator.","REF","No","No","H = High
L = Low
M = Medium
",,,,,,,,,,,,,,1970-01-01,,2,5
"RESPIQUAL","Comment","Comment","Information should be included on any factors which may have influenced the assessment (for example, changes in health care seeking behaviour, testing practices and capacities and so on), and any differences in activity in certain age groups, at-risk groups or regions highlighted.","TEXT","No","No",,,4000,,,,,,,,,,,,1970-01-01,,2,6
"RESPISEVERE","HealthTopic","Health topic","The code of the health topic that is being reported.","REF","No","No","RESPI = Respiratory viruses
",,,,,,,,,,,,,,1970-01-01,,,
"RESPISEVERE","ReportingCountry","Reporting country","The country reporting the record.","LOCATION","Yes","No","consult the location values in Location sheet",,,,,,,,,,,,"Yes","Country",1970-01-01,,,
"RESPISEVERE","Status","Status","The Status value is used to provide the functionality for a record within EpiPulse Cases database. Default value: NEW/UPDATE. If set to DELETE, the record with the specified NationalRecordId is deleted (invalidated) from EpiPulse Cases database, if it exists. If set to NEW/UPDATE, the record is inserted into the database: If the same NationalRecordId already exists for the same data source and subject code, then the current submitted record updates (replace) the existing one.","REF","No","No","DELETE = Delete a previously reported record.
NEW/UPDATE = Update a previously reported record (default).
",,,,,,,,,,,,,,1970-01-01,,,
"RESPISEVERE","SubjectCode","Subject code","SubjectCode is a reporting model for a disease/health topic - identifies the reporting structure and format of a record (case based or aggregate reporting).","REF","Yes","No","RESPISEVERE = Respiratory virus severity indicators
",,,,,,,,,,,,,,1970-01-01,,,
"RESPISEVERE","NationalRecordId","National record identifier","The record identifier is provided by the reporting country. It must be unique within the national respiratory virus disease surveillance system and anonymous. For aggregate datasets, countries may choose to concatenate multiple variables to create a unique identifier (e.g. ReportingCountry-DateUsedForStatistics-SurveillanceType-Pathogen-PathogenOther-InfluenzaTypeSubtype-RSVType-Indicator).","TEXT","Yes","No",,,80,,,,,,,,,,,,1970-01-01,,1,1
"RESPISEVERE","DataSource","Data source","The data source (surveillance system) that the record originates from. The DataSource value must be a special reference value from EpiPulse Cases metadata.","DATASOURCE","Yes","No","consult the data source values in DataSource sheet",,,,,,,,,,,,,,1970-01-01,,1,2
"RESPISEVERE","DateUsedForStatistics","Date used for statistics","The week assigned to the reported data. This should correspond to the date used by the national surveillance institute or organisation in its reports and official statistics, to ensure coherence between national and supranational outputs. The reference date used for statistics may differ between countries. For RESPISEVERE, the reference date should ideally be the date of admission to hospital or ICU, or the date of death. If the date of admission is unknown, or if the admission was due to another cause, the date of specimen collection may be used instead.","DATE","Yes","No",,,,,,,,"No",,,"yyyy-Www",,,,1970-01-01,,1,3
"RESPISEVERE","Pathogen","Pathogen","Specify the pathogen associated with the indicator. If selecting OTH, please specify which pathogen in the PathogenOther variable.","REF","Yes","No","INFL = Influenza virus, not specified
MERSCOV = Middle East respiratory syndrome–related coronavirus (MERS-CoV)
OTH = Other pathogen, not specified
RSV = Respiratory Syncytial Virus
SARSCOV2 = Severe Acute Respiratory Syndrome Coronavirus-2 (SARS-CoV-2)
",,,,,,,,,,,,,,1970-01-01,,2,1
"RESPISEVERE","PathogenOther","Pathogen other","Specify any pathogen that was not captured in the Pathogen variable. Reporting of additional pathogens is optional and these data are currently not used in weekly outputs.","REF","No","No","consult the reference values for 
SubjectCode = RESPISEVERE and Variable = PathogenOther",,,,,,,,,,,,,,1970-01-01,,2,2
"RESPISEVERE","InfluenzaTypeSubtype","Influenza type and subtype","Influenza type and subtype should be reported when Influenza is reported for the Pathogen variable. Note: When reporting TESTS, please leave this field blank.","REF","No","No","AH1N1pdm09 = A(H1N1)pdm09
AH1pdm09 = A(H1)pdm09
AH3 = A(H3)
AH3N2 = A(H3N2)
AUNK = A unknown
BNoLineage = B lineage not determined
BVic = B/Vic
BYam = B/Yam
INFL_UNK = Influenza untyped
",,,,,,,,,,,,,,1970-01-01,,2,3
"RESPISEVERE","RSVType","RSV type","Report RSV type when RSV is reported for the variable Pathogen. Note: When reporting TESTS, please leave this field blank.","REF","No","No","RSV_A = RSV Type A
RSV_B = RSV Type B
RSV_UNK = RSV unknown type
",,,,,,,,,,,,,,1970-01-01,,2,4
"RESPISEVERE","SurveillanceType","Surveillance type","Indicate whether you are reporting virological data from: (i) Surveillance that relies on a syndromic case definition (such as ILI, ARI, SARI or electronic health record (EHR) case definitions); or (ii) Pathogen-specific laboratory-based surveillance (e.g. for influenza, RSV, SARS-CoV-2) or EHR diagnostic codes that reflect pathogen-specific diagnoses (e.g., cases not included in the EHR-based case definition). Surveillance that relies on a syndromic case definition (ILI/ARI/SARI) was previously coded as sentinel (STL) in TESSy, reflecting how many of these systems were historically designed and implemented. Pathogen-specific laboratory-based surveillance was previously coded as nonsentinel (NONSTL). Please note that both (i) and (ii) can be sentinel or universal depending on the system design.","REF","Yes","No","PATH = Virological data from pathogen-specific laboratory-based surveillance
SYND = Virological data from surveillance that relies on a syndromic case definition (ILI/ARI/SARI)
",,,,,,,,,,,,,,1970-01-01,,2,5
"RESPISEVERE","Indicator","Indicator","Select the indicator to report. Please note that more than one category can apply at the same time. This means you may need to report multiple categories for the same case (i.e. a case may be reported as hospitalised, in ICU, and deceased). If your surveillance system is ICU based, please do not report hospitalisations. Where SurveillanceType = SYND ensure to report both HOSAD_DETECTIONS and HOSAD_TESTS per pathogen.","REF","Yes","No","DEATHS_DETECTIONS = Deaths among patients who recently tested positive
HOSAD_DETECTIONS = Detections among patients admitted to hospital
HOSAD_TESTS = Tests among patients admitted to hospital
ICUAD_DETECTIONS = Detections among patients admitted to ICU
ICUAD_TESTS = Tests among patients admitted to ICU
",,,,,,,,,,,,,,1970-01-01,,2,6
"RESPISEVERE","Age00_04","Age group 0–4 years","Number of patients in the age group 0–4 years corresponding to the reported indicator (newly reported for the week of reporting).","NUM","No","No",,,,0,,,0,,,,,,,,1970-01-01,,2,7
"RESPISEVERE","Age05_14","Age group 5–14 years","Number of patients in the age group 5–14 years corresponding to the reported indicator (newly reported for the week of reporting).","NUM","No","No",,,,0,,,0,,,,,,,,1970-01-01,,2,8
"RESPISEVERE","Age15_29","Age group 15–29 years","Number of patients in the age group 15–29 years corresponding to the reported indicator (newly reported for the week of reporting).","NUM","No","No",,,,0,,,0,,,,,,,,1970-01-01,,2,9
"RESPISEVERE","Age15_64","Age group 15–64 years","Number of patients in the age group 15–64 years corresponding to the reported indicator (newly reported for the week of reporting).  Please only use this reporting type if data are not reported separately for the age groups 15–29 and 30–64 years.","NUM","No","No",,,,0,,,0,,,,,,,,1970-01-01,,2,10
"RESPISEVERE","Age30_64","Age group 30–64 years","Number of patients in the age group 30–64 years corresponding to the reported indicator (newly reported for the week of reporting).","NUM","No","No",,,,0,,,0,,,,,,,,1970-01-01,,2,11
"RESPISEVERE","Age65plus","Age group 65+ years","Number of patients in the age group 65+ years corresponding to the reported indicator (newly reported for the week of reporting). Please only use this reporting type if data are not reported separately for the age groups 65–79 and 80+ years.","NUM","No","No",,,,0,,,0,,,,,,,,1970-01-01,,2,12
"RESPISEVERE","Age65_79","Age group 65–79 years","Number of patients in the age group 65–79 years corresponding to the reported indicator (newly reported for the week of reporting).","NUM","No","No",,,,0,,,0,,,,,,,,1970-01-01,,2,13
"RESPISEVERE","Age80plus","Age group 80+ years","Number of patients in the age group 80+ years corresponding to the reported indicator (newly reported for the week of reporting).","NUM","No","No",,,,0,,,0,,,,,,,,1970-01-01,,2,14
"RESPISEVERE","AgeUnk","Age unknown","Number of patients with an unknown age corresponding to the reported indicator (newly reported for week of reporting).","NUM","No","No",,,,0,,,0,,,,,,,,1970-01-01,,2,15
"RESPITHRESHOLD","HealthTopic","Health topic","The code of the health topic that is being reported.","REF","No","No","RESPI = Respiratory viruses
",,,,,,,,,,,,,,1970-01-01,,,
"RESPITHRESHOLD","ReportingCountry","Reporting country","The country reporting the record.","LOCATION","Yes","No","consult the location values in Location sheet",,,,,,,,,,,,"Yes","Country",1970-01-01,,,
"RESPITHRESHOLD","Status","Status","The Status value is used to provide the functionality for a record within EpiPulse Cases database. Default value: NEW/UPDATE. If set to DELETE, the record with the specified NationalRecordId is deleted (invalidated) from EpiPulse Cases database, if it exists. If set to NEW/UPDATE, the record is inserted into the database: If the same NationalRecordId already exists for the same data source and subject code, then the current submitted record updates (replace) the existing one.","REF","No","No","DELETE = Delete a previously reported record.
NEW/UPDATE = Update a previously reported record (default).
",,,,,,,,,,,,,,1970-01-01,,,
"RESPITHRESHOLD","SubjectCode","Subject code","SubjectCode is a reporting model for a disease/health topic - identifies the reporting structure and format of a record (case based or aggregate reporting).","REF","Yes","No","RESPITHRESHOLD = Respiratory virus threshold data
",,,,,,,,,,,,,,1970-01-01,,,
"RESPITHRESHOLD","NationalRecordId","National record identifier","The record identifier is provided by the reporting country. It must be unique within the national respiratory virus disease surveillance system and anonymous. For aggregate datasets, countries may choose to concatenate multiple variables to create a unique identifier (e.g. ReportingCountry-DateUsedForStatistics-ClinicalSyndrome-ThresholdCode).","TEXT","Yes","No",,,80,,,,,,,,,,,,1970-01-01,,1,1
"RESPITHRESHOLD","DataSource","Data source","The data source (surveillance system) that the record originates from. The DataSource value must be a special reference value from EpiPulse Cases metadata.","DATASOURCE","Yes","No","consult the data source values in DataSource sheet",,,,,,,,,,,,,,1970-01-01,,1,2
"RESPITHRESHOLD","DateUsedForStatistics","Date used for statistics","Enter the year corresponding to the season for which threshold data are being reported. For each season, use the starting year of the season. For example, for the 2026/2027 season, report 2026.","DATE","Yes","No",,,,,,,,"Yes",,2027-12-31,"yyyy",,,,1970-01-01,,1,3
"RESPITHRESHOLD","ClinicalSyndrome","Clinical syndrome","Specify the clinical syndrome corresponding to the reported threshold.","REF","No","No","ARI = Acute respiratory infection
ILI = Influenza-like illness
SARI = Severe acute respiratory infections
",,,,,,,,,,,,,,1970-01-01,,2,1
"RESPITHRESHOLD","ThresholdCode","Threshold value code","Specify the threshold value code.","REF","Yes","No","1 = Threshold to move from baseline to low (e.g. PreEpidemic)
2 = Threshold to move from low to medium (e.g. CI40)
3 = Threshold to move from medium to high (e.g. CI90)
4 = Threshold to move from high to very high (e.g. CI975)
5 = Threshold indicating a return from epidemic activity to baseline levels (e.g. Post Epidemic)
",,,,,,,,,,,,,,1970-01-01,,2,2
"RESPITHRESHOLD","ThresholdMethod","Threshold method","Specify the threshold method.","REF","No","No","ACM = WHO average curve method
MEM = Moving epidemic method
OTH = Country-specific statistical or empirical approaches
PER = Percentile method
",,,,,,,,,,,,,,1970-01-01,,2,3
"RESPITHRESHOLD","ThresholdValueTotal","Threshold value total","Threshold value (total, not age disaggregated) corresponding to the reported threshold value code.","NUM","No","No",,,,0,9999999,,2,,,,,,,,1970-01-01,,2,4
"RESPITHRESHOLD","Age00_04","Age group 0–4 years","Threshold value for the age group 0–4 years corresponding to the reported threshold value code.","NUM","No","No",,,,0,9999999,,2,,,,,,,,1970-01-01,,2,5
"RESPITHRESHOLD","Age05_14","Age group 5–14 years","Threshold value for the age group 5-14 years corresponding to the reported threshold value code.","NUM","No","No",,,,0,9999999,,2,,,,,,,,1970-01-01,,2,6
"RESPITHRESHOLD","Age15_64","Age group 15–64 years","Threshold value for the age group 15-64 years corresponding to the reported threshold value code.","NUM","No","No",,,,0,9999999,,2,,,,,,,,1970-01-01,,2,7
"RESPITHRESHOLD","Age65plus","Age group 65+ years","Threshold value for the age group 65+ years corresponding to the reported threshold value code.","NUM","No","No",,,,0,9999999,,2,,,,,,,,1970-01-01,,2,8
"RUBE","Disease","Disease","The code of the disease that is being reported.","REF","No","No","RUBE = Rubella
",,,,,,,,,,,,,,1970-01-01,,,
"RUBE","ReportingCountry","ReportingCountry","The country reporting the record.","LOCATION","Yes","No","consult the location values in Location sheet",,,,,,,,,,,,"Yes","Country",1970-01-01,,,
"RUBE","Status","Status","The Status value is used to provide the functionality for a record within EpiPulse Cases database. Default value: NEW/UPDATE. If set to DELETE, the record with the specified NationalRecordId is deleted (invalidated) from EpiPulse Cases database, if it exists. If set to NEW/UPDATE, the record is inserted into the database: If the same NationalRecordId already exists for the same data source and subject code, then the current submitted record updates (replace) the existing one.","REF","No","No","DELETE = Delete a previously reported record.
NEW/UPDATE = Update a previously reported record (default).
",,,,,,,,,,,,,,1970-01-01,,,
"RUBE","SubjectCode","Subject code","SubjectCode is a reporting model for a disease/health topic - identifies the reporting structure and format of a record (case based or aggregate reporting).","REF","Yes","No","RUBE = Rubella
",,,,,,,,,,,,,,1970-01-01,,,
"RUBE","NationalRecordId","National record identifier","Unique identifier for each record within and across the specified surveillance system (data source) – selected and generated by the country reporting the record.","TEXT","Yes","No",,,80,,,,,,,,,,,,1970-01-01,,1,1
"RUBE","DataSource","Data source","The data source (surveillance system) that the record originates from. The DataSource value must be a special reference value from EpiPulse Cases metadata.","DATASOURCE","Yes","No","consult the data source values in DataSource sheet",,,,,,,,,,,,,,1970-01-01,,1,2
"RUBE","DateUsedForStatistics","Date used for statistics","The reference date used for standard reports that is compared to the reporting period. The date used for statistics can be any date that the reporting country finds applicable, e.g. date of notification, date of diagnosis or any other date.","DATE","Yes","No",,,,,,,,"No",,,"yyyy,yyyy-mm,yyyy-mm-dd,yyyy-Qq,yyyy-Www",,,,1970-01-01,,1,3
"RUBE","Age","Age","Age of patient in years as reported in the national system at the time of disease onset.","NUM","No","No",,,,0,125,,0,,,,,,,,1970-01-01,,2,1
"RUBE","AgeMonth","Age in months","Age of patient in months as reported in the national system for cases < 2 years of age at the time of disease onset.","NUM","No","No",,,,0,23,,0,,,,,,,,1970-01-01,,2,2
"RUBE","Gender","Gender","Gender of the reported record.","REF","No","No","F = Female
M = Male
OTH = Other
",,,,,,,,,,,,,,1970-01-01,,2,3
"RUBE","Pregnancy","Pregnancy","Pregnancy at the time of infection.","BOOL","No","No",,,,,,,,,,,,,,,1970-01-01,,2,4
"RUBE","WeekOfGestation","Week of gestation","Gestational age (weeks) at time of infection.","REF","No","No","W1-12 = 1 to 12 weeks
W13-20 = 13 to 20 weeks
W20+ = More than 20 weeks
",,,,,,,,,,,,,,1970-01-01,,2,5
"RUBE","CaseClassification","Case classification","Case classification according to EU case definition.","REF","Yes","No","CONF = Confirmed
DISCARDED = Discarded
POSS = Possible
PROB = Probable
",,,,,,,,,,,,,,1970-01-01,,3,1
"RUBE","DateOfOnset","Date of onset of disease","Date of onset of disease.","DATE","No","No",,,,,,,,"No",,,"yyyy,yyyy-mm,yyyy-mm-dd,yyyy-Qq",,,,1970-01-01,,3,2
"RUBE","DateOfInvestigation","Date of investigation","Date of start of epidemiological investigation of case by public health authorities.","DATE","No","No",,,,,,,,"No",,,"yyyy-mm-dd",,,,1970-01-01,,3,3
"RUBE","DateOfNotification","Date of notification","Date when the case report is first notified to public health authorities.","DATE","Yes","No",,,,,,,,"No",,,"yyyy,yyyy-mm,yyyy-mm-dd,yyyy-Qq,yyyy-Www",,,,1970-01-01,,3,4
"RUBE","Hospitalisation","Hospitalisation","History of hospitalisation due to the disease or related complications. Hospitalisation defined as at least one overnight stay.","BOOL","No","No",,,,,,,,,,,,,,,1970-01-01,,3,5
"RUBE","Outcome","Outcome of case","Information on whether the case is alive or deceased. The death should be due to the reported disease.","REF","No","No","A = Alive
D = Died
",,,,,,,,,,,,,,1970-01-01,,3,6
"RUBE","ClinicalCriteriaStatus","Clinical criteria status","The criteria for a clinical picture of the disease are met.","BOOL","No","No",,,,,,,,,,,,,,,1970-01-01,,3,7
"RUBE","ComplicationDiagnosis","Complication diagnosis","Complications of rubella. Can be repeated if several complications have occurred.","REF","No","Yes","ARTH = Rubella arthritis
NEURO = Neurological complications
NONE = None
OTH = Other
",,,,,,,,,,,,,,1970-01-01,,3,8
"RUBE","ClusterRelated","Cluster related","Is the case part of an outbreak/cluster?","BOOL","No","No",,,,,,,,,,,,,,,1970-01-01,,3,9
"RUBE","ClusterId","Cluster identification","Unique identifier of the cluster as provided by the country epidemiologist.","TEXT","No","No",,,80,,,,,,,,,,,,1970-01-01,,3,10
"RUBE","ClusterSetting","Cluster setting","Setting of the cluster (for epidemiologically-linked cases).","REF","No","Yes","CHILDCARE = Kindergarten or child care
FAM = Family
MIL = Military
NOS = Nosocomial (hospital)
OTH = Other
SCH = School
SPORT = Sports team
UNI = University
",,,,,,,,,,,,,,1970-01-01,,3,11
"RUBE","DateOfLastVaccination","Date of last vaccination","Date of administration of the last vaccination dose - indicates the date when the last dose of vaccine was given before disease onset (if exact date is not known, then provide month or year).","DATE","No","No",,,,,,,,"No",,,"yyyy,yyyy-mm,yyyy-mm-dd,yyyy-Qq",,,,1970-01-01,,3,12
"RUBE","VaccinationStatus","Vaccination status","Indicates if the case is vaccinated and number of vaccine doses received.","REF","No","No","10DOSE = 10 doses
1DOSE = 1 dose
2DOSE = 2 doses
3DOSE = 3 doses
4DOSE = 4 doses
5DOSE = 5 doses
6DOSE = 6 doses
7DOSE = 7 doses
8DOSE = 8 doses
9DOSE = 9 doses
NOTVACC = Not vaccinated
UNKDOSE = Vaccinated, dose unknown
",,,,,,,,,,,,,,1970-01-01,,3,13
"RUBE","ImportedStatus","Imported status","Imported case: a case occurring in an individual whose travel dates are consistent with infection acquired while in another country (12–23 days prior to rash onset for rubella) as supported by epidemiological and/or virological evidence.
Import related case: a locally acquired infection that occurs as part of a chain of transmission originating from an imported case (as supported by epidemiological and/or virological evidence).
Not imported case: a case resulting from exposure/transmission within the country of residence and not linked to an imported case (based on epidemiological and/or virological evidence).
Unknown importation status case: a case with unknown source of infection (no epidemiological and/or virological evidence of being imported, import-related or locally acquired).","REF","No","No","IMP = Imported case
IMPREL = Import related case
IMPUNK = Unknown importation status
NOTIMP = Not imported (locally acquired) case
",,,,,,,,,,,,,,1970-01-01,,4,1
"RUBE","PlaceOfInfection","Place of infection","If ImportedStatus = 'IMP': The probable place of infection should be provided at the country level. One entry for each country visited during the incubation period of the disease. Note this is a repeatable field.","LOCATION","No","Yes","consult the location values in Location sheet",,,,,,,,,,,,"No","Country",1970-01-01,,4,2
"RUBE","PlaceOfNotification","Place of notification","Place of the first notification of the case to a regional authority. Select the most detailed NUTS level possible.","LOCATION","No","No","consult the location values in Location sheet",,,,,,,,,,,,"Yes","Country,NUTS1,NUTS2,NUTS3",1970-01-01,,4,3
"RUBE","PlaceOfResidence","Place of residence","Place of residence of patient at the time of disease onset. Select the most detailed NUTS level possible.","LOCATION","No","No","consult the location values in Location sheet",,,,,,,,,,,,"No","Country,NUTS1,NUTS2,NUTS3",1970-01-01,,4,4
"RUBE","DateOfSpecimen","Date of specimen","Date when first specimen was collected from patient regardless of test results.","DATE","No","No",,,,,,,,"No",,,"yyyy-mm-dd",,,,1970-01-01,,5,1
"RUBE","DateOfLabResult","Date of laboratory result","Date when laboratory results become available (first validated result to confirm or invalidate the case).","DATE","No","No",,,,,,,,"No",,,"yyyy-mm-dd",,,,1970-01-01,,5,2
"RUBE","SpecimenVirDetect","Type of specimen(s) collected","Type of specimen(s) collected.","REF","No","Yes","DRYBLOSP = Dry blood spot
EDTA = EDTA whole blood
NASALSWAB = Nasal swab
OTH = Other
SALOR = Saliva/oral fluid
SER = Serum
URINE = Urine
",,,,,,,,,,,,,,1970-01-01,,5,3
"RUBE","ResultVirDetect","Result of virus detection or isolation","Validated result of virus detection or isolation, by for example RT-PCR or culture.","REF","No","No","EQUI = Equivocal
NEG = Negative
NOTEST = Not tested
POS = Positive
",,,,,,,,,,,,,,1970-01-01,,5,4
"RUBE","Genotype","Genotype","Rubella virus genotype.","REF","No","No","RUBEV_1A = Rubella virus Genotype 1A
RUBEV_1B = Rubella virus Genotype 1B
RUBEV_1C = Rubella virus Genotype 1C
RUBEV_1D = Rubella virus Genotype 1D
RUBEV_1E = Rubella virus Genotype 1E
RUBEV_1F = Rubella virus Genotype 1F
RUBEV_1G = Rubella virus Genotype 1G
RUBEV_1H = Rubella virus Genotype 1H
RUBEV_1I = Rubella virus Genotype 1I
RUBEV_1J = Rubella virus Genotype 1J
RUBEV_2A = Rubella virus Genotype 2A
RUBEV_2B = Rubella virus Genotype 2B
RUBEV_2C = Rubella virus Genotype 2C
",,,,,,,,,,,,,,1970-01-01,,5,5
"RUBE","SpecimenSero","Type of specimen(s) for serological analysis","Type of specimen(s) collected for serological analysis.","REF","No","Yes","DRYBLOSP = Dry blood spot
EDTA = EDTA whole blood
NASALSWAB = Nasal swab
OTH = Other
SALOR = Saliva/oral fluid
SER = Serum
URINE = Urine
",,,,,,,,,,,,,,1970-01-01,,5,6
"RUBE","IgGAvidityTest","IgG avidity test","IgG avidity test method performed for confirmation of the case according to EU case definition.","BOOL","No","No",,,,,,,,,,,,,,,1970-01-01,,5,7
"RUBE","ResultIgG","Result IgG","Result of serologic test for IgG (at least a fourfold rise in specific antibodies titre or seroconversion in paired serum samples).","REF","No","No","EQUI = Equivocal
NEG = Negative
NOTEST = Not tested
POS = Positive
",,,,,,,,,,,,,,1970-01-01,,5,8
"RUBE","ResultIgM","Result IgM","Result of serologic test for IgM.","REF","No","No","EQUI = Equivocal
NEG = Negative
NOTEST = Not tested
POS = Positive
",,,,,,,,,,,,,,1970-01-01,,5,9
"RUBEAGGR","Disease","Disease","The code of the disease that is being reported.","REF","No","No","RUBE = Rubella
",,,,,,,,,,,,,,1970-01-01,,,
"RUBEAGGR","ReportingCountry","Reporting country","The country reporting the record.","LOCATION","Yes","No","consult the location values in Location sheet",,,,,,,,,,,,"Yes","Country",1970-01-01,,,
"RUBEAGGR","SubjectCode","Subject code","SubjectCode is a reporting model for a disease/health topic - identifies the reporting structure and format of a record (case based or aggregate reporting).","REF","Yes","No","RUBEAGGR = Rubella aggregated
",,,,,,,,,,,,,,1970-01-01,,,
"RUBEAGGR","DataSource","Data source","The data source (surveillance system) that the record originates from. The DataSource value must be a special reference value from EpiPulse Cases metadata.","DATASOURCE","Yes","No","consult the data source values in DataSource sheet",,,,,,,,,,,,,,1970-01-01,,1,1
"RUBEAGGR","DateUsedForStatistics","Date used for statistics","The reference date used for standard reports that is compared to the reporting period. The date used for statistics can be any date that the reporting country finds applicable, e.g. date of notification, date of diagnosis or any other date.","DATE","Yes","No",,,,,,,,"No",,,"yyyy,yyyy-mm,yyyy-Qq",,,,1970-01-01,,1,2
"RUBEAGGR","AgeGroup","Age group","Age group of the reported record.","REF","No","No","Age00 = 0 years old
Age01_04 = 1 - 4 years old
Age05_09 = 5 - 9 years old
Age10_14 = 10 - 14 years old
Age15_19 = 15 - 19 years old
Age20_24 = 20 - 24 years old
Age20_29 = 20 - 29 years old
Age25_29 = 25 - 29 years old
Age30+ = 30+ years old
Age30_34 = 30 - 34 years old
Age35_39 = 35 - 39 years old
Age40_44 = 40 - 44 years old
Age45_49 = 45 - 49 years old
Age50_54 = 50 - 54 years old
Age55_59 = 55 - 59 years old
Age60_64 = 60 - 64 years old
Age65+ = 65+ years old
",,,,,,,,,,,,,,1970-01-01,,1,3
"RUBEAGGR","Gender","Gender","Gender of the reported record.","REF","No","No","F = Female
M = Male
OTH = Other
",,,,,,,,,,,,,,1970-01-01,,1,4
"RUBEAGGR","CaseClassification","Case classification","Case classification according to EU case definition.","REF","No","No","CONF = Confirmed
DISCARDED = Discarded
POSS = Possible
PROB = Probable
",,,,,,,,,,,,,,1970-01-01,,1,5
"RUBEAGGR","VaccinationStatus","Vaccination status","Indicates if the case is vaccinated and number of vaccine doses received.","REF","No","No","1DOSE = 1 dose
2DOSE = 2 doses
3DOSE = 3 doses
4DOSE = 4 doses
NOTVACC = Not vaccinated
UNKDOSE = Vaccinated, dose unknown
",,,,,,,,,,,,,,1970-01-01,,1,6
"RUBEAGGR","NumberOfCases","Number of cases","Total number of cases during the reported period for the specified disease.","NUM","Yes","No",,,,0,999999999,,0,,,,,,,,1970-01-01,,1,7
"SALM","Disease","Disease","The code of the disease that is being reported.","REF","No","No","SALM = Salmonellosis
",,,,,,,,,,,,,,1970-01-01,,,
"SALM","ReportingCountry","Reporting country","The country reporting the record.","LOCATION","Yes","No","consult the location values in Location sheet",,,,,,,,,,,,"Yes","Country",1970-01-01,,,
"SALM","Status","Status","The Status value is used to provide the functionality for a record within EpiPulse Cases database. Default value: NEW/UPDATE. If set to DELETE, the record with the specified NationalRecordId is deleted (invalidated) from EpiPulse Cases database, if it exists. If set to NEW/UPDATE, the record is inserted into the database: If the same NationalRecordId already exists for the same data source and subject code, then the current submitted record updates (replace) the existing one.","REF","No","No","DELETE = Delete a previously reported record.
NEW/UPDATE = Update a previously reported record (default).
",,,,,,,,,,,,,,1970-01-01,,,
"SALM","SubjectCode","Subject code","SubjectCode is a reporting model for a disease/health topic - identifies the reporting structure and format of a record (case based or aggregate reporting).","REF","Yes","No","SALM = Salmonellosis
",,,,,,,,,,,,,,1970-01-01,,,
"SALM","NationalRecordId","National record identifier","Unique identifier for each record within and across the specified surveillance system (data source) – selected and generated by the country reporting the record.","TEXT","Yes","No",,,80,,,,,,,,,,,,1970-01-01,,1,1
"SALM","DataSource","Data source","The data source (surveillance system) that the record originates from. The DataSource value must be a special reference value from EpiPulse Cases metadata.","DATASOURCE","Yes","No","consult the data source values in DataSource sheet",,,,,,,,,,,,,,1970-01-01,,1,2
"SALM","DateUsedForStatistics","Date used for statistics","The reference date used for standard reports that is compared to the reporting period. The date used for statistics can be any date that the reporting country finds applicable, e.g. date of notification, date of diagnosis or any other date.","DATE","Yes","No",,,,,,,,"No",,,"yyyy,yyyy-mm,yyyy-mm-dd,yyyy-Qq,yyyy-Www",,,,1970-01-01,,1,3
"SALM","Age","Age","Age of patient in years as reported in the national system at the time of disease onset.","NUM","No","No",,,,0,125,,0,,,,,,,,1970-01-01,,2,1
"SALM","Gender","Gender","Gender of the reported record.","REF","No","No","F = Female
M = Male
OTH = Other
",,,,,,,,,,,,,,1970-01-01,,2,2
"SALM","DateOfOnset","Date of onset of disease","Date of onset of disease. Leave empty for asymptomatic cases.","DATE","No","No",,,,,,,,"No",,,"yyyy,yyyy-mm,yyyy-mm-dd,yyyy-Qq","DateOfOnset,DateOfDiagnosis,DateOfNotification",,,1970-01-01,,3,1
"SALM","DateOfDiagnosis","Date of diagnosis","First date of clinical or lab diagnosis. In case the DateOfOnset is missing this date is used for analysis.","DATE","No","No",,,,,,,,"No",,,"yyyy,yyyy-mm,yyyy-mm-dd,yyyy-Qq,yyyy-Www","DateOfOnset,DateOfDiagnosis,DateOfNotification",,,1970-01-01,,3,2
"SALM","DateOfNotification","Date of notification","Date when the case report is first notified to public health authorities.","DATE","No","No",,,,,,,,"No",,,"yyyy,yyyy-mm,yyyy-mm-dd,yyyy-Qq,yyyy-Www","DateOfOnset,DateOfDiagnosis,DateOfNotification",,,1970-01-01,,3,3
"SALM","Hospitalisation","Hospitalisation","History of hospitalisation due to the disease or related complications. Hospitalisation defined as at least one overnight stay.","BOOL","No","No",,,,,,,,,,,,,,,1970-01-01,,3,4
"SALM","Outcome","Outcome of case","Information on whether the case is alive or deceased. The death should be due to the reported disease.","REF","No","No","A = Alive
D = Died
",,,,,,,,,,,,,,1970-01-01,,3,5
"SALM","SuspectedVehicle","Suspected vehicle","Suspected vehicle or source of infection. It shall be provided when ModeOfTransmission is 'FOOD' or 'ANIMAL', otherwise leave it empty.","REF","No","No","consult the reference values for 
SubjectCode = SALM and Variable = SuspectedVehicle",,,,,,,,,,,,,,1970-01-01,,3,6
"SALM","ModeOfTransmission","Mode of transmission","Suspected main mode of transmission.","REF","No","No","ANIMAL = Animal to human transmission
FOOD = Food including drinking water
HAI = Healthcare-associated
IDU = Injecting drug use
LAB = Transmission in a laboratory due to occupational exposure
MTCT = Mother-to-child transmission
ORGAN = Organ recipient
OTH = Other
PTP = Person-to-person (faecal-oral, excl. mother-to-child and sexual transmission)
RECRWATER = Recreational water
SEX = Sexual transmission
TRANSFU = Transfusion recipient
",,,,,,,,,,,,,,1970-01-01,,3,7
"SALM","CaseClassification","Case classification","Case classification according to EU case definition.","REF","Yes","No","CONF = Confirmed
PROB = Probable
",,,,,,,,,,,,,,1970-01-01,,3,8
"SALM","Serotype","Serotype","Salmonellosis serotype. Follows the Kauffmann-White scheme.","REF","No","No","consult the reference values for 
SubjectCode = SALM and Variable = Serotype",,,,,,,,,,,,,,1970-01-01,,3,9
"SALM","Imported","Imported","Infection has occurred following exposure outside the reporting country during a time compatible with the incubation period of the infection.","BOOL","No","No",,,,,,,,,,,,,,,1970-01-01,,4,1
"SALM","PlaceOfInfection","Place of infection","The probable place of infection should be provided at the lowest level possible, down to NUTS 3 level. If the probable place of infection is not within an EU/EEA country, then use GAUL nomenclature. Note this is a repeatable field.","LOCATION","No","Yes","consult the location values in Location sheet",,,,,,,,,,,,"No","Country,GAUL1,GAUL2,NUTS1,NUTS2,NUTS3",1970-01-01,,4,2
"SALM","PlaceOfNotification","Place of notification","Place of the first notification of the case to a regional authority. Select the most detailed NUTS level possible.","LOCATION","No","No","consult the location values in Location sheet",,,,,,,,,,,,"Yes","Country,NUTS1,NUTS2,NUTS3",1970-01-01,,4,3
"SALM","PlaceOfResidence","Place of residence","Place of residence of patient at the time of disease onset. Select the most detailed NUTS level possible.","LOCATION","No","No","consult the location values in Location sheet",,,,,,,,,,,,"No","Country,NUTS1,NUTS2,NUTS3",1970-01-01,,4,4
"SALM","IsolateId","Isolate identifier","This variable allows the linking of isolate records to the case record. Use the NationalRecordId of the isolate for this purpose. Note this is a repeatable field.","TEXT","No","Yes",,,80,,,,,,,,,,,,1970-01-01,,5,1
"SALM","SequenceType","Sequence type","MLST 7 gene sequence type.","NUM","No","No",,,,0,999999999,,0,,,,,,,,1970-01-01,,5,2
"SALM","DateOfReceiptSourceLab","Date of receipt source laboratory","Date of receipt in source laboratory.","DATE","No","No",,,,,,,,"No",,,"yyyy,yyyy-mm,yyyy-mm-dd,yyyy-Qq,yyyy-Www",,,,1970-01-01,,5,3
"SALM","DateOfReceiptReferenceLab","Date of receipt reference laboratory","Date of receipt in reference laboratory.","DATE","No","No",,,,,,,,"No",,,"yyyy,yyyy-mm,yyyy-mm-dd,yyyy-Qq,yyyy-Www",,,,1970-01-01,,5,4
"SALM","Specimen","Specimen","The relevant specimen type used for diagnosis of the case.","REF","No","No","BLOOD = Blood
CSF = Cerebrospinal fluid
FAECES = Faeces
OTH = Other
PUS = Pus
URINE = Urine
",,,,,,,,,,,,,,1970-01-01,,5,5
"SALM","ESBL","ESBL","ESBL and/or AmpC confirmed with phenotypic or genotypic tests.","REF","No","No","AmpC = AmpC beta-lactamase producer
ESBL = Extended-spectrum beta-lactamase producer
ESBL_AmpC = ESBL and AmpC beta-lactamase producer
NEG = Negative
",,,,,,,,,,,,,,1970-01-01,,5,6
"SALM","ResultCarbapenemase","Result carbapenemase","Carbapenemase confirmed with phenotypic or genotypic tests (1 - positive result / 0 - negative result). Leave empty if unknown.","BOOL","No","No",,,,,,,,,,,,,,,1970-01-01,,5,7
"SALM","SIR_AMP","Susceptibility to Ampicillin","Susceptibility to Ampicillin as the final interpretation based on one or more test results.","REF","No","No","I = Intermediate
R = Resistant
S = Susceptible
",,,,,,,,,,,,,,1970-01-01,,6,1
"SALM","SIR_CAZ","Susceptibility to Ceftazidime","Susceptibility to Ceftazidime as the final interpretation based on one or more test results.","REF","No","No","I = Intermediate
R = Resistant
S = Susceptible
",,,,,,,,,,,,,,1970-01-01,,6,2
"SALM","SIR_CHL","Susceptibility to Chloramphenicol","Susceptibility to Chloramphenicol as the final interpretation based on one or more test results.","REF","No","No","I = Intermediate
R = Resistant
S = Susceptible
",,,,,,,,,,,,,,1970-01-01,,6,3
"SALM","SIR_CIP","Susceptibility to Ciprofloxacin","Susceptibility to Ciprofloxacin as the final interpretation based on one or more test results.","REF","No","No","I = Intermediate
R = Resistant
S = Susceptible
",,,,,,,,,,,,,,1970-01-01,,6,4
"SALM","SIR_CTX","Susceptibility to Cefotaxime","Susceptibility to Cefotaxime as the final interpretation based on one or more test results.","REF","No","No","I = Intermediate
R = Resistant
S = Susceptible
",,,,,,,,,,,,,,1970-01-01,,6,5
"SALM","SIR_GEN","Susceptibility to Gentamicin","Susceptibility to Gentamicin as the final interpretation based on one or more test results.","REF","No","No","I = Intermediate
R = Resistant
S = Susceptible
",,,,,,,,,,,,,,1970-01-01,,6,6
"SALM","SIR_NAL","Susceptibility to Nalidixic Acid","Susceptibility to Nalidixic Acid as the final interpretation based on one or more test results.","REF","No","No","I = Intermediate
R = Resistant
S = Susceptible
",,,,,,,,,,,,,,1970-01-01,,6,7
"SALM","SIR_MEM","Susceptibility to Meropenem","Susceptibility to Meropenem as the final interpretation based on one or more test results.","REF","No","No","I = Intermediate
R = Resistant
S = Susceptible
",,,,,,,,,,,,,,1970-01-01,,6,8
"SALM","SIR_SMX","Susceptibility to Sulfamethoxazole","Susceptibility to Sulfamethoxazole as the final interpretation based on one or more test results.","REF","No","No","I = Intermediate
R = Resistant
S = Susceptible
",,,,,,,,,,,,,,1970-01-01,,6,9
"SALM","SIR_SXT","Susceptibility to Trimethoprim-sulfamethoxazole","Susceptibility to Trimethoprim-sulfamethoxazole as the final interpretation based on one or more test results.","REF","No","No","I = Intermediate
R = Resistant
S = Susceptible
",,,,,,,,,,,,,,1970-01-01,,6,10
"SALM","SIR_TCY","Susceptibility to Tetracyclines","Susceptibility to Tetracyclines as the final interpretation based on one or more test results.","REF","No","No","I = Intermediate
R = Resistant
S = Susceptible
",,,,,,,,,,,,,,1970-01-01,,6,11
"SALM","SIR_TMP","Susceptibility to Trimethoprim","Susceptibility to Trimethoprim as the final interpretation based on one or more test results.","REF","No","No","I = Intermediate
R = Resistant
S = Susceptible
",,,,,,,,,,,,,,1970-01-01,,6,12
"SALMAGGR","Disease","Disease","The code of the disease that is being reported.","REF","No","No","SALM = Salmonellosis
",,,,,,,,,,,,,,1970-01-01,,,
"SALMAGGR","ReportingCountry","Reporting country","The country reporting the record.","LOCATION","Yes","No","consult the location values in Location sheet",,,,,,,,,,,,"Yes","Country",1970-01-01,,,
"SALMAGGR","SubjectCode","Subject code","SubjectCode is a reporting model for a disease/health topic - identifies the reporting structure and format of a record (case based or aggregate reporting).","REF","Yes","No","SALMAGGR = Salmonellosis aggregated
",,,,,,,,,,,,,,1970-01-01,,,
"SALMAGGR","DataSource","Data source","The data source (surveillance system) that the record originates from. The DataSource value must be a special reference value from EpiPulse Cases metadata.","DATASOURCE","Yes","No","consult the data source values in DataSource sheet",,,,,,,,,,,,,,1970-01-01,,1,1
"SALMAGGR","DateUsedForStatistics","Date used for statistics","The reference date used for standard reports that is compared to the reporting period. The date used for statistics can be any date that the reporting country finds applicable, e.g. date of notification, date of diagnosis or any other date.","DATE","Yes","No",,,,,,,,"No",,,"yyyy,yyyy-mm,yyyy-Qq",,,,1970-01-01,,1,2
"SALMAGGR","AgeGroup","Age group","Age group of the reported record.","REF","No","No","Age00 = 0 years old
Age01_04 = 1 - 4 years old
Age05_09 = 5 - 9 years old
Age10_14 = 10 - 14 years old
Age15_19 = 15 - 19 years old
Age20_24 = 20 - 24 years old
Age25_29 = 25 - 29 years old
Age30_34 = 30 - 34 years old
Age35_39 = 35 - 39 years old
Age40_44 = 40 - 44 years old
Age45_49 = 45 - 49 years old
Age50_54 = 50 - 54 years old
Age55_59 = 55 - 59 years old
Age60_64 = 60 - 64 years old
Age65+ = 65+ years old
",,,,,,,,,,,,,,1970-01-01,,1,3
"SALMAGGR","Gender","Gender","Gender of the reported record.","REF","No","No","F = Female
M = Male
OTH = Other
",,,,,,,,,,,,,,1970-01-01,,1,4
"SALMAGGR","CaseClassification","Case classification","Case classification according to EU case definition.","REF","No","No","CONF = Confirmed
PROB = Probable
",,,,,,,,,,,,,,1970-01-01,,1,5
"SALMAGGR","NumberOfCases","Number of cases","Total number of cases during the reported period for the specified disease.","NUM","Yes","No",,,,0,999999999,,0,,,,,,,,1970-01-01,,1,6
"SALMISO","Disease","Disease","The code of the disease that is being reported.","REF","No","No","SALM = Salmonellosis
",,,,,,,,,,,,,,1970-01-01,,,
"SALMISO","HealthTopic","Health topic","The code of the health topic that is being reported.","REF","No","No","ISO = Isolate data
",,,,,,,,,,,,,,1970-01-01,,,
"SALMISO","ReportingCountry","Reporting country","The country reporting the record.","LOCATION","Yes","No","consult the location values in Location sheet",,,,,,,,,,,,"Yes","Country",1970-01-01,,,
"SALMISO","Status","Status","The Status value is used to provide the functionality for a record within EpiPulse Cases database. Default value: NEW/UPDATE. If set to DELETE, the record with the specified NationalRecordId is deleted (invalidated) from EpiPulse Cases database, if it exists. If set to NEW/UPDATE, the record is inserted into the database: If the same NationalRecordId already exists for the same data source and subject code, then the current submitted record updates (replace) the existing one.","REF","No","No","DELETE = Delete a previously reported record.
NEW/UPDATE = Update a previously reported record (default).
",,,,,,,,,,,,,,1970-01-01,,,
"SALMISO","SubjectCode","Subject code","SubjectCode is a reporting model for a disease/health topic - identifies the reporting structure and format of a record (case based or aggregate reporting).","REF","Yes","No","SALMISO = Salmonella isolate
",,,,,,,,,,,,,,1970-01-01,,,
"SALMISO","NationalRecordId","National record identifier","Unique identifier for each record within and across the specified surveillance system (data source) – selected and generated by the country reporting the record.","TEXT","Yes","No",,,80,,,,,,,,,,,,1970-01-01,,1,1
"SALMISO","DataSource","Data source","The data source (surveillance system) that the record originates from. The DataSource value must be a special reference value from EpiPulse Cases metadata.","DATASOURCE","Yes","No","consult the data source values in DataSource sheet",,,,,,,,,,,,,,1970-01-01,,1,2
"SALMISO","DateUsedForStatistics","Date used for statistics","The most epidemiologically relevant date for the isolate. Equal to the date of sampling if available. If not, equal to the date of receipt in the source lab, and if that is not available, the date of receipt in the reference lab.","DATE","Yes","No",,,,,,,,"No",2012-01-01,,"yyyy-mm-dd",,,,1970-01-01,,1,3
"SALMISO","CaseId","Case identifier","This variable enables the linking of a case record to the isolate record. Use the NationalRecordId of the case for this purpose.","TEXT","No","No",,,80,,,,,,,,,,,,1970-01-01,,1,4
"SALMISO","Age","Age","Age of patient in years as received or at the date of sampling.","NUM","No","No",,,,0,125,,0,,,,,,,,1970-01-01,,2,1
"SALMISO","Gender","Gender","Gender of the reported record.","REF","No","No","F = Female
M = Male
OTH = Other
",,,,,,,,,,,,,,1970-01-01,,2,2
"SALMISO","Imported","Imported","Having been outside the country of notification during the incubation period of the reported disease.","BOOL","No","No",,,,,,,,,,,,,,,1970-01-01,,2,3
"SALMISO","PlaceOfInfection","Place of infection","The probable place of infection should be provided at the lowest level possible, down to NUTS3 level. If the probable place of infection is not an EU/EEA country, then use GAUL nomenclature. Note this is a repeatable field.","LOCATION","No","Yes","consult the location values in Location sheet",,,,,,,,,,,,"No","Country,GAUL1,GAUL2,NUTS1,NUTS2,NUTS3",1970-01-01,,2,4
"SALMISO","PlaceOfResidence","Place of residence","Place of residence of patient at the time of disease onset. Select the most detailed NUTS level possible.","LOCATION","No","No","consult the location values in Location sheet",,,,,,,,,,,,"Yes","Country,NUTS1,NUTS2,NUTS3",1970-01-01,,2,5
"SALMISO","ItemCode","Item code","Code of related EpiPulse item.","TEXT","No","No",,"^[0-9]{4}-[A-Z]{3}-[0-9]{5}$",14,,,,,,,,,,,,1970-01-01,,2,6
"SALMISO","DateOfSampling","Date of sampling","Date the sample from which the isolate was derived was taken.","DATE","No","No",,,,,,,,"No",2012-01-01,,"yyyy-mm-dd","DateOfSampling,DateOfReceiptSourceLab,DateOfReceiptReferenceLab",,,1970-01-01,,3,1
"SALMISO","DateOfReceiptSourceLab","Date of receipt source laboratory","Date of receipt in source laboratory, i.e. the laboratory the sample was first sent to.","DATE","No","No",,,,,,,,"No",2012-01-01,,"yyyy-mm-dd","DateOfSampling,DateOfReceiptSourceLab,DateOfReceiptReferenceLab",,,1970-01-01,,3,2
"SALMISO","DateOfReceiptReferenceLab","Date of receipt reference laboratory","Date of receipt in reference laboratory or typing laboratory with reference function.","DATE","Yes","No",,,,,,,,"No",2012-01-01,,"yyyy-mm-dd","DateOfSampling,DateOfReceiptSourceLab,DateOfReceiptReferenceLab",,,1970-01-01,,3,3
"SALMISO","SampleId","Sample identifier","Unique identifier for each sample within the lab system, allowing to link isolates derived from the same sample.","TEXT","No","No",,,1000,,,,,,,,,,,,1970-01-01,,3,4
"SALMISO","SampleOrigin","Sample origin","Source that the isolate was obtained from: human, food, animal, environmental, etc.","REF","No","No","ANIMAL = Animal
ENVIRONMENT = Environment
FEED = Feed
FOOD = Food
HUMAN = Human
NON_HUMAN = Non human
",,,,,,,,,,,,,,1970-01-01,,3,5
"SALMISO","Specimen","Specimen","The relevant specimen type used for diagnosis of the case.","REF","No","No","BLOOD = Blood
CSF = Cerebrospinal fluid
FAECES = Faeces
OTH = Other
PUS = Pus
URINE = Urine
",,,,,,,,,,,,,,1970-01-01,,3,6
"SALMISO","Serotype","Serotype","Serotype, Group or Subspecie of Salmonella which is the cause of the reported disease.","REF","No","No","consult the reference values for 
SubjectCode = SALMISO and Variable = Serotype",,,,,,,,,,,,,,1970-01-01,,3,7
"SALMISO","GenoSerotype","Geno serotype","Salmonella serotype predicted from molecular methods.","REF","No","No","consult the reference values for 
SubjectCode = SALMISO and Variable = GenoSerotype",,,,,,,,,,,,,,1970-01-01,,3,8
"SALMISO","ESBL","ESBL","ESBL and/or AmpC confirmed with phenotypic or genotypic tests.","REF","No","No","AmpC = AmpC beta-lactamase producer
ESBL = Extended-spectrum beta-lactamase producer
ESBL_AmpC = ESBL and AmpC beta-lactamase producer
NEG = Negative
",,,,,,,,,,,,,,1970-01-01,,3,9
"SALMISO","ESBLGene","ESBL Gene","Extended-spectrum beta-lactamase gene(s) identified.","TEXT","No","No",,,4000,,,,,,,,,,,,1970-01-01,,3,10
"SALMISO","ResultCarbapenemase","Result carbapenemase","Carbapenemase confirmed with phenotypic or genotypic tests (1 - positive result / 0 - negative result). Leave empty if unknown.","BOOL","No","No",,,,,,,,,,,,,,,1970-01-01,,3,11
"SALMISO","CarbapenemaseGene","Carbapenemase gene","Carbapenemase gene(s) identified.","TEXT","No","No",,,4000,,,,,,,,,,,,1970-01-01,,3,12
"SALMISO","WgsProtocol","Wgs protocol","Protocol used for sequencing, limited to the sequencing technology used (today Illumina or IonTorrent) and the read length.","REF","No","No","HYBRID = 1-2 short read files (any technology, <1000 bp) and one long read file (any technology, >1000 bp)
ILLUMINA = Illumina short read sequencing (<1000 bp)
IONTORRENT = IonTorrent
LONG = Long read sequencing (any technology, >1000 bp)
MGI = MGI short read sequencing (<1000 bp)
ONT = Oxford Nanopore long read sequencing (>1000 bp)
PACBIO = Pacific Biosciences long read sequencing (>1000 bp)
SHORT = Short read sequencing (any technology, <1000 bp)
",,,,,,,,,,,,,,1970-01-01,,4,1
"SALMISO","WgsAccession","Wgs accession identifier","European Nucleotide Archive (ENA) / Sequence Read Archive (SRA) run identifier, based on which the sequence read data can be retrieved. Starts with ERR or SRR, i.e. not the sample or experiment which is ERS/ERX or SRS/SRX.","TEXT","No","No",,,4000,,,,,,,,,,,,1970-01-01,,4,2
"SALMISO","WgsAssembler","Wgs assembler","The assembler used for sequencing, optionally including parameter settings.","REF","No","No","MAP_TO_LOCI1 = Mapping to individual loci, variant 1 for IonTorrent
SKESA = SKESA assembler
SPADES = SPAdes without read mapping and consensus calling
SPADES_READMAP = SPAdes either including or followed by read mapping and consensus calling
VELVET = Velvet without read mapping and consensus calling
VELVET_READMAP = Velvet using k-mer optimisation, and followed by read mapping and consensus calling
",,,,,,,,,,,,,,1970-01-01,,4,3
"SALMISO","SequenceType","Sequence type","MLST 7 gene sequence type.","NUM","No","No",,,,0,999999999,,0,,,,,,,,2026-03-17,,4,4
"SALMISO$AST","SubjectCode","Subject code","SubjectCode is a reporting model for a disease/health topic - identifies the reporting structure and format of a record (case based or aggregate reporting).","REF","Yes","No","SALMISO$AST = Salmonella isolate – antimicrobial susceptibility test
",,,,,,,,,,,,,,1970-01-01,,,
"SALMISO$AST","NationalRecordId","Antimicrobial susceptibility test (AST) record identifier","Unique identifier for each antimicrobial susceptibility test (AST) - selected and generated by the country reporting the record.","TEXT","Yes","No",,,80,,,,,,,,,,,,1970-01-01,,1,1
"SALMISO$AST","ParentNationalRecordId","Parent national record identifier","The corresponding parent identifier for each record (should exists in the upper level). A record with no corresponding parent identifier will be ignored and it will not be added to EpiPulse Cases database.","TEXT","Yes","No",,,80,,,,,,,,,,,,1970-01-01,,1,2
"SALMISO$AST","AntimicrobialAgent","Antimicrobial agent (antibiotic)","Antibiotic tested against.","REF","Yes","No","AMK = Amikacin
AMP = Ampicillin
AMX = Amoxicillin
AZM = Azithromycin
CAZ = Ceftazidime
CCV = Ceftazidime + clavulanic acid
CHL = Chloramphenicol
CIP = Ciprofloxacin
COL = Colistin
CPC = Cefepime + clavulanic acid
CRO = Ceftriaxone
CTC = Cefotaxime + clavulanic acid
CTX = Cefotaxime
ETP = Ertapenem
FEP = Cefepime
FOX = Cefoxitin
GEN = Gentamicin
IPM = Imipenem
KAN = Kanamycin
MEM = Meropenem
NAL = Nalidixic acid
PEF = Pefloxacin
SMX = Sulfamethoxazole
SSS = Sulfonamides
STR = Streptomycin
SXT = Sulfamethoxazole and Trimethoprim
TCY = Tetracyclines
TEM = Temocillin
TGC = Tigecycline
TMP = Trimethoprim
",,,,,,,,,,,,,,1970-01-01,,1,3
"SALMISO$AST","ASTMethod","Antimicrobial susceptibility test (AST) method","Drug susceptibility test method.","REF","Yes","No","ETEST = E-test
GEN = Sequencing or PCR
MIC = Minimum inhibitory concentration
ZONE = Disc diffusion test
",,,,,,,,,,,,,,1970-01-01,,1,4
"SALMISO$AST","ValueAST","Antimicrobial susceptibility test (AST) value","Antimicrobial susceptibility test (AST) value (in mg/l). Use '.' as decimal delimiter, e.g. 0.25.","NUM","No","No",,,,0,99999,,4,,,,,,,,1970-01-01,,1,5
"SALMISO$AST","SusceptibilitySign","Susceptibility sign","Test censor value (>, =, <=).","REF","No","No","< = Less than
<= = Less than or equal
= = Equal
> = Greater than
>= = Greater than or equal
",,,,,,,,,,,,,,1970-01-01,,1,6
"SALMISO$AST","ASTInterpretation","Antimicrobial susceptibility test (AST) interpretation","Final interpretation based on EUCAST clinical breakpoints or through prediction of wild type/non-wild type from resistance genes and resistance-associated mutations.","REF","No","No","I = Susceptible, increased exposure
PNWT = Predicted non-wild type
PWT = Predicted wild type
R = Resistant
S = Susceptible, standard dosing regimen
",,,,,,,,,,,,,,1970-01-01,,1,7
"SHIG","Disease","Disease","The code of the disease that is being reported.","REF","No","No","SHIG = Shigellosis
",,,,,,,,,,,,,,1970-01-01,,,
"SHIG","ReportingCountry","Reporting country","The country reporting the record.","LOCATION","Yes","No","consult the location values in Location sheet",,,,,,,,,,,,"Yes","Country",1970-01-01,,,
"SHIG","Status","Status","The Status value is used to provide the functionality for a record within EpiPulse Cases database. Default value: NEW/UPDATE. If set to DELETE, the record with the specified NationalRecordId is deleted (invalidated) from EpiPulse Cases database, if it exists. If set to NEW/UPDATE, the record is inserted into the database: If the same NationalRecordId already exists for the same data source and subject code, then the current submitted record updates (replace) the existing one.","REF","No","No","DELETE = Delete a previously reported record.
NEW/UPDATE = Update a previously reported record (default).
",,,,,,,,,,,,,,1970-01-01,,,
"SHIG","SubjectCode","Subject code","SubjectCode is a reporting model for a disease/health topic - identifies the reporting structure and format of a record (case based or aggregate reporting).","REF","Yes","No","SHIG = Shigellosis
",,,,,,,,,,,,,,1970-01-01,,,
"SHIG","NationalRecordId","National record identifier","Unique identifier for each record within and across the specified surveillance system (data source) – selected and generated by the country reporting the record.","TEXT","Yes","No",,,80,,,,,,,,,,,,1970-01-01,,1,1
"SHIG","DataSource","Data source","The data source (surveillance system) that the record originates from. The DataSource value must be a special reference value from EpiPulse Cases metadata.","DATASOURCE","Yes","No","consult the data source values in DataSource sheet",,,,,,,,,,,,,,1970-01-01,,1,2
"SHIG","DateUsedForStatistics","Date used for statistics","The reference date used for standard reports that is compared to the reporting period. The date used for statistics can be any date that the reporting country finds applicable, e.g. date of notification, date of diagnosis or any other date.","DATE","Yes","No",,,,,,,,"No",,,"yyyy,yyyy-mm,yyyy-mm-dd,yyyy-Qq,yyyy-Www",,,,1970-01-01,,1,3
"SHIG","Age","Age","Age of patient in years as reported in the national system at the time of disease onset.","NUM","No","No",,,,0,125,,0,,,,,,,,1970-01-01,,2,1
"SHIG","Gender","Gender","Gender of the reported record.","REF","No","No","F = Female
M = Male
OTH = Other
",,,,,,,,,,,,,,1970-01-01,,2,2
"SHIG","DateOfOnset","Date of onset of disease","Date of onset of disease. Leave empty for asymptomatic cases.","DATE","No","No",,,,,,,,"No",,,"yyyy-mm-dd","DateOfOnset,DateOfDiagnosis,DateOfNotification",,,1970-01-01,,3,1
"SHIG","DateOfDiagnosis","Date of diagnosis","First date of clinical or lab diagnosis. In case the DateOfOnset is missing this date is used for analysis.","DATE","No","No",,,,,,,,"No",,,"yyyy-mm-dd","DateOfOnset,DateOfDiagnosis,DateOfNotification",,,1970-01-01,,3,2
"SHIG","DateOfNotification","Date of notification","Date when the case report is first notified to public health authorities.","DATE","No","No",,,,,,,,"No",,,"yyyy-mm-dd","DateOfOnset,DateOfDiagnosis,DateOfNotification",,,1970-01-01,,3,3
"SHIG","Hospitalisation","Hospitalisation","History of hospitalisation due to the disease or related complications. Hospitalisation defined as at least one overnight stay.","BOOL","No","No",,,,,,,,,,,,,,,1970-01-01,,3,4
"SHIG","Outcome","Outcome of case","Information on whether the case is alive or deceased. The death should be due to the reported disease.","REF","No","No","A = Alive
D = Died
",,,,,,,,,,,,,,1970-01-01,,3,5
"SHIG","SuspectedVehicle","Suspected vehicle","Suspected vehicle or source of infection. It shall be provided when ModeOfTransmission is 'FOOD' or 'ANIMAL', otherwise leave it empty.","REF","No","No","consult the reference values for 
SubjectCode = SHIG and Variable = SuspectedVehicle",,,,,,,,,,,,,,1970-01-01,,3,6
"SHIG","ModeOfTransmission","Mode of transmission","Suspected main mode of transmission.","REF","No","No","ANIMAL = Animal to human transmission
FOOD = Food including drinking water
HAI = Healthcare-associated
IDU = Injecting drug use
LAB = Transmission in a laboratory due to occupational exposure
MTCT = Mother-to-child transmission
ORGAN = Organ recipient
OTH = Other
PTP = Person-to-person (faecal-oral, excl. mother-to-child and sexual transmission)
RECRWATER = Recreational water
SEX = Sexual transmission
TRANSFU = Transfusion recipient
",,,,,,,,,,,,,,1970-01-01,,3,7
"SHIG","CaseClassification","Case classification","Case classification according to EU case definition.","REF","Yes","No","CONF = Confirmed
PROB = Probable
",,,,,,,,,,,,,,1970-01-01,,3,8
"SHIG","Imported","Imported","Infection has occurred following exposure outside the reporting country during a time compatible with the incubation period of the infection.","BOOL","No","No",,,,,,,,,,,,,,,1970-01-01,,4,1
"SHIG","PlaceOfInfection","Place of infection","The probable place of infection should be provided at the lowest level possible, down to NUTS 3 level. If the probable place of infection is not within an EU/EEA country, then use GAUL nomenclature. Note this is a repeatable field.","LOCATION","No","Yes","consult the location values in Location sheet",,,,,,,,,,,,"No","Country,GAUL1,GAUL2,NUTS1,NUTS2,NUTS3",1970-01-01,,4,2
"SHIG","PlaceOfNotification","Place of notification","Place of the first notification of the case to a regional authority. Select the most detailed NUTS level possible.","LOCATION","No","No","consult the location values in Location sheet",,,,,,,,,,,,"Yes","Country,NUTS1,NUTS2,NUTS3",1970-01-01,,4,3
"SHIG","PlaceOfResidence","Place of residence","Place of residence of patient at the time of disease onset. Select the most detailed NUTS level possible.","LOCATION","No","No","consult the location values in Location sheet",,,,,,,,,,,,"No","Country,NUTS1,NUTS2,NUTS3",1970-01-01,,4,4
"SHIG","IsolateId","Isolate identifier","This variable allows the linking of isolate records to the case record. Use the NationalRecordId of the isolate for this purpose. Note this is a repeatable field.","TEXT","No","Yes",,,80,,,,,,,,,,,,1970-01-01,,5,1
"SHIG","Pathogen","Pathogen","Species or genus of the pathogen causing the reported disease.","REF","Yes","No","SHIBOY = Shigella boydii
SHIDYS = Shigella dysenteriae
SHIFLE = Shigella flexneri
SHISON = Shigella sonnei
SHISPP = Shigella species, not specified
",,,,,,,,,,,,,,1970-01-01,,5,2
"SHIG","Serotype","Serotype","Serotype of the pathogen which is the cause of the reported disease.","REF","No","No","consult the reference values for 
SubjectCode = SHIG and Variable = Serotype",,,,,,,,,,,,,,1970-01-01,,5,3
"SHIG","Specimen","Specimen","The relevant specimen type used for diagnosis of the case.","REF","No","No","BLOOD = Blood
CSF = Cerebrospinal fluid
FAECES = Faeces
OTH = Other
PUS = Pus
URINE = Urine
",,,,,,,,,,,,,,1970-01-01,,5,4
"SHIG","ECOFF_AZM","Acquired resistance to Azithromycin","Acquired resistance to Azithromycin (non-wild type) as the final interpretation based on one or more test results and when applying epidemiological cut-off values. Report 1 (TRUE) for resistant/non-wild type, 0 (FALSE) for wild type and leave empty when not tested.","BOOL","No","No",,,,,,,,,,,,,,,1970-01-01,,6,1
"SHIG","SIR_AMP","Susceptibility to Ampicillin","Susceptibility to Ampicillin as the final interpretation based on one or more test results.","REF","No","No","I = Intermediate
R = Resistant
S = Susceptible
",,,,,,,,,,,,,,1970-01-01,,6,2
"SHIG","SIR_CAZ","Susceptibility to Ceftazidime","Susceptibility to Ceftazidime as the final interpretation based on one or more test results.","REF","No","No","I = Intermediate
R = Resistant
S = Susceptible
",,,,,,,,,,,,,,1970-01-01,,6,3
"SHIG","SIR_CIP","Susceptibility to Ciprofloxacin","Susceptibility to Ciprofloxacin as the final interpretation based on one or more test results.","REF","No","No","I = Intermediate
R = Resistant
S = Susceptible
",,,,,,,,,,,,,,1970-01-01,,6,4
"SHIG","SIR_CTX","Susceptibility to Cefotaxime","Susceptibility to Cefotaxime as the final interpretation based on one or more test results.","REF","No","No","I = Intermediate
R = Resistant
S = Susceptible
",,,,,,,,,,,,,,1970-01-01,,6,5
"SHIG","SIR_SXT","Susceptibility to Trimethoprim-sulfamethoxazole","Susceptibility to Trimethoprim-sulfamethoxazole as the final interpretation based on one or more test results.","REF","No","No","I = Intermediate
R = Resistant
S = Susceptible
",,,,,,,,,,,,,,1970-01-01,,6,6
"SHIGAGGR","Disease","Disease","The code of the disease that is being reported.","REF","No","No","SHIG = Shigellosis
",,,,,,,,,,,,,,1970-01-01,,,
"SHIGAGGR","ReportingCountry","Reporting country","The country reporting the record.","LOCATION","Yes","No","consult the location values in Location sheet",,,,,,,,,,,,"Yes","Country",1970-01-01,,,
"SHIGAGGR","SubjectCode","Subject code","SubjectCode is a reporting model for a disease/health topic - identifies the reporting structure and format of a record (case based or aggregate reporting).","REF","Yes","No","SHIGAGGR = Shigellosis aggregated
",,,,,,,,,,,,,,1970-01-01,,,
"SHIGAGGR","DataSource","Data source","The data source (surveillance system) that the record originates from. The DataSource value must be a special reference value from EpiPulse Cases metadata.","DATASOURCE","Yes","No","consult the data source values in DataSource sheet",,,,,,,,,,,,,,1970-01-01,,1,1
"SHIGAGGR","DateUsedForStatistics","Date used for statistics","The reference date used for standard reports that is compared to the reporting period. The date used for statistics can be any date that the reporting country finds applicable, e.g. date of notification, date of diagnosis or any other date.","DATE","Yes","No",,,,,,,,"No",,,"yyyy,yyyy-mm,yyyy-Qq",,,,1970-01-01,,1,2
"SHIGAGGR","AgeGroup","Age group","Age group of the reported record.","REF","No","No","Age00 = 0 years old
Age01_04 = 1 - 4 years old
Age05_09 = 5 - 9 years old
Age10_14 = 10 - 14 years old
Age15_19 = 15 - 19 years old
Age20_24 = 20 - 24 years old
Age25_29 = 25 - 29 years old
Age30_34 = 30 - 34 years old
Age35_39 = 35 - 39 years old
Age40_44 = 40 - 44 years old
Age45_49 = 45 - 49 years old
Age50_54 = 50 - 54 years old
Age55_59 = 55 - 59 years old
Age60_64 = 60 - 64 years old
Age65+ = 65+ years old
",,,,,,,,,,,,,,1970-01-01,,1,3
"SHIGAGGR","Gender","Gender","Gender of the reported record.","REF","No","No","F = Female
M = Male
OTH = Other
",,,,,,,,,,,,,,1970-01-01,,1,4
"SHIGAGGR","CaseClassification","Case classification","Case classification according to EU case definition.","REF","No","No","CONF = Confirmed
PROB = Probable
",,,,,,,,,,,,,,1970-01-01,,1,5
"SHIGAGGR","NumberOfCases","Number of cases","Total number of cases during the reported period for the specified disease.","NUM","Yes","No",,,,0,999999999,,0,,,,,,,,1970-01-01,,1,6
"STEC","Disease","Disease","The code of the disease that is being reported.","REF","No","No","STEC = STEC infection
",,,,,,,,,,,,,,1970-01-01,,,
"STEC","ReportingCountry","Reporting country","The country reporting the record.","LOCATION","Yes","No","consult the location values in Location sheet",,,,,,,,,,,,"Yes","Country",1970-01-01,,,
"STEC","Status","Status","The Status value is used to provide the functionality for a record within EpiPulse Cases database. Default value: NEW/UPDATE. If set to DELETE, the record with the specified NationalRecordId is deleted (invalidated) from EpiPulse Cases database, if it exists. If set to NEW/UPDATE, the record is inserted into the database: If the same NationalRecordId already exists for the same data source and subject code, then the current submitted record updates (replace) the existing one.","REF","No","No","DELETE = Delete a previously reported record.
NEW/UPDATE = Update a previously reported record (default).
",,,,,,,,,,,,,,1970-01-01,,,
"STEC","SubjectCode","Subject code","SubjectCode is a reporting model for a disease/health topic - identifies the reporting structure and format of a record (case based or aggregate reporting).","REF","Yes","No","STEC = STEC infection
",,,,,,,,,,,,,,1970-01-01,,,
"STEC","NationalRecordId","National record identifier","Unique identifier for each record within and across the specified surveillance system (data source) – selected and generated by the country reporting the record.","TEXT","Yes","No",,,80,,,,,,,,,,,,1970-01-01,,1,1
"STEC","DataSource","Data source","The data source (surveillance system) that the record originates from. The DataSource value must be a special reference value from EpiPulse Cases metadata.","DATASOURCE","Yes","No","consult the data source values in DataSource sheet",,,,,,,,,,,,,,1970-01-01,,1,2
"STEC","DateUsedForStatistics","Date used for statistics","The reference date used for standard reports that is compared to the reporting period. The date used for statistics can be any date that the reporting country finds applicable, e.g. date of notification, date of diagnosis or any other date.","DATE","Yes","No",,,,,,,,"No",,,"yyyy,yyyy-mm,yyyy-mm-dd,yyyy-Qq,yyyy-Www",,,,1970-01-01,,1,3
"STEC","Age","Age","Age of patient in years as reported in the national system at the time of disease onset.","NUM","No","No",,,,0,125,,0,,,,,,,,1970-01-01,,2,1
"STEC","AgeMonth","Age in months","Age of patient in months as reported in the national system for cases < 2 years of age at the time of disease onset.","NUM","No","No",,,,0,23,,0,,,,,,,,1970-01-01,,2,2
"STEC","Gender","Gender","Gender of the reported record.","REF","No","No","F = Female
M = Male
OTH = Other
",,,,,,,,,,,,,,1970-01-01,,2,3
"STEC","DateOfOnset","Date of onset of disease","Date of onset of disease. Leave empty for asymptomatic cases.","DATE","No","No",,,,,,,,"No",,,"yyyy,yyyy-mm,yyyy-mm-dd,yyyy-Qq","DateOfOnset,DateOfDiagnosis,DateOfNotification",,,1970-01-01,,3,1
"STEC","DateOfDiagnosis","Date of diagnosis","First date of clinical or lab diagnosis. In case the DateOfOnset is missing this date is used for analysis.","DATE","No","No",,,,,,,,"No",,,"yyyy,yyyy-mm,yyyy-mm-dd,yyyy-Qq,yyyy-Www","DateOfOnset,DateOfDiagnosis,DateOfNotification",,,1970-01-01,,3,2
"STEC","DateOfNotification","Date of notification","Date when the case report is first notified to public health authorities.","DATE","No","No",,,,,,,,"No",,,"yyyy,yyyy-mm,yyyy-mm-dd,yyyy-Qq,yyyy-Www","DateOfOnset,DateOfDiagnosis,DateOfNotification",,,1970-01-01,,3,3
"STEC","Hospitalisation","Hospitalisation","History of hospitalisation due to the disease or related complications. Hospitalisation defined as at least one overnight stay.","BOOL","No","No",,,,,,,,,,,,,,,1970-01-01,,3,4
"STEC","Outcome","Outcome of case","Information on whether the case is alive or deceased. The death should be due to the reported disease.","REF","No","No","A = Alive
D = Died
",,,,,,,,,,,,,,1970-01-01,,3,5
"STEC","ClinicalCriteria","Clinical manifestation (criteria) of the case","Clinical manifestation other than HUS, according to EU case definition.","REF","No","No","BLOODDIARR = Bloody diarrhoea
DIARR = Diarrhoea
NEURO = Neurological symptom(s)
OTH = Other
",,,,,,,,,,,,,,1970-01-01,,3,6
"STEC","HUS","HUS","Hemolytic uremic syndrome.","BOOL","No","No",,,,,,,,,,,,,,,1970-01-01,,3,7
"STEC","DateOfOnsetHUS","Date of onset of HUS","Date of onset of hemolytic uremic syndrome.","DATE","No","No",,,,,,,,"No",,,"yyyy-mm-dd",,,,1970-01-01,,3,8
"STEC","SuspectedVehicle","Suspected vehicle","Suspected vehicle or source of infection. It shall be provided when ModeOfTransmission is 'FOOD' or 'ANIMAL', otherwise leave it empty.","REF","No","No","consult the reference values for 
SubjectCode = STEC and Variable = SuspectedVehicle",,,,,,,,,,,,,,1970-01-01,,3,9
"STEC","ModeOfTransmission","Mode of transmission","Suspected main mode of transmission.","REF","No","No","ANIMAL = Animal to human transmission
FOOD = Food including drinking water
HAI = Healthcare-associated
IDU = Injecting drug use
LAB = Transmission in a laboratory due to occupational exposure
MTCT = Mother-to-child transmission
ORGAN = Organ recipient
OTH = Other
PTP = Person-to-person (faecal-oral, excl. mother-to-child and sexual transmission)
RECRWATER = Recreational water
SEX = Sexual transmission
TRANSFU = Transfusion recipient
",,,,,,,,,,,,,,1970-01-01,,3,10
"STEC","CaseClassification","Case classification","Case classification according to EU case definition.","REF","Yes","No","CONF = Confirmed
POSS = Possible
PROB = Probable
",,,,,,,,,,,,,,1970-01-01,,3,11
"STEC","Imported","Imported","Infection has occurred following exposure outside the reporting country during a time compatible with the incubation period of the infection.","BOOL","No","No",,,,,,,,,,,,,,,1970-01-01,,4,1
"STEC","PlaceOfInfection","Place of infection","The probable place of infection should be provided at the lowest level possible, down to NUTS 3 level. If the probable place of infection is not within an EU/EEA country, then use GAUL nomenclature. Note this is a repeatable field.","LOCATION","No","Yes","consult the location values in Location sheet",,,,,,,,,,,,"No","Country,GAUL1,GAUL2,NUTS1,NUTS2,NUTS3",1970-01-01,,4,2
"STEC","PlaceOfNotification","Place of notification","Place of the first notification of the case to a regional authority. Select the most detailed NUTS level possible.","LOCATION","No","No","consult the location values in Location sheet",,,,,,,,,,,,"Yes","Country,NUTS1,NUTS2,NUTS3",1970-01-01,,4,3
"STEC","PlaceOfResidence","Place of residence","Place of residence of patient at the time of disease onset. Select the most detailed NUTS level possible.","LOCATION","No","No","consult the location values in Location sheet",,,,,,,,,,,,"No","Country,NUTS1,NUTS2,NUTS3",1970-01-01,,4,4
"STEC","IsolateId","Isolate identifier","This variable allows the linking of isolate records to the case record. Use the NationalRecordId of the isolate for this purpose. Note this is a repeatable field.","TEXT","No","Yes",,,80,,,,,,,,,,,,1970-01-01,,5,1
"STEC","DateOfReceiptSourceLab","Date of receipt source laboratory","Date of receipt in source laboratory.","DATE","No","No",,,,,,,,"No",,,"yyyy,yyyy-mm,yyyy-mm-dd,yyyy-Qq,yyyy-Www",,,,1970-01-01,,5,2
"STEC","DateOfReceiptReferenceLab","Date of receipt reference laboratory","Date of receipt in reference laboratory.","DATE","No","No",,,,,,,,"No",,,"yyyy,yyyy-mm,yyyy-mm-dd,yyyy-Qq,yyyy-Www",,,,1970-01-01,,5,3
"STEC","Specimen","Specimen","The relevant specimen type used for diagnosis of the case.","REF","No","No","BLOOD = Blood
FAECES = Faeces
OTH = Other
URINE = Urine
",,,,,,,,,,,,,,1970-01-01,,5,4
"STEC","PathogenDetectionMethod","Pathogen detection method","Pathogen detection method used to diagnose the case. More than one method can be reported.","REF","No","Yes","CULT = Culture
NUCLACID = Detection of nucleic acid
OTH = Other
SEROL = Detection of antibodies against LPS (lipopolysaccharides) in HUS cases
TOXIN = Detection of free shigatoxins in faeces
",,,,,,,,,,,,,,1970-01-01,,5,5
"STEC","Shigatoxin1","Shigatoxin 1","Presence of Shigatoxin 1 genes (Stx1).","BOOL","No","No",,,,,,,,,,,,,,,1970-01-01,,5,6
"STEC","Shigatoxin1Subtype","Shigatoxin 1 sub-type","Designation of Shigatoxin 1 sub-type.","REF","No","Yes","OTH = Other
Stx1a = Stx1a
Stx1a_Stx1c = Stx1a_Stx1c
Stx1a_Stx1d = Stx1a_Stx1d
Stx1c = Stx1c
Stx1c_Stx1d = Stx1c_Stx1d
Stx1d = Stx1d
",,,,,,,,,,,,,,1970-01-01,,5,7
"STEC","Shigatoxin2","Shigatoxin 2","Presence of Shigatoxin 2 genes (Stx2).","BOOL","No","No",,,,,,,,,,,,,,,1970-01-01,,5,8
"STEC","Shigatoxin2Subtype","Shigatoxin 2 sub-type","Designation of Shigatoxin 2 sub-type.","REF","No","Yes","consult the reference values for 
SubjectCode = STEC and Variable = Shigatoxin2Subtype",,,,,,,,,,,,,,1970-01-01,,5,9
"STEC","ShigatoxinProduction","Shigatoxin production","Confirmation of production of Shigatoxin.","REF","No","No","1 = Shigatoxin 1 production
1+2 = Shigatoxin 1 and 2 production
2 = Shigatoxin 2 production
N = No shigatoxin production
Y = Shigatoxin production, toxin type unknown
",,,,,,,,,,,,,,1970-01-01,,5,10
"STEC","AntigenO","AntigenO","Only somatic (O) antigen of the antigenic formula of the pathogen which is the cause of the reported disease.","REF","No","No","consult the reference values for 
SubjectCode = STEC and Variable = AntigenO",,,,,,,,,,,,,,1970-01-01,,5,11
"STEC","AntigenH","AntigenH","Only flagelar (H) antigen of the antigenic formula of the pathogen which is the cause of the reported disease.","REF","No","No","consult the reference values for 
SubjectCode = STEC and Variable = AntigenH",,,,,,,,,,,,,,1970-01-01,,5,12
"STEC","IntiminEaeGene","Intimin eae gene","Presence of intimin eae gene.","BOOL","No","No",,,,,,,,,,,,,,,1970-01-01,,5,13
"STEC","aaiCGene","aaiC gene","Presence of chromosome protein gene.","BOOL","No","No",,,,,,,,,,,,,,,1970-01-01,,5,14
"STEC","aggRGene","aggR gene","Presence of Enteroaggregative adhesins transcription regulator gene (aggR).","BOOL","No","No",,,,,,,,,,,,,,,1970-01-01,,5,15
"STEC","ESBLProduction","ESBL production","Production of extended spectrum beta lactamase (phenotypic test).","BOOL","No","No",,,,,,,,,,,,,,,1970-01-01,,5,16
"STEC","SorbitolFermenting","Sorbitol fermenting","Ferments sorbitol.","BOOL","No","No",,,,,,,,,,,,,,,1970-01-01,,5,17
"STEC","SpecificAntibodyResponse","Specific antibody response","Specific antibody response for E. coli serogroups (to be filled only for HUS cases).","BOOL","No","No",,,,,,,,,,,,,,,1970-01-01,,5,18
"STEC","BetaGlucoronidaseActivity","Beta glucuronidase activity","Beta-glucuronidase activity.","BOOL","No","No",,,,,,,,,,,,,,,1970-01-01,,5,19
"STEC","Enterohaemolysis","Enterohaemolysis","Enteroheamolysis detected on washed sheep blood agar plate after overnight incubation.","BOOL","No","No",,,,,,,,,,,,,,,1970-01-01,,5,20
"STEC","SIR_AMP","Susceptibility to Ampicillin","Susceptibility to Ampicillin as the final interpretation based on one or more test results.","REF","No","No","I = Intermediate
R = Resistant
S = Susceptible
",,,,,,,,,,,,,,1970-01-01,,6,1
"STEC","SIR_CHL","Susceptibility to Chloramphenicol","Susceptibility to Chloramphenicol as the final interpretation based on one or more test results.","REF","No","No","I = Intermediate
R = Resistant
S = Susceptible
",,,,,,,,,,,,,,1970-01-01,,6,2
"STEC","SIR_CIP","Susceptibility to Ciprofloxacin","Susceptibility to Ciprofloxacin as the final interpretation based on one or more test results.","REF","No","No","I = Intermediate
R = Resistant
S = Susceptible
",,,,,,,,,,,,,,1970-01-01,,6,3
"STEC","SIR_CTX","Susceptibility to Cefotaxime","Susceptibility to Cefotaxime as the final interpretation based on one or more test results.","REF","No","No","I = Intermediate
R = Resistant
S = Susceptible
",,,,,,,,,,,,,,1970-01-01,,6,4
"STEC","SIR_GEN","Susceptibility to Gentamicin","Susceptibility to Gentamicin as the final interpretation based on one or more test results.","REF","No","No","I = Intermediate
R = Resistant
S = Susceptible
",,,,,,,,,,,,,,1970-01-01,,6,5
"STEC","SIR_KAN","Susceptibility to Kanamycin","Susceptibility to Kanamycin as the final interpretation based on one or more test results.","REF","No","No","I = Intermediate
R = Resistant
S = Susceptible
",,,,,,,,,,,,,,1970-01-01,,6,6
"STEC","SIR_NAL","Susceptibility to Nalidixic Acid","Susceptibility to Nalidixic Acid as the final interpretation based on one or more test results.","REF","No","No","I = Intermediate
R = Resistant
S = Susceptible
",,,,,,,,,,,,,,1970-01-01,,6,7
"STEC","SIR_SSS","Susceptibility to Sulphonamides","Susceptibility to Sulphonamides as the final interpretation based on one or more test results.","REF","No","No","I = Intermediate
R = Resistant
S = Susceptible
",,,,,,,,,,,,,,1970-01-01,,6,8
"STEC","SIR_STR","Susceptibility to Streptomycin","Susceptibility to Streptomycin as the final interpretation based on one or more test results.","REF","No","No","I = Intermediate
R = Resistant
S = Susceptible
",,,,,,,,,,,,,,1970-01-01,,6,9
"STEC","SIR_SXT","Susceptibility to Trimethoprim-sulfamethoxazole","Susceptibility to Trimethoprim-sulfamethoxazole as the final interpretation based on one or more test results.","REF","No","No","I = Intermediate
R = Resistant
S = Susceptible
",,,,,,,,,,,,,,1970-01-01,,6,10
"STEC","SIR_TCY","Susceptibility to Tetracyclines","Susceptibility to Tetracyclines as the final interpretation based on one or more test results.","REF","No","No","I = Intermediate
R = Resistant
S = Susceptible
",,,,,,,,,,,,,,1970-01-01,,6,11
"STECAGGR","Disease","Disease","The code of the disease that is being reported.","REF","No","No","STEC = STEC infection
",,,,,,,,,,,,,,1970-01-01,,,
"STECAGGR","ReportingCountry","Reporting country","The country reporting the record.","LOCATION","Yes","No","consult the location values in Location sheet",,,,,,,,,,,,"Yes","Country",1970-01-01,,,
"STECAGGR","SubjectCode","Subject code","SubjectCode is a reporting model for a disease/health topic - identifies the reporting structure and format of a record (case based or aggregate reporting).","REF","Yes","No","STECAGGR = STEC infection aggregated
",,,,,,,,,,,,,,1970-01-01,,,
"STECAGGR","DataSource","Data source","The data source (surveillance system) that the record originates from. The DataSource value must be a special reference value from EpiPulse Cases metadata.","DATASOURCE","Yes","No","consult the data source values in DataSource sheet",,,,,,,,,,,,,,1970-01-01,,1,1
"STECAGGR","DateUsedForStatistics","Date used for statistics","The reference date used for standard reports that is compared to the reporting period. The date used for statistics can be any date that the reporting country finds applicable, e.g. date of notification, date of diagnosis or any other date.","DATE","Yes","No",,,,,,,,"No",,,"yyyy,yyyy-mm,yyyy-Qq",,,,1970-01-01,,1,2
"STECAGGR","AgeGroup","Age group","Age group of the reported record.","REF","No","No","Age00 = 0 years old
Age01_04 = 1 - 4 years old
Age05_09 = 5 - 9 years old
Age10_14 = 10 - 14 years old
Age15_19 = 15 - 19 years old
Age20_24 = 20 - 24 years old
Age25_29 = 25 - 29 years old
Age30_34 = 30 - 34 years old
Age35_39 = 35 - 39 years old
Age40_44 = 40 - 44 years old
Age45_49 = 45 - 49 years old
Age50_54 = 50 - 54 years old
Age55_59 = 55 - 59 years old
Age60_64 = 60 - 64 years old
Age65+ = 65+ years old
",,,,,,,,,,,,,,1970-01-01,,1,3
"STECAGGR","Gender","Gender","Gender of the reported record.","REF","No","No","F = Female
M = Male
OTH = Other
",,,,,,,,,,,,,,1970-01-01,,1,4
"STECAGGR","CaseClassification","Case classification","Case classification according to EU case definition.","REF","No","No","CONF = Confirmed
POSS = Possible
PROB = Probable
",,,,,,,,,,,,,,1970-01-01,,1,5
"STECAGGR","NumberOfCases","Number of cases","Total number of cases during the reported period for the specified disease.","NUM","Yes","No",,,,0,999999999,,0,,,,,,,,1970-01-01,,1,6
"SYPH","Disease","Disease","The code of the disease that is being reported.","REF","No","No","SYPH = Syphilis
",,,,,,,,,,,,,,1970-01-01,,,
"SYPH","ReportingCountry","Reporting country","The country reporting the record.","LOCATION","Yes","No","consult the location values in Location sheet",,,,,,,,,,,,"Yes","Country",1970-01-01,,,
"SYPH","Status","Status","The Status value is used to provide the functionality for a record within EpiPulse Cases database. Default value: NEW/UPDATE. If set to DELETE, the record with the specified NationalRecordId is deleted (invalidated) from EpiPulse Cases database, if it exists. If set to NEW/UPDATE, the record is inserted into the database: If the same NationalRecordId already exists for the same data source and subject code, then the current submitted record updates (replace) the existing one.","REF","No","No","DELETE = Delete a previously reported record.
NEW/UPDATE = Update a previously reported record (default).
",,,,,,,,,,,,,,1970-01-01,,,
"SYPH","SubjectCode","Subject code","SubjectCode is a reporting model for a disease/health topic - identifies the reporting structure and format of a record (case based or aggregate reporting).","REF","Yes","No","SYPH = Syphilis
",,,,,,,,,,,,,,1970-01-01,,,
"SYPH","NationalRecordId","National record identifier","Unique identifier for each record within and across the specified surveillance system (data source) – selected and generated by the country reporting the record.","TEXT","Yes","No",,,80,,,,,,,,,,,,1970-01-01,,1,1
"SYPH","DataSource","Data source","The data source (surveillance system) that the record originates from. The DataSource value must be a special reference value from EpiPulse Cases metadata.","DATASOURCE","Yes","No","consult the data source values in DataSource sheet",,,,,,,,,,,,,,1970-01-01,,1,2
"SYPH","DateUsedForStatistics","Date used for statistics","The reference date used for standard reports that is compared to the reporting period. The date used for statistics can be any date that the reporting country finds applicable, e.g. date of notification, date of diagnosis or any other date.","DATE","Yes","No",,,,,,,,"No",,,"yyyy,yyyy-mm,yyyy-mm-dd,yyyy-Www",,,,1970-01-01,,1,3
"SYPH","Age","Age","Age of the patient in years at the date of diagnosis (crude age is preferred). Age can be calculated from date of birth at time of consultation or notification.","NUM","No","No",,,,0,125,,0,,,,,,,,1970-01-01,,2,1
"SYPH","Gender","Gender","Gender of the reported record. Transsexual should be coded as ""OTH"" - Other.","REF","No","No","F = Female
M = Male
OTH = Other
",,,,,,,,,,,,,,1970-01-01,,2,2
"SYPH","DateOfOnset","Date of onset of disease","The date of onset of disease is the day that first symptoms appeared.","DATE","No","No",,,,,,,,"No",,,"yyyy-mm-dd","DateOfOnset,DateOfDiagnosis,DateOfNotification",,,1970-01-01,,2,3
"SYPH","DateOfDiagnosis","Date of diagnosis","Date of diagnosis refers to the date of first laboratory confirmative diagnosis (either date of specimen taken or date of laboratory confirmation received or date of clinical diagnosis confirmed). Please note that ""Date of Consultation"" is commonly used in STI services; this date can be used as a proxy for date of diagnosis and date of notification. For STI, the date of diagnosis (as a proxy for date of consultation) will be used for the analysis and the report; for that reason, this will be a compulsory variable.","DATE","No","No",,,,,,,,"No",,,"yyyy-mm-dd","DateOfOnset,DateOfDiagnosis,DateOfNotification",,,1970-01-01,,2,4
"SYPH","DateOfNotification","Date of notification","Date when the case report is first notified to public health authorities. Please note that ""Date of Consultation"" is commonly used in STI services; this date can be used as a proxy for date of diagnosis and date of notification.","DATE","No","No",,,,,,,,"No",,,"yyyy-mm-dd","DateOfOnset,DateOfDiagnosis,DateOfNotification",,,1970-01-01,,2,5
"SYPH","Outcome","Outcome of case","For STI, it is not expected to report this variable (leave empty if not known).","REF","No","No","A = Alive
D = Died
",,,,,,,,,,,,,,1970-01-01,,2,6
"SYPH","ClinicalCriteriaStatus","Clinical criteria status","Because only laboratory confirmed cases are to be reported according to the EU case definition, it is not expected to report this variable (leave empty if not known).","BOOL","No","No",,,,,,,,,,,,,,,1970-01-01,,2,7
"SYPH","EpiLinked","Epidemiological link criteria met","Because only laboratory confirmed cases are to be reported according to the EU case definition, it is not expected to report this variable (leave empty if not known).","BOOL","No","No",,,,,,,,,,,,,,,1970-01-01,,2,8
"SYPH","CaseClassification","Case classification","Only CONFIRMED cases should be reported at EU Level, therefore ""CONF"" is the expected code here. It is recognised that not all MS have a requirement for lab confirmation for reporting at national level. In short to mid-term the variable can be coded as ""CONF"" or leave empty until case definitions are met.","REF","No","No","CONF = Confirmed
POSS = Possible
PROB = Probable
",,,,,,,,,,,,,,1970-01-01,,2,9
"SYPH","PlaceOfInfection","Place of infection","The probable place of infection should be provided at the lowest level possible, down to NUTS 3 level. Note this is a repeatable field.","LOCATION","No","Yes","consult the location values in Location sheet",,,,,,,,,,,,"No","Country,NUTS1,NUTS2,NUTS3",1970-01-01,,2,10
"SYPH","PlaceOfNotification","Place of notification","Place of the first notification of the case to a regional authority. Select the most detailed NUTS level possible.","LOCATION","No","No","consult the location values in Location sheet",,,,,,,,,,,,"No","Country,NUTS1,NUTS2,NUTS3",1970-01-01,,2,11
"SYPH","PlaceOfResidence","Place of residence","Place of residence of patient at the time of diagnosis. Select the most detailed NUTS level possible.","LOCATION","No","No","consult the location values in Location sheet",,,,,,,,,,,,"Yes","Country,NUTS1,NUTS2,NUTS3",1970-01-01,,2,12
"SYPH","CountryOfBirth","Country of birth of patient","Country of birth of the patient.","LOCATION","No","No","consult the location values in Location sheet",,,,,,,,,,,,"No","Country",1970-01-01,,2,13
"SYPH","CountryOfNationality","Country of nationality of patient","Identifies the country where the patient is registered as citizen.","LOCATION","No","No","consult the location values in Location sheet",,,,,,,,,,,,"No","Country",1970-01-01,,2,14
"SYPH","PathogenDetectionResult","Pathogen detection result (laboratory result)","For all STI (syphilis, congenital syphilis, gonorrhoea, chlamydia and LGV), all reported cases need to be laboratory confirmed to conform to the EU case definitions. Therefore, ""CONF"" is the expected code here. It is recognised that not all MS have a requirement for lab confirmation for reporting at national level. In short to mid-term the variable can be coded as ""CONF"" or leave empty until case definitions are met.","REF","No","No","CONF = Confirmed
PROB = Probable
",,,,,,,,,,,,,,1970-01-01,,2,15
"SYPH","ClinicalServiceType","Clinical service type","Type of clinical service where patient was first seen.","REF","No","No","ANC = Antenatal care
COMB = Combined service
DV = Dermatology-venereology clinic
ED = Hospital emergency department
FPC = Family planning clinic
GP = General practioner
GYN = Gynaecology clinic
ID = Infectious disease clinic
OPC = Other primary care
OTH = Other
STI = Dedicated STI clinic
URO = Urology
YTH = Youth clinic
",,,,,,,,,,,,,,1970-01-01,,2,16
"SYPH","SiteOfInfection","Site of infection","Genital includes urethra, cervix, vagina, urine. Other includes blood, eye, joint fluid, aspirate from abscess. The kind of specimen can be used as a proxy for this variable. Please note this is a repeatable variable.","REF","No","Yes","AR = Ano-Rectal
GEN = Genital
OTH = Other
PH = Pharyngeal
",,,,,,,,,,,,,,1970-01-01,,2,17
"SYPH","ModeOfTransmission","Mode of transmission","This variable specifies the most probable route of transmission. ""OTH"" (Other) can be used to indicate for example injecting drug use or blood transfusions for syphilis transmission. If the national system collects sexual orientation data the variable should be coded as ""MSM"" (Men who have Sex with Men) if the case is a homosexual male or bisexual male. If the case is a heterosexual male or female the variable should be coded as ""HETERO"" (Heterosexual contact). If the national system collects information on the gender of partners the variable should be coded as ""MSM"" if the case is male and has had one or more male sexual partners. For congenitally acquired cases of STI the variable should be coded as ""MTCT"" (Mother-to-child transmission).","REF","No","No","HETERO = Heterosexual contact
MSM = MSM/home or bisexual male
MTCT = Mother-to-child transmission
OTH = Other
",,,,,,,,,,,,,,1970-01-01,,2,18
"SYPH","StageSYPH","Stage syphilis","If the stage can not be distinguished i.e. all stage syphilis, the variable should be left empty. According to the EU case definition only infectious syphilis should be reported at a EU level. However, it is recognised that in the short to mid-term MS may not be able to conform to this definition for reporting and therefore more categories are provided, according to current MS reporting practices. If the stage cannot be distinguished i.e. all stage syphilis, the variable should be left empty. If more detailed information with respect to primary, secondary, early latent or late latent syphilis is available the StageSYPHdetailed variable should be used.","REF","No","No","I = Infectious
NI = Not infectious
",,,,,,,,,,,,,,1970-01-01,,2,19
"SYPH","StageSYPHdetailed","Stage syphilis detailed","Preferred report of stage of syphilis. If it cannot be given in this detail, then report StageSYPH. Stage of syphilis infection in more detail if this information is collected in the national system. According to the EU case definition only infectious syphilis (defined as primary, secondary or early latent cases) should be reported at a EU level. However, it is recognised that in the short to mid-term MS may not be able to conform to this definition for reporting and therefore more categories are provided, according to current MS reporting practices. If the stage cannot be distinguished i.e. all stage syphilis, the variable should be left empty.","REF","No","No","EL = Early Latent
L = Latent
LL = Late Latent
P = Primary
S = Secondary
",,,,,,,,,,,,,,1970-01-01,,2,20
"SYPH","HIVStatus","HIV status","This variable specifies the HIV status of patient at time of diagnosis. If the case is HIV positive and the date of diagnosis is collected by the national system, the variable should be coded as a ""new HIV diagnosis"" if HIV had been diagnosed at the same consultation or within 3 months of the current STI date of diagnosis. If HIV was diagnosed more than three months ago, the variable should be coded as a ""known HIV positive"". When HIV status is known, BUT the date of HIV diagnosis is not known or not collected, the variable should be coded as either ""negative"" or ""positive"". If HIV status is not known the variable should be left empty.","REF","No","No","NEG = Negative
POS = Positive
POSKNOWN = Known HIV positive
POSNEW = New HIV diagnosis
",,,,,,,,,,,,,,1970-01-01,,2,21
"SYPH","HIVPrEP","Pre-exposure prophylaxis for HIV","Used pre-exposure prophylaxis for HIV any time in the 12 months prior to the diagnosis of disease.","BOOL","No","No",,,,,,,,,,,,,,,1970-01-01,,2,22
"SYPH","AntibioticProphylaxis","Antibiotic prophylaxis","Used doxycycline or other antibiotics for STI prophylaxis (pre or post exposure) any time in the past three months prior to diagnosis of disease. This does not include antibiotics provided as treatment for an STI or in the context of partner management.","BOOL","No","No",,,,,,,,,,,,,,,1970-01-01,,2,23
"SYPH","SexWorker","Sex worker","Information if case exchanged sex for money or goods within the incubation period of the current infection.","BOOL","No","No",,,,,,,,,,,,,,,1970-01-01,,2,24
"SYPH","ContactSW","Contact sex worker","Recently means compatible with the incubation period of the current infection.","BOOL","No","No",,,,,,,,,,,,,,,1970-01-01,,2,25
"SYPHAGGR","Disease","Disease","The code of the disease that is being reported.","REF","No","No","SYPH = Syphilis
",,,,,,,,,,,,,,1970-01-01,,,
"SYPHAGGR","ReportingCountry","Reporting country","The country reporting the record.","LOCATION","Yes","No","consult the location values in Location sheet",,,,,,,,,,,,"Yes","Country",1970-01-01,,,
"SYPHAGGR","SubjectCode","Subject code","SubjectCode is a reporting model for a disease/health topic - identifies the reporting structure and format of a record (case based or aggregate reporting).","REF","Yes","No","SYPHAGGR = Syphilis aggregated
",,,,,,,,,,,,,,1970-01-01,,,
"SYPHAGGR","DataSource","Data source","The data source (surveillance system) that the record originates from. The DataSource value must be a special reference value from EpiPulse Cases metadata.","DATASOURCE","Yes","No","consult the data source values in DataSource sheet",,,,,,,,,,,,,,1970-01-01,,1,1
"SYPHAGGR","DateUsedForStatistics","Date used for statistics","The reference date used for standard reports that is compared to the reporting period. The date used for statistics can be any date that the reporting country finds applicable, e.g. date of notification, date of diagnosis or any other date.","DATE","Yes","No",,,,,,,,"No",,,"yyyy,yyyy-mm",,,,1970-01-01,,1,2
"SYPHAGGR","AgeGroup","Age group","Age group of the reported record.","REF","No","No","Age00_14 = 00 - 14 years old
Age15_19 = 15 - 19 years old
Age20_24 = 20 - 24 years old
Age25_34 = 25 - 34 years old
Age35_44 = 35 - 44 years old
Age45+ = 45+ years old
",,,,,,,,,,,,,,1970-01-01,,1,3
"SYPHAGGR","Gender","Gender","Gender of the reported record. Transsexual should be coded as ""OTH"" - Other.","REF","No","No","F = Female
M = Male
OTH = Other
",,,,,,,,,,,,,,1970-01-01,,1,4
"SYPHAGGR","CaseClassification","Case classification","Only CONFIRMED cases should be reported at EU Level, therefore ""CONF"" is the expected code here. It is recognised that not all MS have a requirement for lab confirmation for reporting at national level. In short to mid-term the variable can be coded as ""CONF"" or leave empty until case definitions are met.","REF","No","No","CONF = Confirmed
POSS = Possible
PROB = Probable
",,,,,,,,,,,,,,1970-01-01,,1,5
"SYPHAGGR","SiteOfInfection","Site of infection","Genital includes urethra, cervix, vagina, urine. Other includes blood, eye, joint fluid, aspirate from abscess. The kind of specimen can be used as a proxy for this variable.","REF","No","No","AR = Ano-Rectal
GEN = Genital
OTH = Other
PH = Pharyngeal
",,,,,,,,,,,,,,1970-01-01,,1,6
"SYPHAGGR","ModeOfTransmission","Mode of transmission","This variable specifies the most probable route of transmission. ""OTH"" (Other) can be used to indicate for example injecting drug use or blood transfusions for syphilis transmission. If the national system collects sexual orientation data the variable should be coded as ""MSM"" (Men who have Sex with Men) if the case is a homosexual male or bisexual male. If the case is a heterosexual male or female the variable should be coded as ""HETERO"" (Heterosexual contact). If the national system collects information on the gender of partners the variable should be coded as ""MSM"" if the case is male and has had one or more male sexual partners. For congenitally acquired cases of STI the variable should be coded as ""MTCT"" (Mother-to-child transmission).","REF","No","No","HETERO = Heterosexual contact
MSM = MSM/home or bisexual male
MTCT = Mother-to-child transmission
OTH = Other
",,,,,,,,,,,,,,1970-01-01,,1,7
"SYPHAGGR","NumberOfCases","Number of cases","Total number of cases during the reported period for the specified disease.","NUM","Yes","No",,,,0,999999999,,0,,,,,,,,1970-01-01,,1,8
"TBE","Disease","Disease","The code of the disease that is being reported.","REF","No","No","TBE = Tick-borne encephalitis
",,,,,,,,,,,,,,1970-01-01,,,
"TBE","ReportingCountry","Reporting country","The country reporting the record.","LOCATION","Yes","No","consult the location values in Location sheet",,,,,,,,,,,,"Yes","Country",1970-01-01,,,
"TBE","Status","Status","The Status value is used to provide the functionality for a record within EpiPulse Cases database. Default value: NEW/UPDATE. If set to DELETE, the record with the specified NationalRecordId is deleted (invalidated) from EpiPulse Cases database, if it exists. If set to NEW/UPDATE, the record is inserted into the database: If the same NationalRecordId already exists for the same data source and subject code, then the current submitted record updates (replace) the existing one.","REF","No","No","DELETE = Delete a previously reported record.
NEW/UPDATE = Update a previously reported record (default).
",,,,,,,,,,,,,,1970-01-01,,,
"TBE","SubjectCode","Subject code","SubjectCode is a reporting model for a disease/health topic - identifies the reporting structure and format of a record (case based or aggregate reporting).","REF","Yes","No","TBE = Tick-borne encephalitis
",,,,,,,,,,,,,,1970-01-01,,,
"TBE","NationalRecordId","National record identifier","Unique identifier for each record within and across the specified surveillance system (data source) – selected and generated by the country reporting the record.","TEXT","Yes","No",,,80,,,,,,,,,,,,1970-01-01,,1,1
"TBE","DataSource","Data source","The data source (surveillance system) that the record originates from. The DataSource value must be a special reference value from EpiPulse Cases metadata.","DATASOURCE","Yes","No","consult the data source values in DataSource sheet",,,,,,,,,,,,,,1970-01-01,,1,2
"TBE","DateUsedForStatistics","Date used for statistics","The reference date used for standard reports that is compared to the reporting period. The date used for statistics can be any date that the reporting country finds applicable, e.g. date of notification, date of diagnosis or any other date.","DATE","Yes","No",,,,,,,,"No",,,"yyyy,yyyy-mm,yyyy-mm-dd,yyyy-Qq,yyyy-Www",,,,1970-01-01,,1,3
"TBE","Age","Age","Age of patient in years as reported in the national system at the time of disease onset.","NUM","No","No",,,,0,125,,0,,,,,,,,1970-01-01,,2,1
"TBE","Gender","Gender","Gender of the reported record.","REF","No","No","F = Female
M = Male
OTH = Other
",,,,,,,,,,,,,,1970-01-01,,2,2
"TBE","DateOfOnset","Date of onset of disease","Date of onset of disease. Leave empty for asymptomatic cases.","DATE","No","No",,,,,,,,"No",,,"yyyy-mm,yyyy-mm-dd,yyyy-Www","DateOfOnset,DateOfDiagnosis,DateOfNotification",,,1970-01-01,,3,1
"TBE","DateOfDiagnosis","Date of diagnosis","First date of clinical or lab diagnosis. In case the DateOfOnset is missing this date is used for analysis.","DATE","No","No",,,,,,,,"No",,,"yyyy-mm,yyyy-mm-dd","DateOfOnset,DateOfDiagnosis,DateOfNotification",,,1970-01-01,,3,2
"TBE","DateOfNotification","Date of notification","Date when the case report is first notified to public health authorities.","DATE","No","No",,,,,,,,"No",,,"yyyy-mm,yyyy-mm-dd","DateOfOnset,DateOfDiagnosis,DateOfNotification",,,1970-01-01,,3,3
"TBE","Hospitalisation","Hospitalisation","History of hospitalisation due to the disease or related complications. Hospitalisation defined as at least one overnight stay.","BOOL","No","No",,,,,,,,,,,,,,,1970-01-01,,3,4
"TBE","Outcome","Outcome of case","Information on whether the case is curred or deceased or has neurological sequelae. The death or sequelae should be due to the reported disease.","REF","No","No","ALIVEOTH = Alive - other
ALIVETBE = Alive - recovered without further complications
DIEDOTH = Died for other reasons
DIEDTBE = Died from TBE
",,,,,,,,,,,,,,1970-01-01,,3,5
"TBE","ClinicalCriteriaStatus","Clinical criteria status","The criteria for a clinical picture of the disease are met.","BOOL","No","No",,,,,,,,,,,,,,,1970-01-01,,3,6
"TBE","ClinicalCriteria","Clinical manifestation (criteria) of the case","The clinical manifestation of the disease according to EU case definition.","REF","No","No","NEURO = Neurological symptom(s)
OTH = Other
",,,,,,,,,,,,,,1970-01-01,,3,7
"TBE","ComplicationDiagnosis","Complication diagnosis","Complications of TBE.","REF","No","No","OTH = Other
PES = Post Encephalitic TBE syndrome
RP = Residual Paresis
",,,,,,,,,,,,,,1970-01-01,,3,8
"TBE","EpiLinked","Epidemiological link criteria met","The criteria for an epidemiological link in the case definition is met.","BOOL","No","No",,,,,,,,,,,,,,,1970-01-01,,3,9
"TBE","Specimen","Specimen","The relevant specimen type used for diagnosis of the case.","REF","No","Yes","BLOOD = Blood
CSF = Cerebrospinal fluid
OTH = Other
",,,,,,,,,,,,,,1970-01-01,,3,10
"TBE","ModeOfTransmission","Mode of transmission","Suspected main mode of transmission.","REF","No","No","OTH = Other
RAWDAIRY = Ingestion of unpasteurized dairy products
SOHO = Transmission through substances of human origin (transfusion, transplantation, reproductive cell recipient or offspring)
TICK = Transmission through tick bite
",,,,,,,,,,,,,,1970-01-01,,3,11
"TBE","PathogenDetectionMethod","Pathogen detection method","Pathogen detection method used to diagnose the case. More than one method can be reported.","REF","No","Yes","ISOV = Isolation of virus
NUC = Nucleic acid amplification
OTH = Other
SCONV = Seroconversion or fourfold titre rise
SIGM = Specific IgM-antibodies
SIGMG = Specific IgM- and IgG-antibodies
",,,,,,,,,,,,,,1970-01-01,,3,12
"TBE","CaseClassification","Case classification","Case classification according to EU case definition.","REF","No","No","CONF = Confirmed
PROB = Probable
",,,,,,,,,,,,,,1970-01-01,,3,13
"TBE","Imported","Imported","Infection has occurred following exposure outside the reporting country during a time compatible with the incubation period of the infection.","BOOL","No","No",,,,,,,,,,,,,,,1970-01-01,,4,1
"TBE","PlaceOfResidence","Place of residence","Place of residence of patient at the time of disease onset. Select the most detailed NUTS level possible.","LOCATION","No","No","consult the location values in Location sheet",,,,,,,,,,,,"No","Country,NUTS1,NUTS2,NUTS3",1970-01-01,,4,2
"TBE","PlaceOfNotification","Place of notification","Place of the first notification of the case to a regional authority. Select the most detailed NUTS level possible.","LOCATION","No","No","consult the location values in Location sheet",,,,,,,,,,,,"Yes","Country,NUTS1,NUTS2,NUTS3",1970-01-01,,4,3
"TBE","PlaceOfInfection","Place of infection","The probable place of infection should be provided at the lowest level possible, down to NUTS3 level. If the probable place of infection is not an EU/EEA country, then use GAUL nomenclature. Note this is a repeatable field.","LOCATION","No","Yes","consult the location values in Location sheet",,,,,,,,,,,,"No","Country,GAUL1,GAUL2,NUTS1,NUTS2,NUTS3",1970-01-01,,4,4
"TBE","VaccinationStatus","Vaccination status","Indicates if the case is vaccinated and number of vaccine doses received.","REF","No","No","1DOSE = 1 dose
2DOSE = 2 doses
3DOSE = 3 doses
4DOSE = 4 doses
NOTVACC = Not vaccinated
UNKDOSE = Vaccinated, dose unknown
",,,,,,,,,,,,,,1970-01-01,,5,1
"TBE","DateOfLastVaccination","Date of last vaccination","Date of administration of the last vaccination dose.","DATE","No","No",,,,,,,,"No",,,"yyyy,yyyy-mm,yyyy-mm-dd",,,,1970-01-01,,5,2
"TBEAGGR","Disease","Disease","The code of the disease that is being reported.","REF","No","No","TBE = Tick-borne encephalitis
",,,,,,,,,,,,,,1970-01-01,,,
"TBEAGGR","ReportingCountry","Reporting country","The country reporting the record.","LOCATION","Yes","No","consult the location values in Location sheet",,,,,,,,,,,,"Yes","Country",1970-01-01,,,
"TBEAGGR","SubjectCode","Subject code","SubjectCode is a reporting model for a disease/health topic - identifies the reporting structure and format of a record (case based or aggregate reporting).","REF","Yes","No","TBEAGGR = Tick-borne encephalitis aggregated
",,,,,,,,,,,,,,1970-01-01,,,
"TBEAGGR","DataSource","Data source","The data source (surveillance system) that the record originates from. The DataSource value must be a special reference value from EpiPulse Cases metadata.","DATASOURCE","Yes","No","consult the data source values in DataSource sheet",,,,,,,,,,,,,,1970-01-01,,1,1
"TBEAGGR","DateUsedForStatistics","Date used for statistics","The reference date used for standard reports that is compared to the reporting period. The date used for statistics can be any date that the reporting country finds applicable, e.g. date of notification, date of diagnosis or any other date.","DATE","Yes","No",,,,,,,,"No",,,"yyyy,yyyy-mm,yyyy-Qq",,,,1970-01-01,,1,2
"TBEAGGR","AgeGroup","Age group","Age group of the reported record.","REF","No","No","Age00 = 0 years old
Age01_04 = 1 - 4 years old
Age05_09 = 5 - 9 years old
Age10_14 = 10 - 14 years old
Age15_19 = 15 - 19 years old
Age20_24 = 20 - 24 years old
Age25_29 = 25 - 29 years old
Age30_34 = 30 - 34 years old
Age35_39 = 35 - 39 years old
Age40_44 = 40 - 44 years old
Age45_49 = 45 - 49 years old
Age50_54 = 50 - 54 years old
Age55_59 = 55 - 59 years old
Age60_64 = 60 - 64 years old
Age65+ = 65+ years old
",,,,,,,,,,,,,,1970-01-01,,1,3
"TBEAGGR","Gender","Gender","Gender of the reported record.","REF","No","No","F = Female
M = Male
OTH = Other
",,,,,,,,,,,,,,1970-01-01,,1,4
"TBEAGGR","CaseClassification","Case classification","Case classification according to EU case definition.","REF","No","No","CONF = Confirmed
PROB = Probable
",,,,,,,,,,,,,,1970-01-01,,1,5
"TBEAGGR","Imported","Imported","Infection has occurred following exposure outside the reporting country during a time compatible with the incubation period of the infection.","BOOL","No","No",,,,,,,,,,,,,,,1970-01-01,,1,6
"TBEAGGR","NumberOfCases","Number of cases","Total number of cases during the reported period for the specified disease.","NUM","Yes","No",,,,0,999999999,,0,,,,,,,,1970-01-01,,1,7
"TETA","Disease","Disease","The code of the disease that is being reported.","REF","No","No","TETA = Tetanus
",,,,,,,,,,,,,,1970-01-01,,,
"TETA","ReportingCountry","ReportingCountry","The country reporting the record.","LOCATION","Yes","No","consult the location values in Location sheet",,,,,,,,,,,,"Yes","Country",1970-01-01,,,
"TETA","Status","Status","The Status value is used to provide the functionality for a record within EpiPulse Cases database. Default value: NEW/UPDATE. If set to DELETE, the record with the specified NationalRecordId is deleted (invalidated) from EpiPulse Cases database, if it exists. If set to NEW/UPDATE, the record is inserted into the database: If the same NationalRecordId already exists for the same data source and subject code, then the current submitted record updates (replace) the existing one.","REF","No","No","DELETE = Delete a previously reported record.
NEW/UPDATE = Update a previously reported record (default).
",,,,,,,,,,,,,,1970-01-01,,,
"TETA","SubjectCode","Subject code","SubjectCode is a reporting model for a disease/health topic - identifies the reporting structure and format of a record (case based or aggregate reporting).","REF","Yes","No","TETA = Tetanus
",,,,,,,,,,,,,,1970-01-01,,,
"TETA","NationalRecordId","National record identifier","Unique identifier for each record within and across the specified surveillance system (data source) – selected and generated by the country reporting the record.","TEXT","Yes","No",,,80,,,,,,,,,,,,1970-01-01,,1,1
"TETA","DataSource","Data source","The data source (surveillance system) that the record originates from. The DataSource value must be a special reference value from EpiPulse Cases metadata.","DATASOURCE","Yes","No","consult the data source values in DataSource sheet",,,,,,,,,,,,,,1970-01-01,,1,2
"TETA","DateUsedForStatistics","Date used for statistics","The reference date used for standard reports that is compared to the reporting period. The date used for statistics can be any date that the reporting country finds applicable, e.g. date of notification, date of diagnosis or any other date.","DATE","Yes","No",,,,,,,,"No",,,"yyyy,yyyy-mm,yyyy-mm-dd,yyyy-Qq,yyyy-Www",,,,1970-01-01,,1,3
"TETA","Age","Age","Age of patient in years as reported in the national system at the time of disease onset.","NUM","No","No",,,,0,125,,0,,,,,,,,1970-01-01,,2,1
"TETA","Gender","Gender","Gender of the reported record.","REF","No","No","F = Female
M = Male
OTH = Other
",,,,,,,,,,,,,,1970-01-01,,2,2
"TETA","PlaceOfResidence","Place of residence","Place of residence of patient at the time of disease onset. Select the most detailed NUTS level possible.","LOCATION","No","No","consult the location values in Location sheet",,,,,,,,,,,,"No","Country,NUTS1,NUTS2,NUTS3",1970-01-01,,2,3
"TETA","PlaceOfNotification","Place of notification","Place of the first notification of the case to a regional authority. Select the most detailed NUTS level possible.","LOCATION","No","No","consult the location values in Location sheet",,,,,,,,,,,,"Yes","Country,NUTS1,NUTS2,NUTS3",1970-01-01,,2,4
"TETA","CaseClassification","Case classification","Case classification according to EU case definition.","REF","No","No","CONF = Confirmed
POSS = Possible
PROB = Probable
",,,,,,,,,,,,,,1970-01-01,,3,1
"TETA","DateOfOnset","Date of onset of disease","Date of onset of disease. Leave empty for asymptomatic cases.","DATE","No","No",,,,,,,,"No",,,"yyyy-mm-dd",,,,1970-01-01,,3,2
"TETA","DateOfDiagnosis","Date of diagnosis","First date of clinical or lab diagnosis. In case the DateOfOnset is missing this date is used for analysis.","DATE","No","No",,,,,,,,"No",,,"yyyy-mm-dd",,,,1970-01-01,,3,3
"TETA","DateOfNotification","Date of notification","Date when the case report is first notified to public health authorities.","DATE","No","No",,,,,,,,"No",,,"yyyy-mm-dd",,,,1970-01-01,,3,4
"TETA","Outcome","Outcome of case","Information on whether the case is alive or deceased. The death should be due to the reported disease.","REF","No","No","A = Alive
D = Died
",,,,,,,,,,,,,,1970-01-01,,3,5
"TETA","DateOfLastVaccination","Date of last vaccination","Date of administration of the last vaccination dose - indicates the date when the last dose of vaccine was given before disease onset (if exact date is not known, then provide month or year).","DATE","No","No",,,,,,,,"No",,,"yyyy,yyyy-mm,yyyy-mm-dd,yyyy-Qq",,,,1970-01-01,,3,6
"TETA","VaccinationStatus","Vaccination status","Indicates if the case is vaccinated and number of vaccine doses received.","REF","No","No","10DOSE = 10 doses
1DOSE = 1 dose
2DOSE = 2 doses
3DOSE = 3 doses
4DOSE = 4 doses
5DOSE = 5 doses
6DOSE = 6 doses
7DOSE = 7 doses
8DOSE = 8 doses
9DOSE = 9 doses
NOTVACC = Not vaccinated
UNKDOSE = Vaccinated, dose unknown
",,,,,,,,,,,,,,1970-01-01,,3,7
"TETAAGGR","Disease","Disease","The code of the disease that is being reported.","REF","No","No","TETA = Tetanus
",,,,,,,,,,,,,,1970-01-01,,,
"TETAAGGR","ReportingCountry","Reporting country","The country reporting the record.","LOCATION","Yes","No","consult the location values in Location sheet",,,,,,,,,,,,"Yes","Country",1970-01-01,,,
"TETAAGGR","SubjectCode","Subject code","SubjectCode is a reporting model for a disease/health topic - identifies the reporting structure and format of a record (case based or aggregate reporting).","REF","Yes","No","TETAAGGR = Tetanus aggregated
",,,,,,,,,,,,,,1970-01-01,,,
"TETAAGGR","DataSource","Data source","The data source (surveillance system) that the record originates from. The DataSource value must be a special reference value from EpiPulse Cases metadata.","DATASOURCE","Yes","No","consult the data source values in DataSource sheet",,,,,,,,,,,,,,1970-01-01,,1,1
"TETAAGGR","DateUsedForStatistics","Date used for statistics","The reference date used for standard reports that is compared to the reporting period. The date used for statistics can be any date that the reporting country finds applicable, e.g. date of notification, date of diagnosis or any other date.","DATE","Yes","No",,,,,,,,"No",,,"yyyy,yyyy-mm,yyyy-Qq",,,,1970-01-01,,1,2
"TETAAGGR","AgeGroup","Age group","Age group of the reported record.","REF","No","No","Age00 = 0 years old
Age01_04 = 1 - 4 years old
Age05_09 = 5 - 9 years old
Age10_14 = 10 - 14 years old
Age15_19 = 15 - 19 years old
Age20_24 = 20 - 24 years old
Age25_29 = 25 - 29 years old
Age30_34 = 30 - 34 years old
Age35_39 = 35 - 39 years old
Age40_44 = 40 - 44 years old
Age45_49 = 45 - 49 years old
Age50_54 = 50 - 54 years old
Age55_59 = 55 - 59 years old
Age60_64 = 60 - 64 years old
Age65+ = 65+ years old
",,,,,,,,,,,,,,1970-01-01,,1,3
"TETAAGGR","Gender","Gender","Gender of the reported record.","REF","No","No","F = Female
M = Male
OTH = Other
",,,,,,,,,,,,,,1970-01-01,,1,4
"TETAAGGR","CaseClassification","Case classification","Case classification according to EU case definition.","REF","No","No","CONF = Confirmed
POSS = Possible
PROB = Probable
",,,,,,,,,,,,,,1970-01-01,,1,5
"TETAAGGR","VaccinationStatus","Vaccination status","Indicates if the case is vaccinated and number of vaccine doses received.","REF","No","No","1DOSE = 1 dose
2DOSE = 2 doses
3DOSE = 3 doses
4DOSE = 4 doses
5DOSE = 5 doses
6DOSE = 6 doses
NOTVACC = Not vaccinated
UNKDOSE = Vaccinated, dose unknown
",,,,,,,,,,,,,,1970-01-01,,1,6
"TETAAGGR","NumberOfCases","Number of cases","Total number of cases during the reported period for the specified disease.","NUM","Yes","No",,,,0,999999999,,0,,,,,,,,1970-01-01,,1,7
"TOXO","Disease","Disease","The code of the disease that is being reported.","REF","No","No","TOXO = Toxoplasmosis, congenital
",,,,,,,,,,,,,,1970-01-01,,,
"TOXO","ReportingCountry","Reporting country","The country reporting the record.","LOCATION","Yes","No","consult the location values in Location sheet",,,,,,,,,,,,"Yes","Country",1970-01-01,,,
"TOXO","Status","Status","The Status value is used to provide the functionality for a record within EpiPulse Cases database. Default value: NEW/UPDATE. If set to DELETE, the record with the specified NationalRecordId is deleted (invalidated) from EpiPulse Cases database, if it exists. If set to NEW/UPDATE, the record is inserted into the database: If the same NationalRecordId already exists for the same data source and subject code, then the current submitted record updates (replace) the existing one.","REF","No","No","DELETE = Delete a previously reported record.
NEW/UPDATE = Update a previously reported record (default).
",,,,,,,,,,,,,,1970-01-01,,,
"TOXO","SubjectCode","Subject code","SubjectCode is a reporting model for a disease/health topic - identifies the reporting structure and format of a record (case based or aggregate reporting).","REF","Yes","No","TOXO = Toxoplasmosis
",,,,,,,,,,,,,,1970-01-01,,,
"TOXO","NationalRecordId","National record identifier","Unique identifier for each record within and across the specified surveillance system (data source) – selected and generated by the country reporting the record.","TEXT","Yes","No",,,80,,,,,,,,,,,,1970-01-01,,1,1
"TOXO","DataSource","Data source","The data source (surveillance system) that the record originates from. The DataSource value must be a special reference value from EpiPulse Cases metadata.","DATASOURCE","Yes","No","consult the data source values in DataSource sheet",,,,,,,,,,,,,,1970-01-01,,1,2
"TOXO","DateUsedForStatistics","Date used for statistics","The reference date used for standard reports that is compared to the reporting period. The date used for statistics can be any date that the reporting country finds applicable, e.g. date of notification, date of diagnosis or any other date.","DATE","Yes","No",,,,,,,,"No",,,"yyyy,yyyy-mm,yyyy-mm-dd,yyyy-Qq,yyyy-Www",,,,1970-01-01,,1,3
"TOXO","Age","Age","Age of patient in years as reported in the national system at the time of disease onset.","NUM","No","No",,,,0,125,,0,,,,,,,,1970-01-01,,2,1
"TOXO","AgeMonth","Age in months","Age of patient in months as reported in the national system for cases < 2 years of age at the time of disease onset.","NUM","No","No",,,,0,23,,0,,,,,,,,1970-01-01,,2,2
"TOXO","Gender","Gender","Gender of the reported record.","REF","No","No","F = Female
M = Male
OTH = Other
",,,,,,,,,,,,,,1970-01-01,,2,3
"TOXO","DateOfOnset","Date of onset of disease","Date of onset of disease. Leave empty for asymptomatic cases.","DATE","No","No",,,,,,,,"No",,,"yyyy-mm-dd","DateOfOnset,DateOfDiagnosis,DateOfNotification",,,1970-01-01,,3,1
"TOXO","DateOfDiagnosis","Date of diagnosis","First date of clinical or lab diagnosis. In case the DateOfOnset is missing this date is used for analysis.","DATE","No","No",,,,,,,,"No",,,"yyyy-mm-dd","DateOfOnset,DateOfDiagnosis,DateOfNotification",,,1970-01-01,,3,2
"TOXO","DateOfNotification","Date of notification","Date when the case report is first notified to public health authorities.","DATE","No","No",,,,,,,,"No",,,"yyyy-mm-dd","DateOfOnset,DateOfDiagnosis,DateOfNotification",,,1970-01-01,,3,3
"TOXO","Hospitalisation","Hospitalisation","History of hospitalisation due to the disease or related complications. Hospitalisation defined as at least one overnight stay.","BOOL","No","No",,,,,,,,,,,,,,,1970-01-01,,3,4
"TOXO","Outcome","Outcome of case","Information on whether the case is alive or deceased. The death should be due to the reported disease.","REF","No","No","A = Alive
D = Died
",,,,,,,,,,,,,,1970-01-01,,3,5
"TOXO","CaseClassification","Case classification","Case classification according to EU case definition.","REF","Yes","No","CONF = Confirmed
",,,,,,,,,,,,,,1970-01-01,,3,6
"TOXO","Imported","Imported","Infection has occurred following exposure outside the reporting country during a time compatible with the incubation period of the infection.","BOOL","No","No",,,,,,,,,,,,,,,1970-01-01,,4,1
"TOXO","PlaceOfInfection","Place of infection","The probable place of infection should be provided at the lowest level possible, down to NUTS 3 level. If the probable place of infection is not within an EU/EEA country, then use GAUL nomenclature. Note this is a repeatable field.","LOCATION","No","Yes","consult the location values in Location sheet",,,,,,,,,,,,"No","Country,GAUL1,GAUL2,NUTS1,NUTS2,NUTS3",1970-01-01,,4,2
"TOXO","PlaceOfNotification","Place of notification","Place of the first notification of the case to a regional authority. Select the most detailed NUTS level possible.","LOCATION","No","No","consult the location values in Location sheet",,,,,,,,,,,,"Yes","Country,NUTS1,NUTS2,NUTS3",1970-01-01,,4,3
"TOXO","PlaceOfResidence","Place of residence","Place of residence of patient at the time of disease onset. Select the most detailed NUTS level possible.","LOCATION","No","No","consult the location values in Location sheet",,,,,,,,,,,,"No","Country,NUTS1,NUTS2,NUTS3",1970-01-01,,4,4
"TOXOAGGR","Disease","Disease","The code of the disease that is being reported.","REF","No","No","TOXO = Toxoplasmosis, congenital
",,,,,,,,,,,,,,1970-01-01,,,
"TOXOAGGR","ReportingCountry","Reporting country","The country reporting the record.","LOCATION","Yes","No","consult the location values in Location sheet",,,,,,,,,,,,"Yes","Country",1970-01-01,,,
"TOXOAGGR","SubjectCode","Subject code","SubjectCode is a reporting model for a disease/health topic - identifies the reporting structure and format of a record (case based or aggregate reporting).","REF","Yes","No","TOXOAGGR = Toxoplasmosis aggregated
",,,,,,,,,,,,,,1970-01-01,,,
"TOXOAGGR","DataSource","Data source","The data source (surveillance system) that the record originates from. The DataSource value must be a special reference value from EpiPulse Cases metadata.","DATASOURCE","Yes","No","consult the data source values in DataSource sheet",,,,,,,,,,,,,,1970-01-01,,1,1
"TOXOAGGR","DateUsedForStatistics","Date used for statistics","The reference date used for standard reports that is compared to the reporting period. The date used for statistics can be any date that the reporting country finds applicable, e.g. date of notification, date of diagnosis or any other date.","DATE","Yes","No",,,,,,,,"No",,,"yyyy,yyyy-mm,yyyy-Qq",,,,1970-01-01,,1,2
"TOXOAGGR","AgeGroup","Age group","Age group of the reported record.","REF","No","No","Age00 = 0 years old
Age01_04 = 1 - 4 years old
Age05_09 = 5 - 9 years old
Age10_14 = 10 - 14 years old
Age15_19 = 15 - 19 years old
Age20_24 = 20 - 24 years old
Age25_29 = 25 - 29 years old
Age30_34 = 30 - 34 years old
Age35_39 = 35 - 39 years old
Age40_44 = 40 - 44 years old
Age45_49 = 45 - 49 years old
Age50_54 = 50 - 54 years old
Age55_59 = 55 - 59 years old
Age60_64 = 60 - 64 years old
Age65+ = 65+ years old
",,,,,,,,,,,,,,1970-01-01,,1,3
"TOXOAGGR","Gender","Gender","Gender of the reported record.","REF","No","No","F = Female
M = Male
OTH = Other
",,,,,,,,,,,,,,1970-01-01,,1,4
"TOXOAGGR","CaseClassification","Case classification","Case classification according to EU case definition.","REF","No","No","CONF = Confirmed
",,,,,,,,,,,,,,1970-01-01,,1,5
"TOXOAGGR","NumberOfCases","Number of cases","Total number of cases during the reported period for the specified disease.","NUM","Yes","No",,,,0,999999999,,0,,,,,,,,1970-01-01,,1,6
"TRIC","Disease","Disease","The code of the disease that is being reported.","REF","No","No","TRIC = Trichinellosis
",,,,,,,,,,,,,,1970-01-01,,,
"TRIC","ReportingCountry","Reporting country","The country reporting the record.","LOCATION","Yes","No","consult the location values in Location sheet",,,,,,,,,,,,"Yes","Country",1970-01-01,,,
"TRIC","Status","Status","The Status value is used to provide the functionality for a record within EpiPulse Cases database. Default value: NEW/UPDATE. If set to DELETE, the record with the specified NationalRecordId is deleted (invalidated) from EpiPulse Cases database, if it exists. If set to NEW/UPDATE, the record is inserted into the database: If the same NationalRecordId already exists for the same data source and subject code, then the current submitted record updates (replace) the existing one.","REF","No","No","DELETE = Delete a previously reported record.
NEW/UPDATE = Update a previously reported record (default).
",,,,,,,,,,,,,,1970-01-01,,,
"TRIC","SubjectCode","Subject code","SubjectCode is a reporting model for a disease/health topic - identifies the reporting structure and format of a record (case based or aggregate reporting).","REF","Yes","No","TRIC = Trichinellosis
",,,,,,,,,,,,,,1970-01-01,,,
"TRIC","NationalRecordId","National record identifier","Unique identifier for each record within and across the specified surveillance system (data source) – selected and generated by the country reporting the record.","TEXT","Yes","No",,,80,,,,,,,,,,,,1970-01-01,,1,1
"TRIC","DataSource","Data source","The data source (surveillance system) that the record originates from. The DataSource value must be a special reference value from EpiPulse Cases metadata.","DATASOURCE","Yes","No","consult the data source values in DataSource sheet",,,,,,,,,,,,,,1970-01-01,,1,2
"TRIC","DateUsedForStatistics","Date used for statistics","The reference date used for standard reports that is compared to the reporting period. The date used for statistics can be any date that the reporting country finds applicable, e.g. date of notification, date of diagnosis or any other date.","DATE","Yes","No",,,,,,,,"No",,,"yyyy,yyyy-mm,yyyy-mm-dd,yyyy-Qq,yyyy-Www",,,,1970-01-01,,1,3
"TRIC","Age","Age","Age of patient in years as reported in the national system at the time of disease onset.","NUM","No","No",,,,0,125,,0,,,,,,,,1970-01-01,,2,1
"TRIC","Gender","Gender","Gender of the reported record.","REF","No","No","F = Female
M = Male
OTH = Other
",,,,,,,,,,,,,,1970-01-01,,2,2
"TRIC","DateOfOnset","Date of onset of disease","Date of onset of disease. Leave empty for asymptomatic cases.","DATE","No","No",,,,,,,,"No",,,"yyyy,yyyy-mm,yyyy-mm-dd,yyyy-Qq","DateOfOnset,DateOfDiagnosis,DateOfNotification",,,1970-01-01,,3,1
"TRIC","DateOfDiagnosis","Date of diagnosis","First date of clinical or lab diagnosis. In case the DateOfOnset is missing this date is used for analysis.","DATE","No","No",,,,,,,,"No",,,"yyyy,yyyy-mm,yyyy-mm-dd,yyyy-Qq,yyyy-Www","DateOfOnset,DateOfDiagnosis,DateOfNotification",,,1970-01-01,,3,2
"TRIC","DateOfNotification","Date of notification","Date when the case report is first notified to public health authorities.","DATE","No","No",,,,,,,,"No",,,"yyyy,yyyy-mm,yyyy-mm-dd,yyyy-Qq,yyyy-Www","DateOfOnset,DateOfDiagnosis,DateOfNotification",,,1970-01-01,,3,3
"TRIC","Hospitalisation","Hospitalisation","History of hospitalisation due to the disease or related complications. Hospitalisation defined as at least one overnight stay.","BOOL","No","No",,,,,,,,,,,,,,,1970-01-01,,3,4
"TRIC","Outcome","Outcome of case","Information on whether the case is alive or deceased. The death should be due to the reported disease.","REF","No","No","A = Alive
D = Died
",,,,,,,,,,,,,,1970-01-01,,3,5
"TRIC","SuspectedVehicle","Suspected vehicle","Suspected vehicle or source of infection. It shall be provided when ModeOfTransmission is 'FOOD' or 'ANIMAL', otherwise leave it empty.","REF","No","No","consult the reference values for 
SubjectCode = TRIC and Variable = SuspectedVehicle",,,,,,,,,,,,,,1970-01-01,,3,6
"TRIC","ModeOfTransmission","Mode of transmission","Suspected main mode of transmission.","REF","No","No","ANIMAL = Animal to human transmission
FOOD = Food including drinking water
HAI = Healthcare-associated
IDU = Injecting drug use
LAB = Transmission in a laboratory due to occupational exposure
MTCT = Mother-to-child transmission
ORGAN = Organ recipient
OTH = Other
PTP = Person-to-person (faecal-oral, excl. mother-to-child and sexual transmission)
RECRWATER = Recreational water
SEX = Sexual transmission
TRANSFU = Transfusion recipient
",,,,,,,,,,,,,,1970-01-01,,3,7
"TRIC","CaseClassification","Case classification","Case classification according to EU case definition.","REF","Yes","No","CONF = Confirmed
PROB = Probable
",,,,,,,,,,,,,,1970-01-01,,3,8
"TRIC","Pathogen","Pathogen","Species or genus of the pathogen causing the reported disease.","REF","Yes","No","TRICBRI = Trichinella britovi
TRICNAT = Trichinella nativa
TRICPSE = Trichinella pseudospiralis
TRICSPI = Trichinella spiralis
TRICSPP = Trichinella species, not specified
",,,,,,,,,,,,,,1970-01-01,,3,9
"TRIC","Imported","Imported","Infection has occurred following exposure outside the reporting country during a time compatible with the incubation period of the infection.","BOOL","No","No",,,,,,,,,,,,,,,1970-01-01,,4,1
"TRIC","PlaceOfInfection","Place of infection","The probable place of infection should be provided at the lowest level possible, down to NUTS 3 level. If the probable place of infection is not within an EU/EEA country, then use GAUL nomenclature. Note this is a repeatable field.","LOCATION","No","Yes","consult the location values in Location sheet",,,,,,,,,,,,"No","Country,GAUL1,GAUL2,NUTS1,NUTS2,NUTS3",1970-01-01,,4,2
"TRIC","PlaceOfNotification","Place of notification","Place of the first notification of the case to a regional authority. Select the most detailed NUTS level possible.","LOCATION","No","No","consult the location values in Location sheet",,,,,,,,,,,,"Yes","Country,NUTS1,NUTS2,NUTS3",1970-01-01,,4,3
"TRIC","PlaceOfResidence","Place of residence","Place of residence of patient at the time of disease onset. Select the most detailed NUTS level possible.","LOCATION","No","No","consult the location values in Location sheet",,,,,,,,,,,,"No","Country,NUTS1,NUTS2,NUTS3",1970-01-01,,4,4
"TRICAGGR","Disease","Disease","The code of the disease that is being reported.","REF","No","No","TRIC = Trichinellosis
",,,,,,,,,,,,,,1970-01-01,,,
"TRICAGGR","ReportingCountry","Reporting country","The country reporting the record.","LOCATION","Yes","No","consult the location values in Location sheet",,,,,,,,,,,,"Yes","Country",1970-01-01,,,
"TRICAGGR","SubjectCode","Subject code","SubjectCode is a reporting model for a disease/health topic - identifies the reporting structure and format of a record (case based or aggregate reporting).","REF","Yes","No","TRICAGGR = Trichinellosis aggregated
",,,,,,,,,,,,,,1970-01-01,,,
"TRICAGGR","DataSource","Data source","The data source (surveillance system) that the record originates from. The DataSource value must be a special reference value from EpiPulse Cases metadata.","DATASOURCE","Yes","No","consult the data source values in DataSource sheet",,,,,,,,,,,,,,1970-01-01,,1,1
"TRICAGGR","DateUsedForStatistics","Date used for statistics","The reference date used for standard reports that is compared to the reporting period. The date used for statistics can be any date that the reporting country finds applicable, e.g. date of notification, date of diagnosis or any other date.","DATE","Yes","No",,,,,,,,"No",,,"yyyy,yyyy-mm,yyyy-Qq",,,,1970-01-01,,1,2
"TRICAGGR","AgeGroup","Age group","Age group of the reported record.","REF","No","No","Age00 = 0 years old
Age01_04 = 1 - 4 years old
Age05_09 = 5 - 9 years old
Age10_14 = 10 - 14 years old
Age15_19 = 15 - 19 years old
Age20_24 = 20 - 24 years old
Age25_29 = 25 - 29 years old
Age30_34 = 30 - 34 years old
Age35_39 = 35 - 39 years old
Age40_44 = 40 - 44 years old
Age45_49 = 45 - 49 years old
Age50_54 = 50 - 54 years old
Age55_59 = 55 - 59 years old
Age60_64 = 60 - 64 years old
Age65+ = 65+ years old
",,,,,,,,,,,,,,1970-01-01,,1,3
"TRICAGGR","Gender","Gender","Gender of the reported record.","REF","No","No","F = Female
M = Male
OTH = Other
",,,,,,,,,,,,,,1970-01-01,,1,4
"TRICAGGR","CaseClassification","Case classification","Case classification according to EU case definition.","REF","No","No","CONF = Confirmed
PROB = Probable
",,,,,,,,,,,,,,1970-01-01,,1,5
"TRICAGGR","NumberOfCases","Number of cases","Total number of cases during the reported period for the specified disease.","NUM","Yes","No",,,,0,999999999,,0,,,,,,,,1970-01-01,,1,6
"TUBE","Disease","Disease","The code of the disease that is being reported.","REF","No","No","TUBE = Tuberculosis
",,,,,,,,,,,,,,1970-01-01,,,
"TUBE","ReportingCountry","Reporting country","The country reporting the record.","LOCATION","Yes","No","consult the location values in Location sheet",,,,,,,,,,,,"Yes","Country",1970-01-01,,,
"TUBE","Status","Status","The Status value is used to provide the functionality for a record within EpiPulse Cases database. Default value: NEW/UPDATE. If set to DELETE, the record with the specified NationalRecordId is deleted (invalidated) from EpiPulse Cases database, if it exists. If set to NEW/UPDATE, the record is inserted into the database: If the same NationalRecordId already exists for the same data source and subject code, then the current submitted record updates (replace) the existing one.","REF","No","No","DELETE = Delete a previously reported record.
NEW/UPDATE = Update a previously reported record (default).
",,,,,,,,,,,,,,1970-01-01,,,
"TUBE","SubjectCode","Subject code","SubjectCode is a reporting model for a disease/health topic - identifies the reporting structure and format of a record (case based or aggregate reporting).","REF","Yes","No","TUBE = Tuberculosis
",,,,,,,,,,,,,,1970-01-01,,,
"TUBE","NationalRecordId","National record identifier","Unique identifier for each record within and across the specified surveillance system (data source) – selected and generated by the country reporting the record.","TEXT","Yes","No",,,80,,,,,,,,,,,,1970-01-01,,1,1
"TUBE","DataSource","Data source","The data source (surveillance system) that the record originates from. The DataSource value must be a special reference value from EpiPulse Cases metadata.","DATASOURCE","Yes","No","consult the data source values in DataSource sheet",,,,,,,,,,,,,,1970-01-01,,1,2
"TUBE","DateUsedForStatistics","Date used for statistics","The reference date used for standard reports that is compared to the reporting period. The date used for statistics can be any date that the reporting country finds applicable, e.g. date of notification, date of diagnosis or any other date.","DATE","Yes","No",,,,,,,,"No",,,"yyyy,yyyy-mm,yyyy-mm-dd,yyyy-Qq,yyyy-Www",,,,1970-01-01,,1,3
"TUBE","Age","Age","Age of patient in years as reported in the national system at the time of disease onset.","NUM","No","No",,,,0,125,,0,,,,,,,,1970-01-01,,2,1
"TUBE","Gender","Gender","Gender of the reported record.","REF","No","No","F = Female
M = Male
OTH = Other
",,,,,,,,,,,,,,1970-01-01,,2,2
"TUBE","BornReportingCountry","Born in the country of report","If the origin of the patient cannot be recognized by the place of birth, then it should be recognized by the nationality.","BOOL","No","No",,,,,,,,,,,,,,,1970-01-01,,2,3
"TUBE","CountryOfBirth","Country of birth of patient","Identifies the country where the patient was born. Countries are defined by their current borders. For patients born in countries which do not exist any more, please use the code of the closest current country. Only report CountryOfBirth or CountryOfNationality, leave the other blank.","LOCATION","No","No","consult the location values in Location sheet",,,,,,,,,,,,"No","Country",1970-01-01,,2,4
"TUBE","NationalityReportingCountry","Citizen of the country of report","Origin of the patient (based on citizenship). Be aware that nationality equals to citizenship.","BOOL","No","No",,,,,,,,,,,,,,,1970-01-01,,2,5
"TUBE","CountryOfNationality","Country of nationality of patient","This variable identifies the country of nationality of the patient at the time of notification as it is stated in the passport.","LOCATION","No","No","consult the location values in Location sheet",,,,,,,,,,,,"No","Country",1970-01-01,,2,6
"TUBE","PlaceOfNotification","Place of notification","Place of the first notification of the case to a regional authority. Select the most detailed NUTS level possible.","LOCATION","No","No","consult the location values in Location sheet",,,,,,,,,,,,"Yes","Country,NUTS1,NUTS2,NUTS3",1970-01-01,,2,7
"TUBE","PlaceOfResidence","Place of residence","Place of residence of patient at the time of disease onset. Select the most detailed NUTS level possible.","LOCATION","No","No","consult the location values in Location sheet",,,,,,,,,,,,"No","Country,NUTS1,NUTS2,NUTS3",1970-01-01,,2,8
"TUBE","DateOfEntry","Date of entry to reporting country","Entry date of TB case of foreign origin (BornReportingCountry = ""N"") to reporting country.","DATE","No","No",,,,,,,,"No",,,"yyyy,yyyy-mm,yyyy-mm-dd,yyyy-Qq,yyyy-Www",,,,1970-01-01,,2,9
"TUBE","DateOfDiagnosis","Date of diagnosis","First date of clinical or lab diagnosis.","DATE","No","No",,,,,,,,"No",,,"yyyy,yyyy-mm,yyyy-mm-dd,yyyy-Qq,yyyy-Www","DateOfDiagnosis,DateOfNotification",,,1970-01-01,,3,1
"TUBE","DateOfNotification","Date of notification","Date when the case report is first notified to public health authorities.","DATE","No","No",,,,,,,,"No",,,"yyyy,yyyy-mm,yyyy-mm-dd,yyyy-Qq,yyyy-Www","DateOfDiagnosis,DateOfNotification",,,1970-01-01,,3,2
"TUBE","Outcome6Months","Outcome at 6 months","Patient first outcome at 6 months from the start of the treatment. Note: The outcome categories ""CURED"" and ""COMPLETED""  might be  coded for RR/MDR TB, but are very exceptional for pre-XDR and XDR TB cases at 6 months. Patients diagnosed post mortem should reported as ""DIEDTB"", ""DIEDOTH"" or ""DIEDUNK"".","REF","No","No","COMPLETED = Treatment completed
CURED = Cured
DEFAULTED = Defaulted or Lost to follow-up
DIEDOTH = Died for other reasons
DIEDTB = Died because of TB
DIEDUNK = Cause of death unknown
FAILED = Treatment failed
STILLTREATMENT = Still on medical treatement
TRANSFERRED = Transferred 
",,,,,,,,,,,,,,1970-01-01,,3,3
"TUBE","Outcome12Months","Outcome at 12 months","Patient outcome at 12 months from the start of the treatment. Note: The outcome categories ""CURED"" and ""COMPLETED"" should be coded for RR/MDR TB, but are very exceptional for pre-XDR or XDR TB cases at 12 months. This variable should only be coded for cases where Outcome6Months is coded as ""STILLTREATMENT"" and EnrolledToTreatment as 1 (TRUE). The outcome at 12 months should be left empty for the cases where previously reported outcome (Outcome6Months) was other than ""STILLTREATMENT"", or if outcome after 12 months is not applicable (because 12 months have not elapsed). Patients diagnosed post mortem should be reported as ""DIEDTB"", ""DIEDOTH"" or ""DIEDUNK"".","REF","No","No","COMPLETED = Treatment completed
CURED = Cured
DEFAULTED = Defaulted or Lost to follow-up
DIEDOTH = Died for other reasons
DIEDTB = Died because of TB
DIEDUNK = Cause of death unknown
FAILED = Treatment failed
STILLTREATMENT = Still on medical treatement
TRANSFERRED = Transferred 
",,,,,,,,,,,,,,1970-01-01,,3,4
"TUBE","Outcome24Months","Outcome at 24 months","This variable should be coded for RR/MDR TB, Pre-XDR TB and XDR TB cases. Note: This variable should only be coded for cases where Outcome12Months is coded as ""STILLTREATMENT"" and EnrolledToTreatment as 1 (TRUE). The outcome at 24 months should be left empty for the cases where previously reported outcome (Outcome12Months) was other than ""STILLTREATMENT"", or if outcome after 24 months is not applicable (because 24 months have not elapsed).","REF","No","No","COMPLETED = Treatment completed
CURED = Cured
DEFAULTED = Defaulted or Lost to follow-up
DIEDOTH = Died for other reasons
DIEDTB = Died because of TB
DIEDUNK = Cause of death unknown
FAILED = Treatment failed
STILLTREATMENT = Still on medical treatement
TRANSFERRED = Transferred 
",,,,,,,,,,,,,,1970-01-01,,3,5
"TUBE","Outcome36Months","Outcome at 36 months","This variable should be coded for RR/MDR TB, Pre-XDR TB and XDR TB cases. Note: This variable should only be coded for cases where Outcome12Months and Outcome24Months are coded as ""STILLTREATMENT"" and EnrolledToTreatment as 1 (TRUE). The outcome at 36 months should be left empty for the cases where previously reported outcome (Outcome24Months) was other than ""STILLTREATMENT"", or if outcome after 36 months is not applicable (because 36 months have not elapsed).","REF","No","No","COMPLETED = Treatment completed
CURED = Cured
DEFAULTED = Defaulted or Lost to follow-up
DIEDOTH = Died for other reasons
DIEDTB = Died because of TB
DIEDUNK = Cause of death unknown
FAILED = Treatment failed
TRANSFERRED = Transferred 
",,,,,,,,,,,,,,1970-01-01,,3,6
"TUBE","MajorSiteOfTB","Major site of the disease","Disseminated tuberculosis includes : tuberculosis of more than two organ systems, miliary tuberculosis, tuberculosis in which M. tuberculosis complex has been isolated from the blood.Tuberculosis in children involving both the lung parenchyma and a lymphatic component should be coded as MajorSiteOfTB = PULMONARY (pulmonary) and MinorSiteOfTB = LYMPHEXTHOR (lymphatic intrathoracic).If one of the affected sites is the lung, such as in miliary tuberculosis, the case should be coded as MajorSiteOfTB = PULMONARY (pulmonary) and MinorSiteOfTB = DISSEM (disseminated).In all other cases, it should be coded as MajorSiteOfTB = DISSEM (disseminated) and leave empty for MinorSiteOfTB (no minor site).","REF","Yes","No","BONEOTH = Bone/joint other than spine
CNSOTH = Central nervours system other than meningitis
DISSEM = Disseminated
EXTRAPULMNOTSPEC = Extrapulmonary, exact site is unknown
GASTROINTEST = Peritoneal/digestive
LYMPHEXTHOR = Lymphatic extrathoracic
LYMPHINTHOR = Lymphatic intrathoracic
MENING = Meningitis
OTH = Other
PLEURAL = Pleural
PULMONARY = Pulmonary (lung parenchyma, tracheobronchial tree, larynx)
SPINE = Spine
UROGEN = Genito-urinary
",,,,,,,,,,,,,,1970-01-01,,3,7
"TUBE","MinorSiteOfTB","Minor site of the disease","There is no code ""PULMONARY"" in MinorSiteOfTB since pulmonary tuberculosis is always a major site. Disseminated tuberculosis includes : tuberculosis of more than two organ systems, miliary tuberculosis,tuberculosis in which M. tuberculosis complex has been isolated from the blood.","REF","No","No","BONEOTH = Bone/joint other than spine
CNSOTH = Central nervours system other than meningitis
DISSEM = Disseminated
EXTRAPULMNOTSPEC = Extrapulmonary, exact site is unknown
GASTROINTEST = Peritoneal/digestive
LYMPHEXTHOR = Lymphatic extrathoracic
LYMPHINTHOR = Lymphatic intrathoracic
MENING = Meningitis
OTH = Other
PLEURAL = Pleural
SPINE = Spine
UROGEN = Genito-urinary
",,,,,,,,,,,,,,1970-01-01,,3,8
"TUBE","HIVStatus","HIV status","HIV status; previous positive test.","REF","No","No","NEG = Negative
POS = Positive
",,,,,,,,,,,,,,1970-01-01,,3,9
"TUBE","DiagnosedAnteMortem","TB diagnosed ante-mortem","If ante-mortem diagnosis, should be coded as 1 (""TRUE""). If postmortem diagnosis, should be coded as 0 (""FALSE"").","BOOL","No","No",,,,,,,,,,,,,,,1970-01-01,,3,10
"TUBE","PrevDiagnosis","Previous diagnosis","Previous diagnosis of tuberculosis. The patient had Tuberculosis in any previous calendar year.","BOOL","No","No",,,,,,,,,,,,,,,1970-01-01,,3,11
"TUBE","PrevDiagnosisYear","Year of previous diagnosis","Year of previous diagnosis. If PrevDiagnosisYear is reported, then PrevDiagnosis = 1 (""TRUE""). PrevDiagnosisYear cannot be later than the DateUsedForStatistics. If PrevDiagnosisYear < 1951 then PrevTreatment = 0 (""FALSE"") and PrevTreatmentCompletion = ""NA"".","DATE","No","No",,,,,,,,"No",,,"yyyy",,,,1970-01-01,,3,12
"TUBE","EnrolledToTreatment","Enrolment to treatment","Patient started appropriate TB treatment according to international recommendations. Note: For MDR-TB cases should be reported the start of anti-TB treatment with second line drugs.","BOOL","No","No",,,,,,,,,,,,,,,1970-01-01,,3,13
"TUBE","PrevTreatment","Previous anti-TB drug treatment","Previous anti-TB drug treatment (at least one month of drug combination).","BOOL","No","No",,,,,,,,,,,,,,,1970-01-01,,3,14
"TUBE","PrevTreatmentCompletion","Completion of the previous treatment","Previous treatment is defined here as treatment for active tuberculosis for 1 month or more of combination of anti-tuberculosis drugs and excludes preventive chemotherapy. A patient is defined as having completed treatment if the course of treatment prescribed was completed and if the patient was officially discharged by the attending physician. It includes patients with both bacteriological proof of cure and patients with no culture or smear result available at the end of treatment. Default means interruption of treatment for 2 consecutive months. Failure means that bacteriology remained positive or became positive again at 5 months or later due treatment for non-MDR TB cases. Failure for MDR TB cases: treatment will be considered to have failed if two or more of the five  cultures recorded in the final 12 months of therapy are positive, or if any one of the final three cultures is positive.","REF","No","No","PREVTTCOMPL = Treatment of the previous TB episode completed
PREVTTDEF = Default from previous anti-TB treatment episode
PREVTTFAIL = Failure of previous anti-TB treatment episode
PREVTTNOCOMPL = Anti-TB treatment not completed in the previous episode (unspecified)
",,,,,,,,,,,,,,1970-01-01,,3,15
"TUBE","IsolateId","Isolate identifier","Unique identifier for each isolate within the data source / lab system related to the case.","TEXT","No","Yes",,,80,,,,,,,,,,,,1970-01-01,,4,1
"TUBE","Pathogen","Pathogen","Species determination within M. tuberculosis complex. Cases of TB due to M. bovis BCG should not be notified.","REF","No","No","MAFRICA = Mycobacterium africanum
MBOVIS = Mycobacterium bovis (except M. bovis BCG)
MCAPRAE = Mycobacterium caprae
MTUBE = Mycobacterium tuberculosis
MTUBECOMPOTH = Mycobacterium tuberculosis complex, not specified
",,,,,,,,,,,,,,1970-01-01,,4,2
"TUBE","ResultCulture","Result of the test for diagnosis","Whether or not the test was carried out for diagnosis of the disease and the result of the test. Culture done from any specimen should be reported. Report 1 (""TRUE"") if test positive or 0 (""FALSE"") if test negative for Mycobacterium  tuberculosis complex.","REF","Yes","No","NEG = Negative
NOTEST = Not tested
POS = Positive
",,,,,,,,,,,,,,1970-01-01,,4,3
"TUBE","ResultMicroscopyAFB","Result of test for acid-fast bacilli (AFB)","Microscopy result from any material investigated should be taken into account. Report 1 (""TRUE"") if test positive or 0 (""FALSE"") if test negative for acid-fast bacilli (AFB).","REF","Yes","No","NEG = Negative
NOTEST = Not tested
POS = Positive
",,,,,,,,,,,,,,1970-01-01,,4,4
"TUBE","ResultOtherTest","Additional lab test results","It should be only provided if the test was carried out. In other case it should be left empty.","REF","No","No","HISTOL = Detection of granulomata at histopathology
NONUCLA = No detection of nucleic acid
NONUCLAHISTOL = No detection of M. tuberculosis complex nucleic acid, but detection of granulomata at histopathology
NOTEST = No other test result available or performed
NUCLA = Detection of M. tuberculosis complex nucleic acid in any sample
NUCLAHISTOL = Detection of both nucleic acid and granulomata
",,,,,,,,,,,,,,1970-01-01,,4,5
"TUBE","SIR_AMK","Susceptibility to Amikacin","Susceptibility to Amikacin. Note: Any result from a CE-certified or accredited molecular diagnostic test/procedure/kit is accepted. The resistance pattern used at the initiation of the treatment should be reported irrespectively of the method used for drug susceptibility testing (DST) or resistance prediction.","REF","No","No","NOTEST = Not tested
R = Resistant
S = Susceptible
",,,,,,,,,,,,,,1970-01-01,,5,1
"TUBE","SIR_BDQ","Susceptibility to Bedaquiline","Susceptibility to Bedaquiline. Note: Any result from a CE-certified or accredited molecular diagnostic test/procedure/kit is accepted. The resistance pattern used at the initiation of the treatment should be reported irrespectively of the method used for drug susceptibility testing (DST) or resistance prediction.","REF","No","No","NOTEST = Not tested
R = Resistant
S = Susceptible
",,,,,,,,,,,,,,1970-01-01,,5,2
"TUBE","SIR_CLF","Susceptibility to Clofazimine","Susceptibility to Clofazimine. Susceptibility testing of the second-line anti-TB drugs should usually be done for MDR-TB cases. Note: Any result from a CE-certified or accredited molecular diagnostic test/procedure/kit is accepted. The resistance pattern used at the initiation of the treatment should be reported irrespectively of the method used for drug susceptibility testing (DST) or resistance prediction.","REF","No","No","NOTEST = Not tested
R = Resistant
S = Susceptible
",,,,,,,,,,,,,,1970-01-01,,5,3
"TUBE","SIR_DLM","Susceptibility to Delamanid","Susceptibility to Delamanid. Note: Any result from a CE-certified or accredited molecular diagnostic test/procedure/kit is accepted. The resistance pattern used at the initiation of the treatment should be reported irrespectively of the method used for drug susceptibility testing (DST) or resistance prediction.","REF","No","No","NOTEST = Not tested
R = Resistant
S = Susceptible
",,,,,,,,,,,,,,1970-01-01,,5,4
"TUBE","SIR_ETH","Susceptibility to Ethambutol","Susceptibility to Ethambutol. Note: Any result from a CE-certified or accredited molecular diagnostic test/procedure/kit is accepted. The resistance pattern used at the initiation of the treatment should be reported irrespectively of the method used for drug susceptibility testing (DST) or resistance prediction.","REF","No","No","NOTEST = Not tested
R = Resistant
S = Susceptible
",,,,,,,,,,,,,,1970-01-01,,5,5
"TUBE","SIR_ETI","Susceptibility to Ethionamide","Susceptibility to Ethionamide. Susceptibility testing of the second-line anti-TB drugs should usually be done for MDR-TB cases. Note: Any result from a CE-certified or accredited molecular diagnostic test/procedure/kit is accepted. The resistance pattern used at the initiation of the treatment should be reported irrespectively of the method used for drug susceptibility testing (DST) or resistance prediction.","REF","No","No","NOTEST = Not tested
R = Resistant
S = Susceptible
",,,,,,,,,,,,,,1970-01-01,,5,6
"TUBE","SIR_INH","Susceptibility to Isoniazid","Susceptibility to Isoniazid. Note: Any result from a CE-certified or accredited molecular diagnostic test/procedure/kit is accepted. The resistance pattern used at the initiation of the treatment should be reported irrespectively of the method used for drug susceptibility testing (DST) or resistance prediction.","REF","No","No","NOTEST = Not tested
R = Resistant
S = Susceptible
",,,,,,,,,,,,,,1970-01-01,,5,7
"TUBE","SIR_LNZ","Susceptibility to Linezolid","Susceptibility to Linezolid. Susceptibility testing of the second-line anti-TB drugs should usually be done for MDR-TB cases. Note: Any result from a CE-certified or accredited molecular diagnostic test/procedure/kit is accepted. The resistance pattern used at the initiation of the treatment should be reported irrespectively of the method used for drug susceptibility testing (DST) or resistance prediction.","REF","No","No","NOTEST = Not tested
R = Resistant
S = Susceptible
",,,,,,,,,,,,,,1970-01-01,,5,8
"TUBE","SIR_LVX","Susceptibility to Levofloxacin","Susceptibility to Levofloxacin. Note: Any result from a CE-certified or accredited molecular diagnostic test/procedure/kit is accepted. The resistance pattern used at the initiation of the treatment should be reported irrespectively of the method used for drug susceptibility testing (DST) or resistance prediction.","REF","No","No","NOTEST = Not tested
R = Resistant
S = Susceptible
",,,,,,,,,,,,,,1970-01-01,,5,9
"TUBE","SIR_MFX","Susceptibility to Moxifloxacin","Susceptibility to Moxifloxacin. Note: Any result from a CE-certified or accredited molecular diagnostic test/procedure/kit is accepted. The resistance pattern used at the initiation of the treatment should be reported irrespectively of the method used for drug susceptibility testing (DST) or resistance prediction.","REF","No","No","NOTEST = Not tested
R = Resistant
S = Susceptible
",,,,,,,,,,,,,,1970-01-01,,5,10
"TUBE","SIR_PTM","Susceptibility to Pretomanid","Susceptibility to Pretomanid. Note: Any result from a CE-certified or accredited molecular diagnostic test/procedure/kit is accepted. The resistance pattern used at the initiation of the treatment should be reported irrespectively of the method used for drug susceptibility testing (DST) or resistance prediction.","REF","No","No","NOTEST = Not tested
R = Resistant
S = Susceptible
",,,,,,,,,,,,,,1970-01-01,,5,11
"TUBE","SIR_PZA","Susceptibility to Pyrazinamide","Susceptibility to Pyrazinamide. Note: Any result from a CE-certified or accredited molecular diagnostic test/procedure/kit is accepted. The resistance pattern used at the initiation of the treatment should be reported irrespectively of the method used for drug susceptibility testing (DST) or resistance prediction.","REF","No","No","NOTEST = Not tested
R = Resistant
S = Susceptible
",,,,,,,,,,,,,,1970-01-01,,5,12
"TUBE","SIR_RIF","Susceptibility to Rifampicin","Susceptibility to Rifampicin. Note: Any result from a CE-certified or accredited molecular diagnostic test/procedure/kit is accepted. The resistance pattern used at the initiation of the treatment should be reported irrespectively of the method used for drug susceptibility testing (DST) or resistance prediction.","REF","No","No","NOTEST = Not tested
R = Resistant
S = Susceptible
",,,,,,,,,,,,,,1970-01-01,,5,13
"TUBE","SIR_STR","Susceptibility to Streptomycin","Susceptibility to Streptomycin. Susceptibility testing of the second-line anti-TB drugs should usually be done for MDR-TB cases. Note: Any result from a CE-certified or accredited molecular diagnostic test/procedure/kit is accepted. The resistance pattern used at the initiation of the treatment should be reported irrespectively of the method used for drug susceptibility testing (DST) or resistance prediction.","REF","No","No","NOTEST = Not tested
R = Resistant
S = Susceptible
",,,,,,,,,,,,,,1970-01-01,,5,14
"VCJD","Disease","Disease","The code of the disease that is being reported.","REF","No","No","VCJD = Variant Creutzfeldt-Jakob disease
",,,,,,,,,,,,,,1970-01-01,,,
"VCJD","ReportingCountry","Reporting country","The country reporting the record.","LOCATION","Yes","No","consult the location values in Location sheet",,,,,,,,,,,,"Yes","Country",1970-01-01,,,
"VCJD","Status","Status","The Status value is used to provide the functionality for a record within EpiPulse Cases database. Default value: NEW/UPDATE. If set to DELETE, the record with the specified NationalRecordId is deleted (invalidated) from EpiPulse Cases database, if it exists. If set to NEW/UPDATE, the record is inserted into the database: If the same NationalRecordId already exists for the same data source and subject code, then the current submitted record updates (replace) the existing one.","REF","No","No","DELETE = Delete a previously reported record.
NEW/UPDATE = Update a previously reported record (default).
",,,,,,,,,,,,,,1970-01-01,,,
"VCJD","SubjectCode","Subject code","SubjectCode is a reporting model for a disease/health topic - identifies the reporting structure and format of a record (case based or aggregate reporting).","REF","Yes","No","VCJD = Transmissible spongiform encephalopathies variant (CJD)
",,,,,,,,,,,,,,1970-01-01,,,
"VCJD","NationalRecordId","National record identifier","Unique identifier for each record within and across the specified surveillance system (data source) – selected and generated by the country reporting the record.","TEXT","Yes","No",,,80,,,,,,,,,,,,1970-01-01,,1,1
"VCJD","DataSource","Data source","The data source (surveillance system) that the record originates from. The DataSource value must be a special reference value from EpiPulse Cases metadata.","DATASOURCE","Yes","No","consult the data source values in DataSource sheet",,,,,,,,,,,,,,1970-01-01,,1,2
"VCJD","DateUsedForStatistics","Date used for statistics","The reference date used for standard reports that is compared to the reporting period. The date used for statistics can be any date that the reporting country finds applicable, e.g. date of notification, date of diagnosis or any other date.","DATE","Yes","No",,,,,,,,"No",,,"yyyy,yyyy-mm,yyyy-mm-dd,yyyy-Qq,yyyy-Www",,,,1970-01-01,,1,3
"VCJD","Age","Age","Age of patient in years as reported in the national system at the time of disease onset.","NUM","No","No",,,,0,125,,0,,,,,,,,1970-01-01,,2,1
"VCJD","Gender","Gender","Gender of the reported record.","REF","No","No","F = Female
M = Male
OTH = Other
",,,,,,,,,,,,,,1970-01-01,,2,2
"VCJD","PlaceOfResidence","Place of residence","Place of residence of patient at the time of disease onset. Select the most detailed NUTS level possible.","LOCATION","No","No","consult the location values in Location sheet",,,,,,,,,,,,"No","Country,NUTS1,NUTS2,NUTS3",1970-01-01,,2,3
"VCJD","PlaceOfNotification","Place of notification","Place of the first notification of the case to a regional authority. Select the most detailed NUTS level possible.","LOCATION","No","No","consult the location values in Location sheet",,,,,,,,,,,,"Yes","Country,NUTS1,NUTS2,NUTS3",1970-01-01,,2,4
"VCJD","ResidentialHistoryAbroad","Residential history abroad","Residence history in country/countries outside country of birth.","BOOL","No","No",,,,,,,,,,,,,,,1970-01-01,,2,5
"VCJD","ResidenceCountryAbroad","Residence country abroad","Cumulative residence in > 6 months outside the country of residence at the time of diagnosis during the period 1980 - 2000.","LOCATION","No","Yes","consult the location values in Location sheet",,,,,,,,,,,,"No","Country",1970-01-01,,2,6
"VCJD","DateOfOnset","Date of onset of disease","Date of onset of disease. Leave empty for asymptomatic cases.","DATE","No","No",,,,,,,,"No",,,"yyyy,yyyy-mm,yyyy-mm-dd","DateOfOnset,DateOfDiagnosis,DateOfNotification",,,1970-01-01,,3,1
"VCJD","DateOfDiagnosis","Date of diagnosis","First date of clinical or lab diagnosis. In case the DateOfOnset is missing this date is used for analysis.","DATE","No","No",,,,,,,,"No",,,"yyyy,yyyy-mm,yyyy-mm-dd","DateOfOnset,DateOfDiagnosis,DateOfNotification",,,1970-01-01,,3,2
"VCJD","DateOfNotification","Date of notification","Date when the case report is first notified to public health authorities.","DATE","No","No",,,,,,,,"No",,,"yyyy,yyyy-mm,yyyy-mm-dd","DateOfOnset,DateOfDiagnosis,DateOfNotification",,,1970-01-01,,3,3
"VCJD","EpiLink","Epidemiological link","Epidemiological link to a confirmed or probable TSE case, or a known source of TSE-infected material.","REF","No","No","BLOODTRANSFU = Blood transfusion
FAMILY = Multiple cases in a family
LAB = Occupational exposure in laboratory
N = No epidemiological link
NEUROSUR = Neurosurgery
OTH = Other epidemiological link
",,,,,,,,,,,,,,1970-01-01,,3,4
"VCJD","Outcome","Outcome of case","Information on whether the case is alive or deceased. The death should be due to the reported disease.","REF","No","No","A = Alive
D = Died
",,,,,,,,,,,,,,1970-01-01,,3,5
"VCJD","DateOfDeath","Date of death","Date of death.","DATE","No","No",,,,,,,,"No",,,"yyyy,yyyy-mm,yyyy-mm-dd,yyyy-Qq",,,,1970-01-01,,3,6
"VCJD","CaseClassification","Case classification","Case classification according to EU case definition.","REF","Yes","No","CONF = Confirmed
POSS = Possible
PROB = Probable
",,,,,,,,,,,,,,1970-01-01,,3,7
"VCJD","DateOfReferral","Date of referral","Month and year of referral to the CJD surveillance centre.","DATE","No","No",,,,,,,,"No",,,"yyyy,yyyy-mm,yyyy-mm-dd",,,,1970-01-01,,3,8
"VCJD","DurationOfIllness","Duration of illness","Duration of illness in months.","NUM","No","No",,,,0,999999999,,0,,,,,,,,1970-01-01,,3,9
"VCJD","FamilyHistoryOfvCJD","Family history of vCJD","History of a confirmed vCJD case in a family.","BOOL","No","No",,,,,,,,,,,,,,,1970-01-01,,3,10
"VCJD","GeneticEvidence","Genetic evidence","Evidence of a genetic form of transmissible spongiform encephalopathy.","BOOL","No","No",,,,,,,,,,,,,,,1970-01-01,,3,11
"VCJD","HumanProductsHistory","Human products history","History of exposure to human pituitary hormones or human dura mater graft.","BOOL","No","No",,,,,,,,,,,,,,,1970-01-01,,3,12
"VCJD","PlasmaProductRecipient","Plasma product recipient","Previous treatment with human plasma products.","BOOL","No","No",,,,,,,,,,,,,,,1970-01-01,,3,13
"VCJD","PRNPGeneAnalysed","PRNP gene analysed","Prion protein gene analysis performed.","BOOL","No","No",,,,,,,,,,,,,,,1970-01-01,,3,14
"VCJD","AlternativeDiagnosis","Alternative diagnosis","Alternative diagnosis available based on routine investigations.","BOOL","No","No",,,,,,,,,,,,,,,1970-01-01,,3,15
"VCJD","MyoclonusChoreaDystonia","Myoclonus or chorea or dystonia","Myoclonus or chorea or dystonia.","BOOL","No","No",,,,,,,,,,,,,,,1970-01-01,,3,16
"VCJD","Dementia","Dementia","Dementia.","BOOL","No","No",,,,,,,,,,,,,,,1970-01-01,,3,17
"VCJD","Ataxia","Ataxia","Ataxia.","BOOL","No","No",,,,,,,,,,,,,,,1970-01-01,,3,18
"VCJD","EarlyPsychSymptoms","Early psychiatric symptoms","Early psychiatric symptoms (e.g. depression, anxiety, apathy, withdrawal, delusions).","BOOL","No","No",,,,,,,,,,,,,,,1970-01-01,,3,19
"VCJD","NeuroPsychDisorder","Neuropsychiatric disorder","Any person with a progressive neuropsychiatric disorder with a duration of illness of at least 6 months.","BOOL","No","No",,,,,,,,,,,,,,,1970-01-01,,3,20
"VCJD","SensorySymptoms","Sensory symptoms","Persistent painful sensory symptoms, including both frank pain and/or dysaesthesia.","BOOL","No","No",,,,,,,,,,,,,,,1970-01-01,,3,21
"VCJD","BloodDonor","Blood donor","Blood donation in medical history.","BOOL","No","No",,,,,,,,,,,,,,,1970-01-01,,3,22
"VCJD","BloodTransfusionRecipient","Blood transfusion recipient","Blood transfusion in medical history.","BOOL","No","No",,,,,,,,,,,,,,,1970-01-01,,3,23
"VCJD","ResultPRNP129","Result PRNP 129","Prion protein polymorphism at codon 129.","REF","No","No","METMET = Methionine-methionine homozygous mutation
METVAL = Methionine-valine heterozygous mutation
PEND = Pending
VALVAL = Valine-valine homozygous mutation
",,,,,,,,,,,,,,1970-01-01,,4,1
"VCJD","ResultMRIScanReviewed","Result MRI scan reviewed","Magnetic resonance imaging reviewed.","BOOL","No","No",,,,,,,,,,,,,,,1970-01-01,,4,2
"VCJD","ResultMRI","Result MRI","Magnetic resonance imaging result.","REF","No","No","EQUI = Equivocal
NEG = Negative
NI = Technically not interpretable
NP = Not performed
POS = Positive: bilateral pulvinar high signal
",,,,,,,,,,,,,,1970-01-01,,4,3
"VCJD","ResultEEG","Result EEG","Interpretation of electroencephalography image.","REF","No","No","ATYP = Atypical: EEG does not show typical appearance of sporadic CJD
NORM = Normal
NP = Not performed
TYP = Typical: EEG shows typical appearance of sporadic CJD
",,,,,,,,,,,,,,1970-01-01,,4,4
"VCJD","ResultCSF","Result CSF 14-3-3","Detection of 14-3-3 protein in cerebrospinal fluid.","REF","No","No","NEG = Negative
NP = Not performed
POS = Positive
WEAK = Technically not interpretable
",,,,,,,,,,,,,,1970-01-01,,4,5
"VCJD","ResultTonsilBiopsy","Tonsil biopsy result","Tonsil biopsy result.","REF","No","No","EQUI = Equivocal
NEG = Negative
NI = Technically not interpretable
NP = Not performed
POS = Positive
",,,,,,,,,,,,,,1970-01-01,,4,6
"VCJD","ResultBrainPRPType","Result of brain PRP type","Brain prion protein type (result of Western Blot analysis).","REF","No","No","NEG = Negative
NP = Not performed
OTH = Other
TYP = Typical for vCJD
",,,,,,,,,,,,,,1970-01-01,,4,7
"VCJD","ResultBrainPathology","Result brain pathology","Brain histopathological result.","REF","No","No","EQUI = Neuropathological finding is suggestive but not fully positive, e.g. equivocal
NEG = Neuropathological finding is negative
NP = Not performed
POS = Neuropathological finding is positive: florid plaques
",,,,,,,,,,,,,,1970-01-01,,4,8
"WNF","Disease","Disease","The code of the disease that is being reported.","REF","No","No","WNF = West Nile virus infection
",,,,,,,,,,,,,,1970-01-01,,,
"WNF","ReportingCountry","Reporting country","The country reporting the record.","LOCATION","Yes","No","consult the location values in Location sheet",,,,,,,,,,,,"Yes","Country",1970-01-01,,,
"WNF","Status","Status","The Status value is used to provide the functionality for a record within EpiPulse Cases database. Default value: NEW/UPDATE. If set to DELETE, the record with the specified NationalRecordId is deleted (invalidated) from EpiPulse Cases database, if it exists. If set to NEW/UPDATE, the record is inserted into the database: If the same NationalRecordId already exists for the same data source and subject code, then the current submitted record updates (replace) the existing one.","REF","No","No","DELETE = Delete a previously reported record.
NEW/UPDATE = Update a previously reported record (default).
",,,,,,,,,,,,,,1970-01-01,,,
"WNF","SubjectCode","Record type","SubjectCode is a reporting model for a disease/health topic - identifies the reporting structure and format of a record (case based or aggregate reporting).","REF","Yes","No","WNF = West Nile virus infection
",,,,,,,,,,,,,,1970-01-01,,,
"WNF","NationalRecordId","National record identifier","Unique identifier for each record within and across the specified surveillance system (data source) – selected and generated by the country reporting the record.","TEXT","Yes","No",,,80,,,,,,,,,,,,1970-01-01,,1,1
"WNF","DataSource","Data source","The data source (surveillance system) that the record originates from. The DataSource value must be a special reference value from EpiPulse Cases metadata.","DATASOURCE","Yes","No","consult the data source values in DataSource sheet",,,,,,,,,,,,,,1970-01-01,,1,2
"WNF","DateUsedForStatistics","Date used for statistics","The reference date used for standard reports that is compared to the reporting period. The date used for statistics can be any date that the reporting country finds applicable, e.g. date of notification, date of diagnosis or any other date.","DATE","Yes","No",,,,,,,,"No",,,"yyyy,yyyy-mm,yyyy-mm-dd,yyyy-Qq,yyyy-Www",,,,1970-01-01,,1,3
"WNF","Age","Age","Age of patient in years as reported in the national system at the time of disease onset.","NUM","No","No",,,,0,125,,0,,,,,,,,1970-01-01,,2,1
"WNF","Gender","Gender","Gender of the reported record.","REF","No","No","F = Female
M = Male
OTH = Other
",,,,,,,,,,,,,,1970-01-01,,2,2
"WNF","DateOfOnset","Date of onset of disease","Date of onset of disease. Leave empty for asymptomatic cases.","DATE","No","No",,,,,,,,"No",,,"yyyy-mm,yyyy-mm-dd,yyyy-Www","DateOfOnset,DateOfDiagnosis,DateOfNotification",,,1970-01-01,,3,1
"WNF","DateOfDiagnosis","Date of diagnosis","First date of clinical or lab diagnosis. In case the DateOfOnset is missing this date is used for analysis.","DATE","No","No",,,,,,,,"No",,,"yyyy-mm,yyyy-mm-dd","DateOfOnset,DateOfDiagnosis,DateOfNotification",,,1970-01-01,,3,2
"WNF","DateOfNotification","Date of notification","Date when the case report is first notified to public health authorities.","DATE","No","No",,,,,,,,"No",,,"yyyy-mm,yyyy-mm-dd","DateOfOnset,DateOfDiagnosis,DateOfNotification",,,1970-01-01,,3,3
"WNF","Hospitalisation","Hospitalisation","History of hospitalisation due to the disease or related complications. Hospitalisation defined as at least one overnight stay.","BOOL","No","No",,,,,,,,,,,,,,,1970-01-01,,3,4
"WNF","DateOfHospitalisation","Date of hospitalisation","Date of hospitalisation.","DATE","No","No",,,,,,,,"No",,,"yyyy-mm,yyyy-mm-dd,yyyy-Www",,,,1970-01-01,,3,5
"WNF","Outcome","Outcome of case","Information on whether the case is alive or deceased. The death should be due to the reported disease.","REF","No","No","A = Alive
D = Died
",,,,,,,,,,,,,,1970-01-01,,3,6
"WNF","ClinicalCriteriaStatus","Clinical criteria status","The criteria for a clinical picture of the disease are met.","BOOL","No","No",,,,,,,,,,,,,,,1970-01-01,,3,7
"WNF","ClinicalCriteria","Clinical manifestation (criteria) of the case","The clinical manifestation of the disease according to EU case definition.","REF","No","No","ASY = Asymptomatic
NEURO = Neurological symptom(s)
OTH = Other
",,,,,,,,,,,,,,1970-01-01,,3,8
"WNF","EpiLinked","Epidemiological link criteria met","The criteria for an epidemiological link in the case definition is met.","BOOL","No","No",,,,,,,,,,,,,,,1970-01-01,,3,9
"WNF","Specimen","Specimen","The relevant specimen type used for diagnosis of the case.","REF","No","Yes","BLOOD = Blood
CSF = Cerebrospinal fluid
OTH = Other
URINE = Urine
",,,,,,,,,,,,,,1970-01-01,,3,10
"WNF","Pathogen","Pathogen","Lineage of the virus involved.","REF","No","No","WNV = West Nile virus, not specified
WNV1 = West Nile virus lineage 1
WNV2 = West Nile virus lineage 2
",,,,,,,,,,,,,,1970-01-01,,3,11
"WNF","PathogenDetectionMethod","Pathogen detection method","Pathogen detection method used to diagnose the case. More than one method can be reported.","REF","No","Yes","ISOV = Isolation of virus
NEU = Neutralisation
NUC = Nucleic acid amplification
OTH = Other
SIGM = Specific IgM-antibodies
",,,,,,,,,,,,,,1970-01-01,,3,12
"WNF","ModeOfTransmission","Mode of transmission","Suspected main mode of transmission.","REF","No","No","MOSQ = Mosquito bite
OTH = Other
SOHO = Transmission through substances of human origin (transfusion, transplantation, reproductive cell recipient or offspring)
",,,,,,,,,,,,,,1970-01-01,,3,13
"WNF","CaseClassification","Case classification","Case classification according to EU case definition.","REF","No","No","CONF = Confirmed
PROB = Probable
",,,,,,,,,,,,,,1970-01-01,,3,14
"WNF","Imported","Imported","Infection has occurred following exposure outside the reporting country during a time compatible with the incubation period of the infection.","BOOL","No","No",,,,,,,,,,,,,,,1970-01-01,,4,1
"WNF","PlaceOfResidence","Place of residence","Place of residence of patient at the time of disease onset. Select the most detailed NUTS(EU/EEA) or GAUL(nonEU/EEA) level possible.","LOCATION","No","No","consult the location values in Location sheet",,,,,,,,,,,,"No","Country,GAUL1,GAUL2,NUTS1,NUTS2,NUTS3",1970-01-01,,4,2
"WNF","PlaceOfNotification","Place of notification","Place of the first notification of the case to a regional authority. Select the most detailed NUTS(EU/EEA) or GAUL(nonEU/EEA) level possible.","LOCATION","No","No","consult the location values in Location sheet",,,,,,,,,,,,"Yes","Country,GAUL1,GAUL2,NUTS1,NUTS2,NUTS3",1970-01-01,,4,3
"WNF","PlaceOfInfection","Place of infection","The most probable place of infection should be provided at the NUTS 3 level. If the probable case of infection is not an EU/EEA country, then use GAUL nomenclature.","LOCATION","No","No","consult the location values in Location sheet",,,,,,,,,,,,"No","Country,GAUL1,GAUL2,NUTS1,NUTS2,NUTS3",1970-01-01,,4,4
"WNFAGGR","Disease","Disease","The code of the disease that is being reported.","REF","No","No","WNF = West Nile virus infection
",,,,,,,,,,,,,,1970-01-01,,,
"WNFAGGR","ReportingCountry","Reporting country","The country reporting the record.","LOCATION","Yes","No","consult the location values in Location sheet",,,,,,,,,,,,"Yes","Country",1970-01-01,,,
"WNFAGGR","SubjectCode","Subject code","SubjectCode is a reporting model for a disease/health topic - identifies the reporting structure and format of a record (case based or aggregate reporting).","REF","Yes","No","WNFAGGR = West Nile virus infection aggregated
",,,,,,,,,,,,,,1970-01-01,,,
"WNFAGGR","DataSource","Data source","The data source (surveillance system) that the record originates from. The DataSource value must be a special reference value from EpiPulse Cases metadata.","DATASOURCE","Yes","No","consult the data source values in DataSource sheet",,,,,,,,,,,,,,1970-01-01,,1,1
"WNFAGGR","DateUsedForStatistics","Date used for statistics","The reference date used for standard reports that is compared to the reporting period. The date used for statistics can be any date that the reporting country finds applicable, e.g. date of notification, date of diagnosis or any other date.","DATE","Yes","No",,,,,,,,"No",,,"yyyy,yyyy-mm,yyyy-Qq,yyyy-Www",,,,1970-01-01,,1,2
"WNFAGGR","AgeGroup","Age group","Age group of the reported record.","REF","No","No","Age00 = 0 years old
Age01_04 = 1 - 4 years old
Age05_09 = 5 - 9 years old
Age10_14 = 10 - 14 years old
Age15_19 = 15 - 19 years old
Age20_24 = 20 - 24 years old
Age25_29 = 25 - 29 years old
Age30_34 = 30 - 34 years old
Age35_39 = 35 - 39 years old
Age40_44 = 40 - 44 years old
Age45_49 = 45 - 49 years old
Age50_54 = 50 - 54 years old
Age55_59 = 55 - 59 years old
Age60_64 = 60 - 64 years old
Age65+ = 65+ years old
",,,,,,,,,,,,,,1970-01-01,,1,3
"WNFAGGR","Gender","Gender","Gender of the reported record.","REF","No","No","F = Female
M = Male
OTH = Other
",,,,,,,,,,,,,,1970-01-01,,1,4
"WNFAGGR","CaseClassification","Case classification","Case classification according to EU case definition.","REF","No","No","CONF = Confirmed
PROB = Probable
",,,,,,,,,,,,,,1970-01-01,,1,5
"WNFAGGR","Imported","Imported","Infection has occurred following exposure outside the reporting country during a time compatible with the incubation period of the infection.","BOOL","No","No",,,,,,,,,,,,,,,1970-01-01,,1,6
"WNFAGGR","NumberOfCases","Number of cases","Total number of cases during the reported period for the specified disease.","NUM","Yes","No",,,,0,999999999,,0,,,,,,,,1970-01-01,,1,7
"ZIKA","Disease","Disease","The code of the disease that is being reported.","REF","No","No","ZIKA = Zika virus disease
",,,,,,,,,,,,,,1970-01-01,,,
"ZIKA","ReportingCountry","Reporting country","The country reporting the record.","LOCATION","Yes","No","consult the location values in Location sheet",,,,,,,,,,,,"Yes","Country",1970-01-01,,,
"ZIKA","Status","Status","The Status value is used to provide the functionality for a record within EpiPulse Cases database. Default value: NEW/UPDATE. If set to DELETE, the record with the specified NationalRecordId is deleted (invalidated) from EpiPulse Cases database, if it exists. If set to NEW/UPDATE, the record is inserted into the database: If the same NationalRecordId already exists for the same data source and subject code, then the current submitted record updates (replace) the existing one.","REF","No","No","DELETE = Delete a previously reported record.
NEW/UPDATE = Update a previously reported record (default).
",,,,,,,,,,,,,,1970-01-01,,,
"ZIKA","SubjectCode","Record type","SubjectCode is a reporting model for a disease/health topic - identifies the reporting structure and format of a record (case based or aggregate reporting).","REF","Yes","No","ZIKA = Zika virus disease
",,,,,,,,,,,,,,1970-01-01,,,
"ZIKA","NationalRecordId","National record identifier","Unique identifier for each record within and across the specified surveillance system (data source) – selected and generated by the country reporting the record.","TEXT","Yes","No",,,80,,,,,,,,,,,,1970-01-01,,1,1
"ZIKA","DataSource","Data source","The data source (surveillance system) that the record originates from. The DataSource value must be a special reference value from EpiPulse Cases metadata.","DATASOURCE","Yes","No","consult the data source values in DataSource sheet",,,,,,,,,,,,,,1970-01-01,,1,2
"ZIKA","DateUsedForStatistics","Date used for statistics","The reference date used for standard reports that is compared to the reporting period. The date used for statistics can be any date that the reporting country finds applicable, e.g. date of notification, date of diagnosis or any other date.","DATE","Yes","No",,,,,,,,"No",,,"yyyy-mm,yyyy-mm-dd,yyyy-Www","DateOfOnset,DateUsedForStatistics",,,1970-01-01,,1,3
"ZIKA","Age","Age","Age of patient in years as reported in the national system at the time of disease onset.","NUM","No","No",,,,0,125,,0,,,,,,,,1970-01-01,,2,1
"ZIKA","AgeMonth","Age in months","Age of patient in months as reported in the national system for cases < 2 years of age at the time of disease onset.","NUM","No","No",,,,0,23,,0,,,,,,,,1970-01-01,,2,2
"ZIKA","Gender","Gender","Gender of the reported record.","REF","No","No","F = Female
M = Male
OTH = Other
",,,,,,,,,,,,,,1970-01-01,,2,3
"ZIKA","DateOfOnset","Date of onset of disease","Date of onset of disease. Leave empty for asymptomatic cases.","DATE","No","No",,,,,,,,"No",,,"yyyy-mm,yyyy-mm-dd,yyyy-Www","DateOfOnset,DateUsedForStatistics",,,1970-01-01,,3,1
"ZIKA","ModeOfTransmission","Mode of transmission","Suspected main mode of transmission.","REF","No","No","MOSQ = Mosquito bite
MTCT = Mother-to-child transmission
OTH = Other
SEX = Sexual transmission
SOHO = Transmission through substances of human origin (transfusion, transplantation, reproductive cell recipient or offspring)
",,,,,,,,,,,,,,1970-01-01,,3,2
"ZIKA","PathogenDetectionMethod","Pathogen detection method","Pathogen detection method used to diagnose the case. More than one method can be reported.","REF","No","Yes","ANTIGEN = Antigen detection
ISOV = Isolation of virus
NEU = Neutralisation
NUC = Nucleic acid amplification
OTH = Other
SCONV = Seroconversion or fourfold titre rise
SIGM = Specific IgM-antibodies
",,,,,,,,,,,,,,1970-01-01,,3,3
"ZIKA","CaseClassification","Case classification","Case classification according to EU case definition.","REF","No","No","CONF = Confirmed
PROB = Probable
",,,,,,,,,,,,,,1970-01-01,,3,4
"ZIKA","ClusterId","Cluster identification","Cluster identification code. Only required for autochthonous cases.","TEXT","No","No",,,80,,,,,,,,,,,,1970-01-01,,3,5
"ZIKA","Imported","Imported","Infection has occurred following exposure outside the continental part of the reporting country during a time compatible with the incubation period of the infection.","BOOL","No","No",,,,,,,,,,,,,,,1970-01-01,,4,1
"ZIKA","PlaceOfResidence","Place of residence","Place of residence of patient at the time of disease onset. Select the most detailed NUTS level possible.","LOCATION","No","No","consult the location values in Location sheet",,,,,,,,,,,,"No","Country,NUTS1,NUTS2,NUTS3",1970-01-01,,4,2
"ZIKA","PlaceOfNotification","Place of notification","Place of the first notification of the case to a regional authority. Select the most detailed NUTS level possible.","LOCATION","No","No","consult the location values in Location sheet",,,,,,,,,,,,"Yes","Country,NUTS1,NUTS2,NUTS3",1970-01-01,,4,3
"ZIKA","PlaceOfInfection","Place of infection","The probable place of infection should be provided at the lowest level possible, down to NUTS3 level. If the probable place of infection is not an EU/EEA country, then use GAUL nomenclature. Note this is a repeatable field.","LOCATION","No","Yes","consult the location values in Location sheet",,,,,,,,,,,,"No","Country,GAUL1,GAUL2,LAU,NUTS1,NUTS2,NUTS3",1970-01-01,,4,4
"ZIKA","Pregnancy","Pregnancy at the time of infection","Pregnancy at the time of infection.","BOOL","No","No",,,,,,,,,,,,,,,1970-01-01,,5,1
"ZIKA","OutcomeOfPregnancy","Outcome of pregnancy","Outcome of pregnancy. Pregnancy outcome can be updated at the end of the pregnancy.","REF","No","Yes","ALIVE = Healthy live birth
CNS = Other central nervous system abnormalities
MICRO = Microcephaly
MISC = Miscarriage
OTH = Other pregnancy outcome
STILL = Stillbirth
TOP = Termination of pregnancy
",,,,,,,,,,,,,,1970-01-01,,5,2
"ZIKAAGGR","Disease","Disease","The code of the disease that is being reported.","REF","No","No","ZIKA = Zika virus disease
",,,,,,,,,,,,,,1970-01-01,,,
"ZIKAAGGR","ReportingCountry","Reporting country","The country reporting the record.","LOCATION","Yes","No","consult the location values in Location sheet",,,,,,,,,,,,"Yes","Country",1970-01-01,,,
"ZIKAAGGR","SubjectCode","Subject code","SubjectCode is a reporting model for a disease/health topic - identifies the reporting structure and format of a record (case based or aggregate reporting).","REF","Yes","No","ZIKAAGGR = Zika virus disease aggregated
",,,,,,,,,,,,,,1970-01-01,,,
"ZIKAAGGR","DataSource","Data source","The data source (surveillance system) that the record originates from. The DataSource value must be a special reference value from EpiPulse Cases metadata.","DATASOURCE","Yes","No","consult the data source values in DataSource sheet",,,,,,,,,,,,,,1970-01-01,,1,1
"ZIKAAGGR","DateUsedForStatistics","Date used for statistics","The reference date used for standard reports that is compared to the reporting period. The date used for statistics can be any date that the reporting country finds applicable, e.g. date of notification, date of diagnosis or any other date.","DATE","Yes","No",,,,,,,,"No",,,"yyyy,yyyy-mm,yyyy-Qq,yyyy-Www",,,,1970-01-01,,1,2
"ZIKAAGGR","AgeGroup","Age group","Age group of the reported record.","REF","No","No","Age00 = 0 years old
Age01_04 = 1 - 4 years old
Age05_09 = 5 - 9 years old
Age10_14 = 10 - 14 years old
Age15_19 = 15 - 19 years old
Age20_24 = 20 - 24 years old
Age25_29 = 25 - 29 years old
Age30_34 = 30 - 34 years old
Age35_39 = 35 - 39 years old
Age40_44 = 40 - 44 years old
Age45_49 = 45 - 49 years old
Age50_54 = 50 - 54 years old
Age55_59 = 55 - 59 years old
Age60_64 = 60 - 64 years old
Age65+ = 65+ years old
",,,,,,,,,,,,,,1970-01-01,,1,3
"ZIKAAGGR","Gender","Gender","Gender of the reported record.","REF","No","No","F = Female
M = Male
OTH = Other
",,,,,,,,,,,,,,1970-01-01,,1,4
"ZIKAAGGR","Pregnancy","Pregnancy at the time of infection","Pregnancy at the time of infection.","BOOL","No","No",,,,,,,,,,,,,,,1970-01-01,,1,5
"ZIKAAGGR","CaseClassification","Case classification","Case classification according to EU case definition.","REF","No","No","CONF = Confirmed
PROB = Probable
",,,,,,,,,,,,,,1970-01-01,,1,6
"ZIKAAGGR","Imported","Imported","Infection has occurred following exposure outside the reporting country during a time compatible with the incubation period of the infection.","BOOL","No","No",,,,,,,,,,,,,,,1970-01-01,,1,7
"ZIKAAGGR","VectorActiveArea","Cases resident in vector active (receptive) areas","Cases resident in vector active (receptive) areas.","BOOL","No","No",,,,,,,,,,,,,,,1970-01-01,,1,8
"ZIKAAGGR","NumberOfCases","Number of cases","Total number of cases during the reported period for the specified disease.","NUM","Yes","No",,,,0,999999999,,0,,,,,,,,1970-01-01,,1,9
